location_name,timestamp,wave_height,wave_period,wave_direction,precipitation,wind_speed,tidal_height_m,coastal_slope_deg,latitude,longitude,erosion_risk
Panambur_Beach,2026-01-01,0.5029,7.8717,245.5167,1.1,9.5292,0.7299,2.66,12.9482,74.8074,Moderate
Sasihithlu_Beach,2026-01-01,0.4854,7.5446,254.4208,1.3,8.9833,0.7299,2.66,13.0189,74.7932,Low
Ullal_Beach,2026-01-01,0.5238,7.5662,252.0125,0.4,9.375,0.7871,1.85,12.8153,74.8451,High
Panambur_Beach,2026-01-02,0.5958,7.3938,264.0458,0.0,11.5292,0.7246,2.66,12.9482,74.8074,Moderate
Sasihithlu_Beach,2026-01-02,0.5629,7.2712,265.525,0.0,11.1458,0.7246,2.66,13.0189,74.7932,Low
Ullal_Beach,2026-01-02,0.6225,7.1083,269.6667,0.0,11.5542,0.7933,1.85,12.8153,74.8451,High
Panambur_Beach,2026-01-03,0.5721,8.0871,240.375,1.6,8.2917,0.7197,2.66,12.9482,74.8074,Moderate
Sasihithlu_Beach,2026-01-03,0.5671,8.0317,242.6583,1.5,8.0208,0.7197,2.66,13.0189,74.7932,Low
Ullal_Beach,2026-01-03,0.5808,7.9117,242.8417,2.4,8.9167,0.7925,1.85,12.8153,74.8451,High
Panambur_Beach,2026-01-04,0.6238,9.2708,219.2083,0.0,7.5917,0.7144,2.66,12.9482,74.8074,Moderate
Sasihithlu_Beach,2026-01-04,0.6083,8.7758,231.1875,0.0,7.2667,0.7144,2.66,13.0189,74.7932,Low
Ullal_Beach,2026-01-04,0.6625,8.9788,221.6,0.0,8.2583,0.7992,1.85,12.8153,74.8451,High
Panambur_Beach,2026-01-05,0.9704,8.1725,251.9167,0.6,12.3208,0.7093,2.66,12.9482,74.8074,Moderate
Sasihithlu_Beach,2026-01-05,0.9433,7.9696,260.0417,0.4,11.7667,0.7093,2.66,13.0189,74.7932,Low
Ullal_Beach,2026-01-05,0.9179,8.0688,252.2792,0.1,12.5458,0.8,1.85,12.8153,74.8451,High
Panambur_Beach,2026-01-06,2.6125,9.1779,263.8625,18.7,17.9708,0.704,2.66,12.9482,74.8074,Moderate
Sasihithlu_Beach,2026-01-06,2.4271,9.1867,262.475,18.9,17.725,0.704,2.66,13.0189,74.7932,Low
Ullal_Beach,2026-01-06,2.7296,9.2658,264.4208,17.2,18.8958,0.8104,1.85,12.8153,74.8451,High
Panambur_Beach,2026-01-07,2.5258,9.2133,270.0708,33.4,8.3792,0.6989,2.66,12.9482,74.8074,Moderate
Sasihithlu_Beach,2026-01-07,2.5183,9.2008,269.2708,36.5,7.8708,0.6989,2.66,13.0189,74.7932,Low
Ullal_Beach,2026-01-07,2.51,9.2417,269.9583,24.8,8.6292,0.8108,1.85,12.8153,74.8451,High
Panambur_Beach,2026-01-08,2.1588,8.5883,268.7958,57.6,12.3083,0.6936,2.66,12.9482,74.8074,Moderate
Sasihithlu_Beach,2026-01-08,2.0517,8.6192,267.5833,56.9,12.0083,0.6936,2.66,13.0189,74.7932,Low
Ullal_Beach,2026-01-08,2.1204,8.6388,269.9708,60.4,11.6417,0.8142,1.85,12.8153,74.8451,High
Panambur_Beach,2026-01-09,1.2608,8.4688,255.7542,2.8,12.0417,0.6884,2.66,12.9482,74.8074,Moderate
Sasihithlu_Beach,2026-01-09,1.2762,8.3679,256.5083,3.2,11.925,0.6884,2.66,13.0189,74.7932,Low
Ullal_Beach,2026-01-09,1.2917,8.2925,257.375,5.0,11.8042,0.8112,1.85,12.8153,74.8451,High
Panambur_Beach,2026-01-10,0.8546,8.8338,224.9208,1.2,8.2,0.6833,2.66,12.9482,74.8074,Moderate
Sasihithlu_Beach,2026-01-10,0.8446,8.6046,226.9167,1.2,7.975,0.6833,2.66,13.0189,74.7932,Low
Ullal_Beach,2026-01-10,0.9329,8.4767,232.5875,1.3,8.2917,0.81,1.85,12.8153,74.8451,High
Panambur_Beach,2026-01-11,0.4971,9.5129,205.0292,1.5,4.9542,0.678,2.66,12.9482,74.8074,Moderate
Sasihithlu_Beach,2026-01-11,0.4675,9.4725,208.2417,2.6,4.5375,0.678,2.66,13.0189,74.7932,Low
Ullal_Beach,2026-01-11,0.4967,9.0262,206.8375,0.8,5.5625,0.8021,1.85,12.8153,74.8451,High
Panambur_Beach,2026-01-12,0.5112,8.9683,222.9958,0.0,10.6208,0.6729,2.66,12.9482,74.8074,Moderate
Sasihithlu_Beach,2026-01-12,0.5204,8.6142,236.3583,0.0,9.9667,0.6729,2.66,13.0189,74.7932,Low
Ullal_Beach,2026-01-12,0.5325,8.5171,224.7625,0.0,11.6833,0.7996,1.85,12.8153,74.8451,High
Panambur_Beach,2026-01-13,0.5129,7.6967,250.1042,0.0,8.225,0.7279,2.66,12.9482,74.8074,Moderate
Sasihithlu_Beach,2026-01-13,0.505,7.4317,256.8958,0.0,8.0125,0.7279,2.66,13.0189,74.7932,Low
Ullal_Beach,2026-01-13,0.5317,7.4188,256.9042,0.0,8.875,0.7904,1.85,12.8153,74.8451,High
Panambur_Beach,2026-01-14,0.535,7.6562,255.6583,0.0,10.6083,0.7277,2.66,12.9482,74.8074,Moderate
Sasihithlu_Beach,2026-01-14,0.5021,7.6454,252.4167,0.0,10.1875,0.7277,2.66,13.0189,74.7932,Low
Ullal_Beach,2026-01-14,0.5387,7.3367,257.9792,0.0,10.525,0.7867,1.85,12.8153,74.8451,High
Panambur_Beach,2026-01-15,0.5508,7.5758,258.3125,0.0,9.8125,0.7275,2.66,12.9482,74.8074,Moderate
Sasihithlu_Beach,2026-01-15,0.5167,7.4704,256.5833,0.0,9.15,0.7275,2.66,13.0189,74.7932,Low
Ullal_Beach,2026-01-15,0.5321,7.4275,255.6792,0.0,10.625,0.7867,1.85,12.8153,74.8451,High
Panambur_Beach,2026-01-16,0.5512,7.3246,265.5208,0.2,13.9042,0.7274,2.66,12.9482,74.8074,Moderate
Sasihithlu_Beach,2026-01-16,0.5333,7.3121,261.8333,0.1,13.425,0.7274,2.66,13.0189,74.7932,Low
Ullal_Beach,2026-01-16,0.5667,7.1212,266.8667,0.2,13.5375,0.7887,1.85,12.8153,74.8451,High
Panambur_Beach,2026-01-17,0.5629,7.4646,260.9667,0.0,14.5875,0.7272,2.66,12.9482,74.8074,Moderate
Sasihithlu_Beach,2026-01-17,0.5346,7.4212,261.625,0.0,14.2917,0.7272,2.66,13.0189,74.7932,Low
Ullal_Beach,2026-01-17,0.5688,7.2679,263.1,0.0,14.125,0.7929,1.85,12.8153,74.8451,High
Panambur_Beach,2026-01-18,0.5446,7.5471,257.5167,0.0,10.6458,0.727,2.66,12.9482,74.8074,Moderate
Sasihithlu_Beach,2026-01-18,0.5183,7.4112,257.8667,0.0,10.6208,0.727,2.66,13.0189,74.7932,Low
Ullal_Beach,2026-01-18,0.5508,7.3179,258.2708,0.0,10.2375,0.7992,1.85,12.8153,74.8451,High
Panambur_Beach,2026-01-19,0.5317,7.61,252.4167,0.0,10.0417,0.7268,2.66,12.9482,74.8074,Moderate
Sasihithlu_Beach,2026-01-19,0.5279,7.4296,259.0292,0.0,9.6042,0.7268,2.66,13.0189,74.7932,Low
Ullal_Beach,2026-01-19,0.5612,7.2467,261.1,0.1,10.6708,0.8046,1.85,12.8153,74.8451,High
Panambur_Beach,2026-01-20,0.5175,7.6483,252.1042,0.4,8.8333,0.7267,2.66,12.9482,74.8074,Moderate
Sasihithlu_Beach,2026-01-20,0.4958,7.5275,258.0375,0.7,9.1917,0.7267,2.66,13.0189,74.7932,Low
Ullal_Beach,2026-01-20,0.5246,7.3733,255.8625,0.1,7.9333,0.81,1.85,12.8153,74.8451,High
Panambur_Beach,2026-01-21,0.5321,7.5962,256.5333,0.0,11.6292,0.7265,2.66,12.9482,74.8074,Moderate
Sasihithlu_Beach,2026-01-21,0.5075,7.5412,256.6375,0.0,11.7667,0.7265,2.66,13.0189,74.7932,Low
Ullal_Beach,2026-01-21,0.5429,7.4892,253.2333,0.0,10.925,0.8133,1.85,12.8153,74.8451,High
Panambur_Beach,2026-01-22,0.5233,7.7792,250.2,0.0,11.9667,0.7263,2.66,12.9482,74.8074,Moderate
Sasihithlu_Beach,2026-01-22,0.5,7.6625,255.4042,0.0,11.6,0.7263,2.66,13.0189,74.7932,Low
Ullal_Beach,2026-01-22,0.5267,7.5804,251.5208,0.0,11.9542,0.815,1.85,12.8153,74.8451,High
Panambur_Beach,2026-01-23,0.5121,7.6367,253.6792,0.0,9.3667,0.7262,2.66,12.9482,74.8074,Moderate
Sasihithlu_Beach,2026-01-23,0.4996,7.7604,250.9042,0.0,8.2833,0.7262,2.66,13.0189,74.7932,Low
Ullal_Beach,2026-01-23,0.5267,7.5783,252.55,0.0,11.2625,0.8125,1.85,12.8153,74.8451,High
Panambur_Beach,2026-01-24,0.5042,7.8142,247.5583,0.0,8.9583,0.726,2.66,12.9482,74.8074,Moderate
Sasihithlu_Beach,2026-01-24,0.4867,7.6767,251.1292,0.0,8.2625,0.726,2.66,13.0189,74.7932,Low
Ullal_Beach,2026-01-24,0.5121,7.5479,249.8,0.0,10.3625,0.81,1.85,12.8153,74.8451,High
Panambur_Beach,2026-01-25,0.5138,7.8108,245.8917,0.0,7.375,0.7258,2.66,12.9482,74.8074,Moderate
Sasihithlu_Beach,2026-01-25,0.4954,7.9004,247.8375,0.0,6.9042,0.7258,2.66,13.0189,74.7932,Low
Ullal_Beach,2026-01-25,0.5217,7.6129,249.3458,0.0,8.1667,0.8054,1.85,12.8153,74.8451,High
Panambur_Beach,2026-01-26,0.5196,7.8708,250.0125,0.0,9.25,0.7257,2.66,12.9482,74.8074,Moderate
Sasihithlu_Beach,2026-01-26,0.4929,7.8058,247.9375,0.0,8.7583,0.7257,2.66,13.0189,74.7932,Low
Ullal_Beach,2026-01-26,0.5183,7.665,249.025,0.0,9.15,0.7992,1.85,12.8153,74.8451,High
Panambur_Beach,2026-01-27,0.53,7.8896,249.35,0.0,8.85,0.7255,2.66,12.9482,74.8074,Moderate
Sasihithlu_Beach,2026-01-27,0.5042,7.5854,254.1458,0.1,8.3833,0.7255,2.66,13.0189,74.7932,Low
Ullal_Beach,2026-01-27,0.5262,7.5708,252.0208,0.3,9.4375,0.7929,1.85,12.8153,74.8451,High
Panambur_Beach,2026-01-28,0.5046,7.6446,250.0042,1.0,7.8417,0.7253,2.66,12.9482,74.8074,Moderate
Sasihithlu_Beach,2026-01-28,0.5129,7.5742,256.3042,0.8,7.6,0.7253,2.66,13.0189,74.7932,Low
Ullal_Beach,2026-01-28,0.5304,7.4696,252.2208,1.1,7.7125,0.7892,1.85,12.8153,74.8451,High
Panambur_Beach,2026-01-29,0.5483,7.3104,264.1583,0.1,11.6833,0.7251,2.66,12.9482,74.8074,Moderate
Sasihithlu_Beach,2026-01-29,0.5183,7.4183,259.8083,0.1,10.9792,0.7251,2.66,13.0189,74.7932,Low
Ullal_Beach,2026-01-29,0.5604,7.3329,262.0083,0.2,11.6833,0.7867,1.85,12.8153,74.8451,High
Panambur_Beach,2026-01-30,0.5592,7.4408,261.7542,0.0,13.575,0.725,2.66,12.9482,74.8074,Moderate
Sasihithlu_Beach,2026-01-30,0.5396,7.4988,261.4792,0.0,13.0458,0.725,2.66,13.0189,74.7932,Low
Ullal_Beach,2026-01-30,0.55,7.3633,259.2,0.0,13.5292,0.7875,1.85,12.8153,74.8451,High
Panambur_Beach,2026-01-31,0.5483,7.4188,260.7833,0.0,13.8083,0.7248,2.66,12.9482,74.8074,Moderate
Sasihithlu_Beach,2026-01-31,0.53,7.4892,259.2292,0.0,13.2542,0.7248,2.66,13.0189,74.7932,Low
Ullal_Beach,2026-01-31,0.56,7.2438,263.1083,0.0,13.5708,0.7892,1.85,12.8153,74.8451,High
Panambur_Beach,2026-02-01,0.5392,7.5808,253.3375,0.8,8.7542,0.7297,2.66,12.9482,74.8074,Moderate
Sasihithlu_Beach,2026-02-01,0.5283,7.4692,258.9625,0.6,8.3333,0.7297,2.66,13.0189,74.7932,Low
Ullal_Beach,2026-02-01,0.565,7.4375,257.0625,0.6,9.0,0.7908,1.85,12.8153,74.8451,High
Panambur_Beach,2026-02-02,0.5983,7.2996,266.2708,0.8,10.45,0.7245,2.66,12.9482,74.8074,Moderate
Sasihithlu_Beach,2026-02-02,0.5729,7.2833,268.2167,0.3,10.0958,0.7245,2.66,13.0189,74.7932,Low
Ullal_Beach,2026-02-02,0.6192,7.2342,266.9,0.7,10.2875,0.7992,1.85,12.8153,74.8451,High
Panambur_Beach,2026-02-03,0.5383,8.0296,235.4458,11.1,7.0333,0.7195,2.66,12.9482,74.8074,Moderate
Sasihithlu_Beach,2026-02-03,0.5238,8.2292,235.2,12.9,7.1333,0.7195,2.66,13.0189,74.7932,Low
Ullal_Beach,2026-02-03,0.5579,7.9358,235.2875,9.8,7.2708,0.7967,1.85,12.8153,74.8451,High
Panambur_Beach,2026-02-04,0.6425,8.9258,226.1917,0.0,10.6958,0.7142,2.66,12.9482,74.8074,Moderate
Sasihithlu_Beach,2026-02-04,0.6042,8.8054,229.3375,0.0,10.5583,0.7142,2.66,13.0189,74.7932,Low
Ullal_Beach,2026-02-04,0.6788,8.875,225.375,0.0,10.25,0.805,1.85,12.8153,74.8451,High
Panambur_Beach,2026-02-05,0.985,7.9154,254.1792,0.5,13.05,0.7091,2.66,12.9482,74.8074,Moderate
Sasihithlu_Beach,2026-02-05,0.9617,7.5329,261.5125,0.4,12.6167,0.7091,2.66,13.0189,74.7932,Low
Ullal_Beach,2026-02-05,0.9575,7.6838,260.0583,0.1,13.2958,0.8058,1.85,12.8153,74.8451,High
Panambur_Beach,2026-02-06,3.13,9.2333,263.0333,46.9,19.9792,0.7039,2.66,12.9482,74.8074,High
Sasihithlu_Beach,2026-02-06,2.8108,9.1138,261.125,42.0,19.9083,0.7039,2.66,13.0189,74.7932,Moderate
Ullal_Beach,2026-02-06,2.8717,9.2808,262.7,35.5,19.4833,0.8117,1.85,12.8153,74.8451,High
Panambur_Beach,2026-02-07,2.5942,9.2604,269.6083,51.5,10.65,0.6987,2.66,12.9482,74.8074,Moderate
Sasihithlu_Beach,2026-02-07,2.6442,9.2912,269.075,52.7,10.1833,0.6987,2.66,13.0189,74.7932,Low
Ullal_Beach,2026-02-07,2.6762,9.1979,271.4625,45.9,10.8083,0.8138,1.85,12.8153,74.8451,High
Panambur_Beach,2026-02-08,2.2275,8.5683,266.4417,89.5,14.6,0.6935,2.66,12.9482,74.8074,Moderate
Sasihithlu_Beach,2026-02-08,2.1288,8.5929,266.4583,90.5,14.2667,0.6935,2.66,13.0189,74.7932,Low
Ullal_Beach,2026-02-08,2.2508,8.535,268.0333,77.8,14.5958,0.8117,1.85,12.8153,74.8451,High
Panambur_Beach,2026-02-09,1.3262,8.4317,256.7458,20.9,12.7458,0.6882,2.66,12.9482,74.8074,Moderate
Sasihithlu_Beach,2026-02-09,1.2633,8.4492,255.3,22.0,12.425,0.6882,2.66,13.0189,74.7932,Low
Ullal_Beach,2026-02-09,1.3583,8.3062,258.2333,16.8,12.6167,0.8067,1.85,12.8153,74.8451,High
Panambur_Beach,2026-02-10,0.8617,8.7687,225.4667,1.8,6.7917,0.6831,2.66,12.9482,74.8074,Moderate
Sasihithlu_Beach,2026-02-10,0.815,8.6988,225.7583,2.0,6.575,0.6831,2.66,13.0189,74.7932,Low
Ullal_Beach,2026-02-10,1.0117,8.4179,231.2958,0.8,7.3083,0.8042,1.85,12.8153,74.8451,High
Panambur_Beach,2026-02-11,0.4812,9.3362,205.8208,2.2,4.8417,0.6778,2.66,12.9482,74.8074,Moderate
Sasihithlu_Beach,2026-02-11,0.4717,9.44,206.4125,2.4,4.7417,0.6778,2.66,13.0189,74.7932,Low
Ullal_Beach,2026-02-11,0.4983,9.2983,204.1417,2.3,4.9833,0.7954,1.85,12.8153,74.8451,High
Panambur_Beach,2026-02-12,0.5183,9.1571,226.4167,0.0,9.3667,0.6727,2.66,12.9482,74.8074,Moderate
Sasihithlu_Beach,2026-02-12,0.5046,8.7179,234.9583,0.0,7.9333,0.6727,2.66,13.0189,74.7932,Low
Ullal_Beach,2026-02-12,0.5238,8.4725,229.1083,0.0,11.1333,0.7933,1.85,12.8153,74.8451,High
Panambur_Beach,2026-02-13,0.5867,7.9,251.9042,0.0,9.325,0.7226,2.66,12.9482,74.8074,Moderate
Sasihithlu_Beach,2026-02-13,0.5442,7.725,255.9208,0.0,8.9417,0.7226,2.66,13.0189,74.7932,Low
Ullal_Beach,2026-02-13,0.5988,7.48,263.275,0.0,9.7667,0.7862,1.85,12.8153,74.8451,High
Panambur_Beach,2026-02-14,0.5821,7.7717,258.5417,0.0,6.8333,0.7224,2.66,12.9482,74.8074,Moderate
Sasihithlu_Beach,2026-02-14,0.5517,7.8671,257.3083,0.0,6.7417,0.7224,2.66,13.0189,74.7932,Low
Ullal_Beach,2026-02-14,0.6225,7.29,266.1333,0.0,7.3542,0.7879,1.85,12.8153,74.8451,High
Panambur_Beach,2026-02-15,0.5821,7.7979,254.5125,0.0,8.1667,0.7222,2.66,12.9482,74.8074,Moderate
Sasihithlu_Beach,2026-02-15,0.5446,7.7221,256.8,0.0,7.9125,0.7222,2.66,13.0189,74.7932,Low
Ullal_Beach,2026-02-15,0.6158,7.2121,268.2208,0.0,8.4042,0.7892,1.85,12.8153,74.8451,High
Panambur_Beach,2026-02-16,0.5854,7.9054,256.1292,0.0,8.05,0.7221,2.66,12.9482,74.8074,Moderate
Sasihithlu_Beach,2026-02-16,0.5546,7.8225,256.5542,0.0,7.8667,0.7221,2.66,13.0189,74.7932,Low
Ullal_Beach,2026-02-16,0.62,7.0871,270.5125,0.0,8.5875,0.7946,1.85,12.8153,74.8451,High
Panambur_Beach,2026-02-17,0.5842,7.8896,254.5,0.0,9.3875,0.7219,2.66,12.9482,74.8074,Moderate
Sasihithlu_Beach,2026-02-17,0.5671,7.4721,264.6792,0.0,8.9042,0.7219,2.66,13.0189,74.7932,Low
Ullal_Beach,2026-02-17,0.5896,7.3442,260.4583,0.0,9.9792,0.8012,1.85,12.8153,74.8451,High
Panambur_Beach,2026-02-18,0.5808,7.8962,252.2958,0.0,10.3208,0.7217,2.66,12.9482,74.8074,Moderate
Sasihithlu_Beach,2026-02-18,0.5462,7.8767,254.2667,0.0,8.9667,0.7217,2.66,13.0189,74.7932,Low
Ullal_Beach,2026-02-18,0.6063,7.3667,264.6333,0.0,10.7917,0.8062,1.85,12.8153,74.8451,High
Panambur_Beach,2026-02-19,0.5775,7.8192,256.45,0.0,7.8542,0.7216,2.66,12.9482,74.8074,Moderate
Sasihithlu_Beach,2026-02-19,0.5479,7.7721,256.7917,0.0,7.4625,0.7216,2.66,13.0189,74.7932,Low
Ullal_Beach,2026-02-19,0.6233,7.3042,265.4958,0.0,8.8042,0.8112,1.85,12.8153,74.8451,High
Panambur_Beach,2026-02-20,0.5804,7.73,258.8875,0.0,9.5125,0.7214,2.66,12.9482,74.8074,Moderate
Sasihithlu_Beach,2026-02-20,0.5496,7.7667,255.0167,0.0,8.9125,0.7214,2.66,13.0189,74.7932,Low
Ullal_Beach,2026-02-20,0.5967,7.2554,263.9333,0.0,9.775,0.8142,1.85,12.8153,74.8451,High
Panambur_Beach,2026-02-21,0.5812,7.7988,256.4708,0.0,8.5833,0.7212,2.66,12.9482,74.8074,Moderate
Sasihithlu_Beach,2026-02-21,0.5642,7.6821,260.5,0.0,8.2292,0.7212,2.66,13.0189,74.7932,Low
Ullal_Beach,2026-02-21,0.6162,7.3133,267.95,0.0,8.7375,0.8138,1.85,12.8153,74.8451,High
Panambur_Beach,2026-02-22,0.5858,7.95,253.4,0.0,7.4333,0.7211,2.66,12.9482,74.8074,Moderate
Sasihithlu_Beach,2026-02-22,0.5533,7.7208,259.975,0.0,7.15,0.7211,2.66,13.0189,74.7932,Low
Ullal_Beach,2026-02-22,0.6063,7.2583,267.975,0.0,8.7,0.8129,1.85,12.8153,74.8451,High
Panambur_Beach,2026-02-23,0.5783,7.8883,252.5875,0.0,9.8167,0.7209,2.66,12.9482,74.8074,Moderate
Sasihithlu_Beach,2026-02-23,0.5404,7.8279,253.325,0.0,9.2542,0.7209,2.66,13.0189,74.7932,Low
Ullal_Beach,2026-02-23,0.6025,7.2129,265.1542,0.0,9.2875,0.8079,1.85,12.8153,74.8451,High
Panambur_Beach,2026-02-24,0.5892,7.6075,261.975,0.0,7.9292,0.7207,2.66,12.9482,74.8074,Moderate
Sasihithlu_Beach,2026-02-24,0.5446,7.6208,259.6958,0.0,7.2042,0.7207,2.66,13.0189,74.7932,Low
Ullal_Beach,2026-02-24,0.6125,7.2533,269.1208,0.0,8.8542,0.8025,1.85,12.8153,74.8451,High
Panambur_Beach,2026-02-25,0.5879,7.7704,256.2667,0.0,8.1167,0.7205,2.66,12.9482,74.8074,Moderate
Sasihithlu_Beach,2026-02-25,0.5562,7.5838,260.6917,0.0,7.8292,0.7205,2.66,13.0189,74.7932,Low
Ullal_Beach,2026-02-25,0.605,7.3062,263.625,0.0,8.1917,0.7962,1.85,12.8153,74.8451,High
Panambur_Beach,2026-02-26,0.5938,7.5392,262.05,0.0,8.45,0.7204,2.66,12.9482,74.8074,Moderate
Sasihithlu_Beach,2026-02-26,0.5562,7.5821,258.7375,0.0,8.2875,0.7204,2.66,13.0189,74.7932,Low
Ullal_Beach,2026-02-26,0.5929,7.1517,266.9792,0.0,8.6083,0.79,1.85,12.8153,74.8451,High
Panambur_Beach,2026-02-27,0.585,7.7225,256.95,1.5,7.6042,0.7202,2.66,12.9482,74.8074,Moderate
Sasihithlu_Beach,2026-02-27,0.5579,7.7733,258.3833,1.1,7.6,0.7202,2.66,13.0189,74.7932,Low
Ullal_Beach,2026-02-27,0.6033,7.25,264.225,1.3,7.6667,0.7871,1.85,12.8153,74.8451,High
Panambur_Beach,2026-02-28,0.5758,7.8688,254.1417,0.2,9.85,0.72,2.66,12.9482,74.8074,Moderate
Sasihithlu_Beach,2026-02-28,0.5475,7.7558,254.325,0.2,9.45,0.72,2.66,13.0189,74.7932,Low
Ullal_Beach,2026-02-28,0.6017,7.2,264.2125,0.0,10.1792,0.7858,1.85,12.8153,74.8451,High
Panambur_Beach,2026-03-01,0.5667,7.9642,248.5792,7.3,9.0083,0.7199,2.66,12.9482,74.8074,Moderate
Sasihithlu_Beach,2026-03-01,0.5458,7.8329,252.9583,5.5,9.05,0.7199,2.66,13.0189,74.7932,Low
Ullal_Beach,2026-03-01,0.5979,7.4046,261.1417,3.6,9.4583,0.7879,1.85,12.8153,74.8451,High
Panambur_Beach,2026-03-02,0.5567,7.4758,264.1417,0.0,12.9292,0.7296,2.66,12.9482,74.8074,Moderate
Sasihithlu_Beach,2026-03-02,0.5258,7.4992,259.4875,0.0,12.4333,0.7296,2.66,13.0189,74.7932,Low
Ullal_Beach,2026-03-02,0.5571,7.2371,262.725,0.0,12.5292,0.7962,1.85,12.8153,74.8451,High
Panambur_Beach,2026-03-03,0.5796,7.3471,264.5458,0.0,11.7458,0.7243,2.66,12.9482,74.8074,Moderate
Sasihithlu_Beach,2026-03-03,0.5646,7.2479,264.8042,0.0,11.4458,0.7243,2.66,13.0189,74.7932,Low
Ullal_Beach,2026-03-03,0.6317,7.0725,271.7833,0.0,11.5667,0.8046,1.85,12.8153,74.8451,High
Panambur_Beach,2026-03-04,0.5775,8.2325,236.9208,0.4,9.3667,0.7194,2.66,12.9482,74.8074,Moderate
Sasihithlu_Beach,2026-03-04,0.5542,7.8887,243.4083,0.4,8.9667,0.7194,2.66,13.0189,74.7932,Low
Ullal_Beach,2026-03-04,0.6008,8.0617,241.6875,2.0,9.0167,0.8012,1.85,12.8153,74.8451,High
Panambur_Beach,2026-03-05,0.6254,9.1175,219.8083,0.0,9.0292,0.7141,2.66,12.9482,74.8074,Moderate
Sasihithlu_Beach,2026-03-05,0.6162,9.2492,225.475,0.1,8.8958,0.7141,2.66,13.0189,74.7932,Low
Ullal_Beach,2026-03-05,0.6562,8.7304,227.5667,0.0,9.1208,0.81,1.85,12.8153,74.8451,High
Panambur_Beach,2026-03-06,1.1462,8.0475,257.7,2.7,12.3458,0.709,2.66,12.9482,74.8074,Moderate
Sasihithlu_Beach,2026-03-06,1.0233,7.6988,261.9458,4.2,12.2792,0.709,2.66,13.0189,74.7932,Low
Ullal_Beach,2026-03-06,1.0429,8.055,253.6958,3.1,11.7958,0.8117,1.85,12.8153,74.8451,High
Panambur_Beach,2026-03-07,2.5429,9.1458,262.1708,36.0,17.8208,0.7037,2.66,12.9482,74.8074,Moderate
Sasihithlu_Beach,2026-03-07,2.3796,8.9138,262.7833,37.5,17.6375,0.7037,2.66,13.0189,74.7932,Low
Ullal_Beach,2026-03-07,2.3483,8.9296,262.1958,23.8,17.6042,0.8138,1.85,12.8153,74.8451,High
Panambur_Beach,2026-03-08,2.7979,9.1921,270.7958,52.2,14.4792,0.6986,2.66,12.9482,74.8074,Moderate
Sasihithlu_Beach,2026-03-08,2.7371,9.2533,269.6167,53.9,13.9167,0.6986,2.66,13.0189,74.7932,Low
Ullal_Beach,2026-03-08,2.7292,9.0988,271.5542,47.9,13.9625,0.8129,1.85,12.8153,74.8451,High
Panambur_Beach,2026-03-09,2.4954,8.7221,263.7,57.5,17.5833,0.6933,2.66,12.9482,74.8074,Moderate
Sasihithlu_Beach,2026-03-09,2.445,8.6629,264.2792,60.3,16.9792,0.6933,2.66,13.0189,74.7932,Low
Ullal_Beach,2026-03-09,2.4483,8.6638,265.2292,32.5,17.6333,0.8083,1.85,12.8153,74.8451,High
Panambur_Beach,2026-03-10,1.2767,8.3396,255.9167,7.2,7.05,0.688,2.66,12.9482,74.8074,Moderate
Sasihithlu_Beach,2026-03-10,1.3129,8.3225,256.7167,8.5,6.8833,0.688,2.66,13.0189,74.7932,Low
Ullal_Beach,2026-03-10,1.3225,8.1092,257.525,7.1,6.8833,0.8017,1.85,12.8153,74.8451,High
Panambur_Beach,2026-03-11,0.8896,8.6392,233.6708,0.8,6.625,0.6829,2.66,12.9482,74.8074,Moderate
Sasihithlu_Beach,2026-03-11,0.8729,8.5746,226.6292,1.3,6.4417,0.6829,2.66,13.0189,74.7932,Low
Ullal_Beach,2026-03-11,0.8925,8.3979,227.6708,1.1,7.1542,0.7983,1.85,12.8153,74.8451,High
Panambur_Beach,2026-03-12,0.4946,9.3558,208.1042,0.8,4.7708,0.6776,2.66,12.9482,74.8074,Moderate
Sasihithlu_Beach,2026-03-12,0.4508,9.7046,203.4667,1.6,4.6708,0.6776,2.66,13.0189,74.7932,Low
Ullal_Beach,2026-03-12,0.4979,9.2092,204.4708,1.4,5.2583,0.7912,1.85,12.8153,74.8451,High
Panambur_Beach,2026-03-13,0.5121,9.0471,223.4542,0.0,7.7917,0.6725,2.66,12.9482,74.8074,Moderate
Sasihithlu_Beach,2026-03-13,0.4921,8.7033,230.0292,0.0,7.3083,0.6725,2.66,13.0189,74.7932,Low
Ullal_Beach,2026-03-13,0.5321,8.5092,232.0042,0.0,7.5125,0.7896,1.85,12.8153,74.8451,High
Panambur_Beach,2026-03-14,0.6175,8.4296,241.4458,0.0,15.1708,0.7177,2.66,12.9482,74.8074,Moderate
Sasihithlu_Beach,2026-03-14,0.5512,8.3529,233.7708,0.0,14.6875,0.7177,2.66,13.0189,74.7932,Low
Ullal_Beach,2026-03-14,0.5925,8.1542,237.0458,0.0,15.1083,0.7867,1.85,12.8153,74.8451,High
Panambur_Beach,2026-03-15,0.575,8.0021,240.2208,0.0,12.425,0.7175,2.66,12.9482,74.8074,Moderate
Sasihithlu_Beach,2026-03-15,0.5525,7.915,241.7458,0.0,12.2708,0.7175,2.66,13.0189,74.7932,Low
Ullal_Beach,2026-03-15,0.6,7.8954,241.3333,0.0,12.1333,0.7862,1.85,12.8153,74.8451,High
Panambur_Beach,2026-03-16,0.5858,8.1246,240.2708,0.0,10.0958,0.7173,2.66,12.9482,74.8074,Moderate
Sasihithlu_Beach,2026-03-16,0.5542,8.0242,239.8292,0.0,9.9333,0.7173,2.66,13.0189,74.7932,Low
Ullal_Beach,2026-03-16,0.5971,7.7604,243.7042,0.0,10.5333,0.7875,1.85,12.8153,74.8451,High
Panambur_Beach,2026-03-17,0.5708,8.075,238.6583,0.0,10.3375,0.7171,2.66,12.9482,74.8074,Moderate
Sasihithlu_Beach,2026-03-17,0.5662,7.7388,246.1667,0.0,9.8333,0.7171,2.66,13.0189,74.7932,Low
Ullal_Beach,2026-03-17,0.5917,7.6254,246.2583,0.0,10.4125,0.7912,1.85,12.8153,74.8451,High
Panambur_Beach,2026-03-18,0.565,8.0129,240.3042,0.0,7.925,0.717,2.66,12.9482,74.8074,Moderate
Sasihithlu_Beach,2026-03-18,0.5008,8.1862,229.8,0.0,7.7458,0.717,2.66,13.0189,74.7932,Low
Ullal_Beach,2026-03-18,0.585,7.9517,240.1417,0.0,9.0333,0.7992,1.85,12.8153,74.8451,High
Panambur_Beach,2026-03-19,0.5925,7.8658,246.7292,0.0,10.3042,0.7168,2.66,12.9482,74.8074,Moderate
Sasihithlu_Beach,2026-03-19,0.5529,7.8108,243.4208,0.0,9.9083,0.7168,2.66,13.0189,74.7932,Low
Ullal_Beach,2026-03-19,0.5904,7.8167,243.9292,0.0,10.6292,0.8038,1.85,12.8153,74.8451,High
Panambur_Beach,2026-03-20,0.5792,7.9042,242.4083,0.0,7.775,0.7166,2.66,12.9482,74.8074,Moderate
Sasihithlu_Beach,2026-03-20,0.5321,7.9467,239.325,0.0,7.4417,0.7166,2.66,13.0189,74.7932,Low
Ullal_Beach,2026-03-20,0.5879,7.8267,242.3083,0.0,8.6,0.8092,1.85,12.8153,74.8451,High
Panambur_Beach,2026-03-21,0.585,8.1221,239.9583,0.0,9.2875,0.7165,2.66,12.9482,74.8074,Moderate
Sasihithlu_Beach,2026-03-21,0.5246,7.9454,238.5833,0.0,9.1833,0.7165,2.66,13.0189,74.7932,Low
Ullal_Beach,2026-03-21,0.5892,8.0546,240.2167,0.0,8.9583,0.8121,1.85,12.8153,74.8451,High
Panambur_Beach,2026-03-22,0.5904,8.2767,239.1875,0.0,12.8458,0.7163,2.66,12.9482,74.8074,Moderate
Sasihithlu_Beach,2026-03-22,0.5729,8.1079,242.1458,0.0,12.4792,0.7163,2.66,13.0189,74.7932,Low
Ullal_Beach,2026-03-22,0.5733,8.0262,237.6917,0.0,13.0042,0.8146,1.85,12.8153,74.8451,High
Panambur_Beach,2026-03-23,0.5742,7.8517,243.5792,0.0,9.9083,0.7161,2.66,12.9482,74.8074,Moderate
Sasihithlu_Beach,2026-03-23,0.5254,8.2863,232.475,0.0,9.7542,0.7161,2.66,13.0189,74.7932,Low
Ullal_Beach,2026-03-23,0.5871,7.8979,239.6833,0.0,9.7125,0.8138,1.85,12.8153,74.8451,High
Panambur_Beach,2026-03-24,0.5679,7.9962,240.1833,0.0,8.7542,0.7159,2.66,12.9482,74.8074,Moderate
Sasihithlu_Beach,2026-03-24,0.5408,8.1679,236.4792,0.0,8.5,0.7159,2.66,13.0189,74.7932,Low
Ullal_Beach,2026-03-24,0.5804,7.7958,241.1042,0.0,8.9333,0.8104,1.85,12.8153,74.8451,High
Panambur_Beach,2026-03-25,0.5725,8.2225,237.0,0.0,9.9167,0.7158,2.66,12.9482,74.8074,Moderate
Sasihithlu_Beach,2026-03-25,0.5292,8.0112,236.8958,0.0,9.575,0.7158,2.66,13.0189,74.7932,Low
Ullal_Beach,2026-03-25,0.5888,7.8263,242.6375,0.0,10.0,0.8054,1.85,12.8153,74.8451,High
Panambur_Beach,2026-03-26,0.5667,8.0183,241.9167,3.3,7.0167,0.7156,2.66,12.9482,74.8074,Moderate
Sasihithlu_Beach,2026-03-26,0.5396,8.1308,239.3,6.8,6.8708,0.7156,2.66,13.0189,74.7932,Low
Ullal_Beach,2026-03-26,0.5842,7.82,244.7,2.1,7.3708,0.7996,1.85,12.8153,74.8451,High
Panambur_Beach,2026-03-27,0.5825,8.085,242.8583,0.4,9.0125,0.7154,2.66,12.9482,74.8074,Moderate
Sasihithlu_Beach,2026-03-27,0.5383,7.945,239.7125,0.6,8.8208,0.7154,2.66,13.0189,74.7932,Low
Ullal_Beach,2026-03-27,0.5992,7.9112,242.4583,0.2,8.7833,0.7933,1.85,12.8153,74.8451,High
Panambur_Beach,2026-03-28,0.5725,7.9208,241.6792,1.1,8.4333,0.7153,2.66,12.9482,74.8074,Moderate
Sasihithlu_Beach,2026-03-28,0.5292,7.8792,240.0958,1.1,8.1375,0.7153,2.66,13.0189,74.7932,Low
Ullal_Beach,2026-03-28,0.5883,7.8171,241.9875,0.7,8.7417,0.7887,1.85,12.8153,74.8451,High
Panambur_Beach,2026-03-29,0.5729,8.1871,239.7083,0.6,8.8917,0.7151,2.66,12.9482,74.8074,Moderate
Sasihithlu_Beach,2026-03-29,0.5242,8.1567,235.3417,1.1,8.5917,0.7151,2.66,13.0189,74.7932,Low
Ullal_Beach,2026-03-29,0.5738,8.05,235.6917,1.5,8.925,0.7858,1.85,12.8153,74.8451,High
Panambur_Beach,2026-03-30,0.57,8.1971,238.3417,0.4,9.0875,0.7149,2.66,12.9482,74.8074,Moderate
Sasihithlu_Beach,2026-03-30,0.5312,7.9721,237.1333,0.1,8.8583,0.7149,2.66,13.0189,74.7932,Low
Ullal_Beach,2026-03-30,0.5883,7.9483,241.325,0.3,8.9208,0.7867,1.85,12.8153,74.8451,High
Panambur_Beach,2026-03-31,0.5775,8.0821,237.5208,0.0,9.3958,0.7148,2.66,12.9482,74.8074,Moderate
Sasihithlu_Beach,2026-03-31,0.5071,8.0196,234.9958,0.0,9.1625,0.7148,2.66,13.0189,74.7932,Low
Ullal_Beach,2026-03-31,0.5742,8.0662,234.9667,0.3,9.575,0.7896,1.85,12.8153,74.8451,High
Panambur_Beach,2026-04-01,0.5896,7.8546,245.1208,0.0,9.7875,0.7146,2.66,12.9482,74.8074,Moderate
Sasihithlu_Beach,2026-04-01,0.5408,7.8221,241.5542,0.0,9.6208,0.7146,2.66,13.0189,74.7932,Low
Ullal_Beach,2026-04-01,0.5996,7.6983,245.0875,0.0,10.1292,0.7938,1.85,12.8153,74.8451,High
Panambur_Beach,2026-04-02,0.5533,7.4317,258.2375,0.0,13.1792,0.7294,2.66,12.9482,74.8074,Moderate
Sasihithlu_Beach,2026-04-02,0.5275,7.355,260.8292,0.0,12.3458,0.7294,2.66,13.0189,74.7932,Low
Ullal_Beach,2026-04-02,0.5429,7.2083,263.275,0.0,12.9542,0.8029,1.85,12.8153,74.8451,High
Panambur_Beach,2026-04-03,0.5988,7.2779,265.6458,0.0,9.9917,0.7241,2.66,12.9482,74.8074,Moderate
Sasihithlu_Beach,2026-04-03,0.5454,7.32,262.2083,0.0,9.5167,0.7241,2.66,13.0189,74.7932,Low
Ullal_Beach,2026-04-03,0.6083,7.2704,266.4458,0.0,10.8125,0.8108,1.85,12.8153,74.8451,High
Panambur_Beach,2026-04-04,0.6017,8.2846,239.7792,0.0,13.7792,0.7192,2.66,12.9482,74.8074,Moderate
Sasihithlu_Beach,2026-04-04,0.5542,8.0608,238.6625,0.0,13.1,0.7192,2.66,13.0189,74.7932,Low
Ullal_Beach,2026-04-04,0.5875,7.9875,239.7708,0.0,13.9958,0.8083,1.85,12.8153,74.8451,High
Panambur_Beach,2026-04-05,0.6292,8.9383,226.6208,0.1,8.9875,0.7139,2.66,12.9482,74.8074,Moderate
Sasihithlu_Beach,2026-04-05,0.6004,8.6383,231.125,0.0,8.95,0.7139,2.66,13.0189,74.7932,Low
Ullal_Beach,2026-04-05,0.6504,8.7329,226.7083,0.3,8.8625,0.8133,1.85,12.8153,74.8451,High
Panambur_Beach,2026-04-06,1.0433,7.8488,258.5208,1.5,11.7625,0.7088,2.66,12.9482,74.8074,Moderate
Sasihithlu_Beach,2026-04-06,0.9796,8.0779,258.0125,2.4,11.2292,0.7088,2.66,13.0189,74.7932,Low
Ullal_Beach,2026-04-06,1.0575,7.9642,254.0167,1.1,11.3,0.8138,1.85,12.8153,74.8451,High
Panambur_Beach,2026-04-07,1.85,8.9254,260.05,25.2,9.3125,0.7035,2.66,12.9482,74.8074,Moderate
Sasihithlu_Beach,2026-04-07,1.8958,8.8838,259.8917,28.2,9.5875,0.7035,2.66,13.0189,74.7932,Low
Ullal_Beach,2026-04-07,1.6071,8.8013,255.4083,20.9,9.425,0.8117,1.85,12.8153,74.8451,High
Panambur_Beach,2026-04-08,2.5425,9.23,269.7208,38.0,9.0542,0.6984,2.66,12.9482,74.8074,Moderate
Sasihithlu_Beach,2026-04-08,2.5796,9.3096,269.6042,40.0,8.7042,0.6984,2.66,13.0189,74.7932,Low
Ullal_Beach,2026-04-08,2.5542,9.1921,270.0792,33.4,8.7708,0.8112,1.85,12.8153,74.8451,High
Panambur_Beach,2026-04-09,2.6554,8.6825,261.6167,73.1,21.2292,0.6931,2.66,12.9482,74.8074,Moderate
Sasihithlu_Beach,2026-04-09,2.5433,8.6621,261.7417,80.3,20.6958,0.6931,2.66,13.0189,74.7932,Moderate
Ullal_Beach,2026-04-09,2.5546,8.6233,263.6,40.8,20.0958,0.8042,1.85,12.8153,74.8451,High
Panambur_Beach,2026-04-10,1.2071,8.4888,254.2292,4.9,8.4708,0.6879,2.66,12.9482,74.8074,Moderate
Sasihithlu_Beach,2026-04-10,1.1804,8.4813,254.4208,6.3,8.175,0.6879,2.66,13.0189,74.7932,Low
Ullal_Beach,2026-04-10,1.2596,8.3688,257.0417,3.7,8.8583,0.7954,1.85,12.8153,74.8451,High
Panambur_Beach,2026-04-11,0.7662,8.9333,218.6875,4.1,5.1375,0.6827,2.66,12.9482,74.8074,Moderate
Sasihithlu_Beach,2026-04-11,0.7887,8.8683,223.5625,3.1,4.775,0.6827,2.66,13.0189,74.7932,Low
Ullal_Beach,2026-04-11,0.7775,8.6496,220.5583,3.5,4.8167,0.7921,1.85,12.8153,74.8451,High
Panambur_Beach,2026-04-12,0.4962,9.3929,206.3792,8.9,5.2083,0.6775,2.66,12.9482,74.8074,Moderate
Sasihithlu_Beach,2026-04-12,0.4562,9.2762,206.9292,10.9,5.1458,0.6775,2.66,13.0189,74.7932,Low
Ullal_Beach,2026-04-12,0.4962,9.1983,204.4417,10.9,5.5,0.7875,1.85,12.8153,74.8451,High
Panambur_Beach,2026-04-13,0.5521,8.395,235.8417,0.1,7.0167,0.6724,2.66,12.9482,74.8074,Moderate
Sasihithlu_Beach,2026-04-13,0.5188,8.3592,235.9292,0.2,6.3083,0.6724,2.66,13.0189,74.7932,Low
Ullal_Beach,2026-04-13,0.5383,8.4988,230.3583,0.0,8.5083,0.7875,1.85,12.8153,74.8451,High
Panambur_Beach,2026-04-14,0.6433,9.05,225.4875,0.0,9.9208,0.7124,2.66,12.9482,74.8074,Moderate
Sasihithlu_Beach,2026-04-14,0.6179,9.0604,227.8042,0.0,9.6292,0.7124,2.66,13.0189,74.7932,Low
Ullal_Beach,2026-04-14,0.6562,8.9008,224.875,0.0,9.9958,0.7871,1.85,12.8153,74.8451,High
Panambur_Beach,2026-04-15,0.625,9.0079,225.7208,0.0,8.875,0.7122,2.66,12.9482,74.8074,Moderate
Sasihithlu_Beach,2026-04-15,0.6067,9.085,226.7583,0.0,8.4458,0.7122,2.66,13.0189,74.7932,Low
Ullal_Beach,2026-04-15,0.6379,8.8679,221.2417,0.0,9.3625,0.7896,1.85,12.8153,74.8451,High
Panambur_Beach,2026-04-16,0.5992,8.8775,225.6167,1.7,7.5667,0.712,2.66,12.9482,74.8074,Moderate
Sasihithlu_Beach,2026-04-16,0.5762,9.1021,226.5583,3.5,7.1167,0.712,2.66,13.0189,74.7932,Low
Ullal_Beach,2026-04-16,0.6171,8.9021,219.8917,2.6,7.9458,0.7954,1.85,12.8153,74.8451,High
Panambur_Beach,2026-04-17,0.6321,9.0767,225.7875,2.6,7.45,0.7119,2.66,12.9482,74.8074,Moderate
Sasihithlu_Beach,2026-04-17,0.5954,8.8933,227.2833,1.3,7.3375,0.7119,2.66,13.0189,74.7932,Low
Ullal_Beach,2026-04-17,0.6358,8.9292,222.8458,2.4,7.7167,0.7988,1.85,12.8153,74.8451,High
Panambur_Beach,2026-04-18,0.6379,9.2725,223.2417,0.3,8.6958,0.7117,2.66,12.9482,74.8074,Moderate
Sasihithlu_Beach,2026-04-18,0.5975,8.6938,232.2292,0.3,8.3833,0.7117,2.66,13.0189,74.7932,Low
Ullal_Beach,2026-04-18,0.6492,8.8096,224.8625,0.2,8.8833,0.8062,1.85,12.8153,74.8451,High
Panambur_Beach,2026-04-19,0.6075,9.1279,221.4042,3.6,7.4958,0.7115,2.66,12.9482,74.8074,Moderate
Sasihithlu_Beach,2026-04-19,0.5829,9.0683,226.4458,1.4,7.125,0.7115,2.66,13.0189,74.7932,Low
Ullal_Beach,2026-04-19,0.6204,8.7533,222.7208,3.0,7.1625,0.8104,1.85,12.8153,74.8451,High
Panambur_Beach,2026-04-20,0.6537,8.8892,228.3875,0.0,8.0792,0.7114,2.66,12.9482,74.8074,Moderate
Sasihithlu_Beach,2026-04-20,0.5908,8.8296,229.7625,0.1,7.9917,0.7114,2.66,13.0189,74.7932,Low
Ullal_Beach,2026-04-20,0.6462,8.8288,224.1042,0.0,8.1667,0.8138,1.85,12.8153,74.8451,High
Panambur_Beach,2026-04-21,0.6167,9.1662,221.5333,10.1,8.0833,0.7112,2.66,12.9482,74.8074,Moderate
Sasihithlu_Beach,2026-04-21,0.5925,9.03,227.225,8.6,8.0458,0.7112,2.66,13.0189,74.7932,Low
Ullal_Beach,2026-04-21,0.6017,8.7408,223.5167,13.4,7.6167,0.8133,1.85,12.8153,74.8451,High
Panambur_Beach,2026-04-22,0.6121,8.7246,227.4042,16.5,7.925,0.711,2.66,12.9482,74.8074,Moderate
Sasihithlu_Beach,2026-04-22,0.5992,8.7004,229.6125,13.9,7.7917,0.711,2.66,13.0189,74.7932,Low
Ullal_Beach,2026-04-22,0.6467,8.9483,222.8833,14.0,7.8833,0.8112,1.85,12.8153,74.8451,High
Panambur_Beach,2026-04-23,0.5904,9.2221,221.5,7.1,5.475,0.7108,2.66,12.9482,74.8074,Moderate
Sasihithlu_Beach,2026-04-23,0.5675,9.1704,221.6542,10.2,5.5792,0.7108,2.66,13.0189,74.7932,Low
Ullal_Beach,2026-04-23,0.6096,9.0129,221.5875,10.8,5.3375,0.8079,1.85,12.8153,74.8451,High
Panambur_Beach,2026-04-24,0.6104,8.9354,225.5583,3.1,8.9917,0.7107,2.66,12.9482,74.8074,Moderate
Sasihithlu_Beach,2026-04-24,0.5871,8.895,227.0167,1.4,8.6458,0.7107,2.66,13.0189,74.7932,Low
Ullal_Beach,2026-04-24,0.6458,8.7117,226.3,1.1,9.5167,0.8017,1.85,12.8153,74.8451,High
Panambur_Beach,2026-04-25,0.6308,9.1021,224.5625,0.0,8.1708,0.7105,2.66,12.9482,74.8074,Moderate
Sasihithlu_Beach,2026-04-25,0.5858,9.2133,222.3792,0.0,7.8125,0.7105,2.66,13.0189,74.7932,Low
Ullal_Beach,2026-04-25,0.6483,9.0529,222.3583,0.0,8.2083,0.7954,1.85,12.8153,74.8451,High
Panambur_Beach,2026-04-26,0.6225,9.0429,223.8792,6.6,10.1125,0.7103,2.66,12.9482,74.8074,Moderate
Sasihithlu_Beach,2026-04-26,0.6046,8.6533,229.5833,7.5,9.8833,0.7103,2.66,13.0189,74.7932,Low
Ullal_Beach,2026-04-26,0.6425,8.6983,228.1875,3.7,10.3667,0.7908,1.85,12.8153,74.8451,High
Panambur_Beach,2026-04-27,0.6283,9.0742,223.575,1.0,8.6792,0.7102,2.66,12.9482,74.8074,Moderate
Sasihithlu_Beach,2026-04-27,0.5917,9.0754,223.3875,1.4,8.4333,0.7102,2.66,13.0189,74.7932,Low
Ullal_Beach,2026-04-27,0.6383,8.6121,226.5917,0.3,8.2958,0.7875,1.85,12.8153,74.8451,High
Panambur_Beach,2026-04-28,0.6462,8.8742,226.8917,0.1,11.8708,0.71,2.66,12.9482,74.8074,Moderate
Sasihithlu_Beach,2026-04-28,0.6188,8.7433,230.6167,0.3,11.1167,0.71,2.66,13.0189,74.7932,Low
Ullal_Beach,2026-04-28,0.6646,8.7308,224.8917,0.1,11.7667,0.7858,1.85,12.8153,74.8451,High
Panambur_Beach,2026-04-29,0.6471,8.9283,228.2167,0.0,12.4292,0.7098,2.66,12.9482,74.8074,Moderate
Sasihithlu_Beach,2026-04-29,0.6058,8.49,232.3958,0.0,12.0542,0.7098,2.66,13.0189,74.7932,Low
Ullal_Beach,2026-04-29,0.6804,8.8608,223.9083,0.0,12.1208,0.7875,1.85,12.8153,74.8451,High
Panambur_Beach,2026-04-30,0.6292,9.2604,218.0208,1.8,6.875,0.7096,2.66,12.9482,74.8074,Moderate
Sasihithlu_Beach,2026-04-30,0.5758,9.0546,225.5667,1.7,6.6167,0.7096,2.66,13.0189,74.7932,Low
Ullal_Beach,2026-04-30,0.6412,8.9142,223.8083,0.9,7.6958,0.7892,1.85,12.8153,74.8451,High
Panambur_Beach,2026-05-01,0.6454,8.9267,227.625,0.0,10.0125,0.7095,2.66,12.9482,74.8074,Moderate
Sasihithlu_Beach,2026-05-01,0.6246,8.7142,230.0,0.5,9.6542,0.7095,2.66,13.0189,74.7932,Low
Ullal_Beach,2026-05-01,0.6696,8.9704,222.8375,1.2,10.4292,0.795,1.85,12.8153,74.8451,High
Panambur_Beach,2026-05-02,0.535,7.5804,255.8,0.0,11.7917,0.7292,2.66,12.9482,74.8074,Moderate
Sasihithlu_Beach,2026-05-02,0.5479,7.425,263.175,0.0,11.3167,0.7292,2.66,13.0189,74.7932,Low
Ullal_Beach,2026-05-02,0.5421,7.2879,259.5458,0.0,11.3917,0.8083,1.85,12.8153,74.8451,High
Panambur_Beach,2026-05-03,0.6067,7.5763,261.6458,0.0,9.3875,0.724,2.66,12.9482,74.8074,Moderate
Sasihithlu_Beach,2026-05-03,0.5546,7.5538,260.9583,0.0,9.2083,0.724,2.66,13.0189,74.7932,Low
Ullal_Beach,2026-05-03,0.6075,7.1996,266.7667,0.0,9.45,0.8129,1.85,12.8153,74.8451,High
Panambur_Beach,2026-05-04,0.575,8.545,231.6792,0.0,15.3,0.719,2.66,12.9482,74.8074,Moderate
Sasihithlu_Beach,2026-05-04,0.5367,8.1575,234.7167,0.0,14.5792,0.719,2.66,13.0189,74.7932,Low
Ullal_Beach,2026-05-04,0.5688,7.8154,241.2875,0.0,15.1958,0.8129,1.85,12.8153,74.8451,High
Panambur_Beach,2026-05-05,0.6158,9.1092,224.2708,0.8,7.5333,0.7137,2.66,12.9482,74.8074,Moderate
Sasihithlu_Beach,2026-05-05,0.5896,9.2583,223.3,0.8,7.1792,0.7137,2.66,13.0189,74.7932,Low
Ullal_Beach,2026-05-05,0.6312,8.7154,226.0917,0.4,8.2417,0.8138,1.85,12.8153,74.8451,High
Panambur_Beach,2026-05-06,1.0375,7.9862,255.8292,0.0,11.5042,0.7086,2.66,12.9482,74.8074,Moderate
Sasihithlu_Beach,2026-05-06,0.9217,8.505,252.6458,0.0,11.2792,0.7086,2.66,13.0189,74.7932,Low
Ullal_Beach,2026-05-06,1.0104,8.1012,254.3,0.0,11.1042,0.8142,1.85,12.8153,74.8451,High
Panambur_Beach,2026-05-07,1.6317,8.8904,256.9708,15.8,7.1167,0.7033,2.66,12.9482,74.8074,Moderate
Sasihithlu_Beach,2026-05-07,1.5008,8.9808,255.4417,16.5,7.875,0.7033,2.66,13.0189,74.7932,Low
Ullal_Beach,2026-05-07,1.3933,8.7754,253.5083,12.3,6.3917,0.8079,1.85,12.8153,74.8451,High
Panambur_Beach,2026-05-08,2.5579,9.29,269.9167,20.8,10.0792,0.6982,2.66,12.9482,74.8074,Moderate
Sasihithlu_Beach,2026-05-08,2.5783,9.2917,269.8708,23.0,10.0083,0.6982,2.66,13.0189,74.7932,Low
Ullal_Beach,2026-05-08,2.6217,9.2362,271.7542,19.6,9.6833,0.8062,1.85,12.8153,74.8451,High
Panambur_Beach,2026-05-09,2.7612,8.7125,257.3958,66.5,26.8958,0.693,2.66,12.9482,74.8074,High
Sasihithlu_Beach,2026-05-09,2.8204,8.7883,258.55,71.0,26.3417,0.693,2.66,13.0189,74.7932,Moderate
Ullal_Beach,2026-05-09,2.5846,8.62,259.5083,43.8,26.0125,0.7971,1.85,12.8153,74.8451,High
Panambur_Beach,2026-05-10,1.2717,8.4142,255.2458,9.9,7.5875,0.6877,2.66,12.9482,74.8074,Moderate
Sasihithlu_Beach,2026-05-10,1.3017,8.3621,255.5083,12.4,7.3875,0.6877,2.66,13.0189,74.7932,Low
Ullal_Beach,2026-05-10,1.2904,8.23,255.3375,9.3,7.9125,0.7896,1.85,12.8153,74.8451,High
Panambur_Beach,2026-05-11,0.88,8.4992,230.9958,1.4,7.2208,0.6826,2.66,12.9482,74.8074,Moderate
Sasihithlu_Beach,2026-05-11,0.815,8.6325,226.0167,1.1,6.7375,0.6826,2.66,13.0189,74.7932,Low
Ullal_Beach,2026-05-11,0.8575,8.4692,228.7708,0.9,7.6875,0.7896,1.85,12.8153,74.8451,High
Panambur_Beach,2026-05-12,0.4962,9.3421,205.4708,5.9,4.6875,0.6773,2.66,12.9482,74.8074,Moderate
Sasihithlu_Beach,2026-05-12,0.4575,9.3333,206.4958,3.9,4.6958,0.6773,2.66,13.0189,74.7932,Low
Ullal_Beach,2026-05-12,0.5046,9.1762,205.6,2.1,5.2625,0.7862,1.85,12.8153,74.8451,High
Panambur_Beach,2026-05-13,0.5183,8.7858,230.6625,0.3,8.925,0.6722,2.66,12.9482,74.8074,Moderate
Sasihithlu_Beach,2026-05-13,0.5112,8.5671,234.9042,0.1,7.2667,0.6722,2.66,13.0189,74.7932,Low
Ullal_Beach,2026-05-13,0.5217,8.5596,225.7125,0.3,10.625,0.7867,1.85,12.8153,74.8451,High
Panambur_Beach,2026-05-14,1.0725,8.0933,255.6417,6.5,8.2375,0.7073,2.66,12.9482,74.8074,Moderate
Sasihithlu_Beach,2026-05-14,1.1371,8.2546,252.8125,6.8,8.4583,0.7073,2.66,13.0189,74.7932,Low
Ullal_Beach,2026-05-14,1.1813,7.7754,255.4792,5.6,7.6583,0.7871,1.85,12.8153,74.8451,High
Panambur_Beach,2026-05-15,0.9379,8.1758,254.4458,0.6,10.8833,0.7071,2.66,12.9482,74.8074,Moderate
Sasihithlu_Beach,2026-05-15,0.9846,8.0121,257.3833,0.5,10.6083,0.7071,2.66,13.0189,74.7932,Low
Ullal_Beach,2026-05-15,0.9679,8.4675,251.4667,0.6,10.6542,0.7912,1.85,12.8153,74.8451,High
Panambur_Beach,2026-05-16,1.1771,7.8562,255.9875,7.5,8.8542,0.7069,2.66,12.9482,74.8074,Moderate
Sasihithlu_Beach,2026-05-16,1.1388,7.7812,259.6042,6.7,8.625,0.7069,2.66,13.0189,74.7932,Low
Ullal_Beach,2026-05-16,1.1413,7.6821,256.4958,3.5,9.05,0.7979,1.85,12.8153,74.8451,High
Panambur_Beach,2026-05-17,1.2325,7.7379,255.9375,13.7,8.55,0.7068,2.66,12.9482,74.8074,Moderate
Sasihithlu_Beach,2026-05-17,1.1288,7.9175,254.6292,14.6,8.4792,0.7068,2.66,13.0189,74.7932,Low
Ullal_Beach,2026-05-17,1.1408,7.96,255.5708,11.1,8.8375,0.8025,1.85,12.8153,74.8451,High
Panambur_Beach,2026-05-18,1.1271,7.6325,259.4833,4.9,12.8292,0.7066,2.66,12.9482,74.8074,Moderate
Sasihithlu_Beach,2026-05-18,1.2038,7.6737,260.2542,8.6,12.1833,0.7066,2.66,13.0189,74.7932,Low
Ullal_Beach,2026-05-18,1.2658,7.6638,257.1417,8.7,13.2583,0.8083,1.85,12.8153,74.8451,High
Panambur_Beach,2026-05-19,1.3192,7.5125,259.5833,30.8,11.7167,0.7064,2.66,12.9482,74.8074,Moderate
Sasihithlu_Beach,2026-05-19,1.3275,7.6917,258.0042,38.1,11.5458,0.7064,2.66,13.0189,74.7932,Low
Ullal_Beach,2026-05-19,1.4788,7.7662,258.0,32.6,11.3792,0.8125,1.85,12.8153,74.8451,High
Panambur_Beach,2026-05-20,1.2946,7.4708,260.225,3.9,14.6792,0.7062,2.66,12.9482,74.8074,Moderate
Sasihithlu_Beach,2026-05-20,1.3388,7.5233,261.425,3.5,14.2667,0.7062,2.66,13.0189,74.7932,Low
Ullal_Beach,2026-05-20,1.4121,7.7017,259.9375,5.5,14.8125,0.8142,1.85,12.8153,74.8451,High
Panambur_Beach,2026-05-21,1.1471,7.835,254.8208,3.0,5.4208,0.7061,2.66,12.9482,74.8074,Moderate
Sasihithlu_Beach,2026-05-21,1.1338,7.7629,259.4375,4.2,5.4708,0.7061,2.66,13.0189,74.7932,Low
Ullal_Beach,2026-05-21,1.175,7.6788,256.2792,1.3,5.2875,0.8129,1.85,12.8153,74.8451,High
Panambur_Beach,2026-05-22,1.2888,7.9017,255.6667,5.7,6.625,0.7059,2.66,12.9482,74.8074,Moderate
Sasihithlu_Beach,2026-05-22,1.2008,7.6675,259.425,5.1,6.9,0.7059,2.66,13.0189,74.7932,Low
Ullal_Beach,2026-05-22,1.2021,7.5633,256.2958,3.8,6.45,0.81,1.85,12.8153,74.8451,High
Panambur_Beach,2026-05-23,1.055,8.0971,255.375,1.5,8.1875,0.7057,2.66,12.9482,74.8074,Moderate
Sasihithlu_Beach,2026-05-23,1.1592,7.9258,259.6917,2.4,8.125,0.7057,2.66,13.0189,74.7932,Low
Ullal_Beach,2026-05-23,1.0512,7.9912,251.6042,1.2,8.05,0.8046,1.85,12.8153,74.8451,High
Panambur_Beach,2026-05-24,1.1579,7.6696,257.2958,1.5,9.675,0.7056,2.66,12.9482,74.8074,Moderate
Sasihithlu_Beach,2026-05-24,1.1,7.9796,257.8792,2.1,9.0417,0.7056,2.66,13.0189,74.7932,Low
Ullal_Beach,2026-05-24,1.1258,7.8804,254.4458,1.6,10.1083,0.7988,1.85,12.8153,74.8451,High
Panambur_Beach,2026-05-25,1.1171,8.1904,251.4417,0.6,10.8333,0.7054,2.66,12.9482,74.8074,Moderate
Sasihithlu_Beach,2026-05-25,1.0912,7.9767,254.7292,1.2,10.3125,0.7054,2.66,13.0189,74.7932,Low
Ullal_Beach,2026-05-25,1.1496,7.8379,255.8167,0.6,11.1125,0.7938,1.85,12.8153,74.8451,High
Panambur_Beach,2026-05-26,0.985,7.81,256.8417,0.5,11.8458,0.7052,2.66,12.9482,74.8074,Moderate
Sasihithlu_Beach,2026-05-26,0.9821,8.1042,256.1458,1.1,11.3,0.7052,2.66,13.0189,74.7932,Low
Ullal_Beach,2026-05-26,0.9721,7.9604,259.0875,0.1,11.9125,0.7887,1.85,12.8153,74.8451,High
Panambur_Beach,2026-05-27,1.0692,8.0792,254.8708,0.3,8.5667,0.705,2.66,12.9482,74.8074,Moderate
Sasihithlu_Beach,2026-05-27,1.1167,7.9025,259.9292,0.4,8.2417,0.705,2.66,13.0189,74.7932,Low
Ullal_Beach,2026-05-27,1.0275,7.9617,256.5667,0.2,8.4958,0.7854,1.85,12.8153,74.8451,High
Panambur_Beach,2026-05-28,1.025,7.7283,253.8667,0.5,12.0375,0.7049,2.66,12.9482,74.8074,Moderate
Sasihithlu_Beach,2026-05-28,1.0462,7.8162,259.0542,1.0,11.5375,0.7049,2.66,13.0189,74.7932,Low
Ullal_Beach,2026-05-28,0.9979,8.2679,247.0208,1.8,12.0875,0.785,1.85,12.8153,74.8451,High
Panambur_Beach,2026-05-29,0.9612,7.8558,260.2625,0.7,12.8583,0.7047,2.66,12.9482,74.8074,Moderate
Sasihithlu_Beach,2026-05-29,0.99,7.9971,261.1958,1.0,12.2875,0.7047,2.66,13.0189,74.7932,Low
Ullal_Beach,2026-05-29,0.9971,7.8346,258.65,0.3,12.8917,0.7896,1.85,12.8153,74.8451,High
Panambur_Beach,2026-05-30,0.9796,8.275,254.1667,0.0,11.9958,0.7045,2.66,12.9482,74.8074,Moderate
Sasihithlu_Beach,2026-05-30,0.9833,7.6512,263.5458,0.0,11.3,0.7045,2.66,13.0189,74.7932,Low
Ullal_Beach,2026-05-30,0.9346,7.9404,255.6542,0.0,12.3542,0.7917,1.85,12.8153,74.8451,High
Panambur_Beach,2026-05-31,1.0979,7.8671,255.9542,6.9,9.6958,0.7044,2.66,12.9482,74.8074,Moderate
Sasihithlu_Beach,2026-05-31,0.9946,7.9012,261.0417,7.4,9.85,0.7044,2.66,13.0189,74.7932,Low
Ullal_Beach,2026-05-31,1.0975,8.0271,252.3083,11.5,8.6958,0.7988,1.85,12.8153,74.8451,High
Panambur_Beach,2026-06-01,1.4467,7.6658,258.7083,39.8,13.2792,0.7042,2.66,12.9482,74.8074,Moderate
Sasihithlu_Beach,2026-06-01,1.42,7.6458,257.775,44.7,12.7,0.7042,2.66,13.0189,74.7932,Low
Ullal_Beach,2026-06-01,1.4188,7.5079,260.4583,14.2,13.8208,0.8033,1.85,12.8153,74.8451,High
Panambur_Beach,2026-06-02,0.5204,7.8071,250.7167,0.0,8.2458,0.7291,2.66,12.9482,74.8074,Moderate
Sasihithlu_Beach,2026-06-02,0.4917,7.6646,252.0625,0.0,8.1375,0.7291,2.66,13.0189,74.7932,Low
Ullal_Beach,2026-06-02,0.5267,7.6196,248.4917,0.0,8.4792,0.8121,1.85,12.8153,74.8451,High
Panambur_Beach,2026-06-03,0.5758,7.5154,258.7375,0.2,11.4292,0.7238,2.66,12.9482,74.8074,Moderate
Sasihithlu_Beach,2026-06-03,0.5571,7.2175,264.6583,0.0,11.0,0.7238,2.66,13.0189,74.7932,Low
Ullal_Beach,2026-06-03,0.6171,7.1104,269.3583,0.0,11.525,0.8142,1.85,12.8153,74.8451,High
Panambur_Beach,2026-06-04,0.5712,8.1283,239.1458,0.0,10.7833,0.7188,2.66,12.9482,74.8074,Moderate
Sasihithlu_Beach,2026-06-04,0.55,8.1754,237.45,0.0,10.05,0.7188,2.66,13.0189,74.7932,Low
Ullal_Beach,2026-06-04,0.5829,7.9254,239.1208,0.0,10.7333,0.8146,1.85,12.8153,74.8451,High
Panambur_Beach,2026-06-05,0.6367,9.1029,224.7042,0.2,9.0458,0.7136,2.66,12.9482,74.8074,Moderate
Sasihithlu_Beach,2026-06-05,0.6021,8.8875,228.2583,0.4,8.7,0.7136,2.66,13.0189,74.7932,Low
Ullal_Beach,2026-06-05,0.645,8.7042,227.5042,0.0,9.3792,0.8133,1.85,12.8153,74.8451,High
Panambur_Beach,2026-06-06,1.0058,8.0671,255.4333,0.0,9.7042,0.7085,2.66,12.9482,74.8074,Moderate
Sasihithlu_Beach,2026-06-06,0.9908,7.9617,254.1458,0.0,9.4792,0.7085,2.66,13.0189,74.7932,Low
Ullal_Beach,2026-06-06,1.0558,7.7987,253.3708,0.0,9.5167,0.8112,1.85,12.8153,74.8451,High
Panambur_Beach,2026-06-07,1.5233,8.9167,254.375,11.6,8.1125,0.7032,2.66,12.9482,74.8074,Moderate
Sasihithlu_Beach,2026-06-07,1.4267,8.8213,254.2417,12.5,8.0,0.7032,2.66,13.0189,74.7932,Low
Ullal_Beach,2026-06-07,1.3571,8.8112,251.8542,11.0,7.3917,0.8029,1.85,12.8153,74.8451,High
Panambur_Beach,2026-06-08,2.4954,9.2429,269.6583,25.1,9.0625,0.6981,2.66,12.9482,74.8074,Moderate
Sasihithlu_Beach,2026-06-08,2.4608,9.2892,269.1125,24.7,8.7583,0.6981,2.66,13.0189,74.7932,Low
Ullal_Beach,2026-06-08,2.4987,9.1867,271.0625,19.3,8.8833,0.8,1.85,12.8153,74.8451,High
Panambur_Beach,2026-06-09,2.6538,8.6787,261.7167,46.0,23.6833,0.6928,2.66,12.9482,74.8074,Moderate
Sasihithlu_Beach,2026-06-09,2.5992,8.6254,261.3958,47.7,23.5917,0.6928,2.66,13.0189,74.7932,Moderate
Ullal_Beach,2026-06-09,2.5692,8.7625,261.8792,32.8,23.4625,0.7925,1.85,12.8153,74.8451,High
Panambur_Beach,2026-06-10,1.3054,8.2908,257.8083,14.7,12.2167,0.6875,2.66,12.9482,74.8074,Moderate
Sasihithlu_Beach,2026-06-10,1.29,8.2817,256.6083,20.5,11.6583,0.6875,2.66,13.0189,74.7932,Low
Ullal_Beach,2026-06-10,1.3225,8.2708,256.8792,11.7,12.9458,0.7867,1.85,12.8153,74.8451,High
Panambur_Beach,2026-06-11,0.9288,8.5029,229.6333,8.1,7.6125,0.6824,2.66,12.9482,74.8074,Moderate
Sasihithlu_Beach,2026-06-11,0.9058,8.3246,228.9083,6.6,7.4583,0.6824,2.66,13.0189,74.7932,Low
Ullal_Beach,2026-06-11,0.9617,8.3375,229.5958,3.3,7.5625,0.7867,1.85,12.8153,74.8451,High
Panambur_Beach,2026-06-12,0.485,9.5458,203.8458,0.4,5.7542,0.6771,2.66,12.9482,74.8074,Moderate
Sasihithlu_Beach,2026-06-12,0.46,9.5812,205.7708,0.8,5.2792,0.6771,2.66,13.0189,74.7932,Low
Ullal_Beach,2026-06-12,0.5246,9.0625,208.5458,0.0,6.9167,0.7862,1.85,12.8153,74.8451,High
Panambur_Beach,2026-06-13,0.5204,8.9296,226.6292,0.4,8.075,0.672,2.66,12.9482,74.8074,Moderate
Sasihithlu_Beach,2026-06-13,0.5171,8.6717,231.8792,0.2,6.8458,0.672,2.66,13.0189,74.7932,Low
Ullal_Beach,2026-06-13,0.525,8.3862,231.3708,0.2,10.0333,0.7892,1.85,12.8153,74.8451,High
Panambur_Beach,2026-06-14,1.9121,8.8521,259.2542,33.5,13.2333,0.702,2.66,12.9482,74.8074,Moderate
Sasihithlu_Beach,2026-06-14,1.8304,8.9325,257.4208,31.9,12.8833,0.702,2.66,13.0189,74.7932,Low
Ullal_Beach,2026-06-14,1.7838,8.9529,255.6625,26.8,12.4958,0.7938,1.85,12.8153,74.8451,High
Panambur_Beach,2026-06-15,2.2175,8.9271,263.6583,35.8,15.1083,0.7018,2.66,12.9482,74.8074,Moderate
Sasihithlu_Beach,2026-06-15,2.2275,9.0079,261.5667,42.6,14.6625,0.7018,2.66,13.0189,74.7932,Low
Ullal_Beach,2026-06-15,1.935,8.7933,260.8542,21.4,14.2708,0.7996,1.85,12.8153,74.8451,High
Panambur_Beach,2026-06-16,1.9683,8.845,261.675,34.3,11.0875,0.7016,2.66,12.9482,74.8074,Moderate
Sasihithlu_Beach,2026-06-16,1.7638,8.7671,259.1,34.9,10.6125,0.7016,2.66,13.0189,74.7932,Low
Ullal_Beach,2026-06-16,1.7938,8.9212,258.25,23.5,10.2833,0.8054,1.85,12.8153,74.8451,High
Panambur_Beach,2026-06-17,1.9817,8.9667,259.3583,34.7,11.7292,0.7015,2.66,12.9482,74.8074,Moderate
Sasihithlu_Beach,2026-06-17,1.9396,8.9375,261.0042,32.5,11.4833,0.7015,2.66,13.0189,74.7932,Low
Ullal_Beach,2026-06-17,1.6475,8.7971,255.6125,30.1,11.4083,0.8096,1.85,12.8153,74.8451,High
Panambur_Beach,2026-06-18,1.8062,8.85,257.825,49.3,11.5292,0.7013,2.66,12.9482,74.8074,Moderate
Sasihithlu_Beach,2026-06-18,1.8579,8.9108,258.55,48.4,11.6958,0.7013,2.66,13.0189,74.7932,Low
Ullal_Beach,2026-06-18,1.3654,8.6812,252.7667,36.1,10.6292,0.8129,1.85,12.8153,74.8451,High
Panambur_Beach,2026-06-19,1.5521,8.7712,255.5625,24.3,8.175,0.7011,2.66,12.9482,74.8074,Moderate
Sasihithlu_Beach,2026-06-19,1.5325,8.7462,255.7292,24.1,8.275,0.7011,2.66,13.0189,74.7932,Low
Ullal_Beach,2026-06-19,1.3846,8.7396,253.0667,16.3,8.2333,0.8142,1.85,12.8153,74.8451,High
Panambur_Beach,2026-06-20,1.5408,8.9162,255.6417,22.2,6.2333,0.701,2.66,12.9482,74.8074,Moderate
Sasihithlu_Beach,2026-06-20,1.4654,8.7908,254.7333,23.0,5.8167,0.701,2.66,13.0189,74.7932,Low
Ullal_Beach,2026-06-20,1.4321,8.7525,254.3583,19.0,5.7667,0.8108,1.85,12.8153,74.8451,High
Panambur_Beach,2026-06-21,1.5929,8.9133,257.35,5.8,7.3083,0.7008,2.66,12.9482,74.8074,Moderate
Sasihithlu_Beach,2026-06-21,1.4825,8.8496,255.4833,6.7,7.3208,0.7008,2.66,13.0189,74.7932,Low
Ullal_Beach,2026-06-21,1.4037,8.8029,253.1458,6.9,6.675,0.8075,1.85,12.8153,74.8451,High
Panambur_Beach,2026-06-22,1.6625,8.8371,258.3792,18.5,8.0792,0.7006,2.66,12.9482,74.8074,Moderate
Sasihithlu_Beach,2026-06-22,1.6242,8.9467,256.3292,20.0,7.7,0.7006,2.66,13.0189,74.7932,Low
Ullal_Beach,2026-06-22,1.4854,8.7929,254.4833,15.0,8.4208,0.8029,1.85,12.8153,74.8451,High
Panambur_Beach,2026-06-23,1.7,8.9508,257.8375,31.5,7.7458,0.7005,2.66,12.9482,74.8074,Moderate
Sasihithlu_Beach,2026-06-23,1.5529,8.8029,255.8333,27.9,7.225,0.7005,2.66,13.0189,74.7932,Low
Ullal_Beach,2026-06-23,1.4108,8.7175,252.8,24.5,7.1,0.7962,1.85,12.8153,74.8451,High
Panambur_Beach,2026-06-24,1.5042,8.9946,255.7333,11.7,7.1542,0.7003,2.66,12.9482,74.8074,Moderate
Sasihithlu_Beach,2026-06-24,1.4167,8.8717,255.2208,12.4,7.4792,0.7003,2.66,13.0189,74.7932,Low
Ullal_Beach,2026-06-24,1.4271,8.835,253.4958,10.6,6.7333,0.79,1.85,12.8153,74.8451,High
Panambur_Beach,2026-06-25,1.5175,8.9017,255.7375,17.9,6.2833,0.7001,2.66,12.9482,74.8074,Moderate
Sasihithlu_Beach,2026-06-25,1.4708,8.77,255.3625,20.0,6.4125,0.7001,2.66,13.0189,74.7932,Low
Ullal_Beach,2026-06-25,1.3913,8.7575,253.5125,16.1,5.9875,0.7867,1.85,12.8153,74.8451,High
Panambur_Beach,2026-06-26,1.5058,8.8683,255.0583,10.8,7.0292,0.6999,2.66,12.9482,74.8074,Moderate
Sasihithlu_Beach,2026-06-26,1.4437,8.8412,253.4375,10.2,6.9,0.6999,2.66,13.0189,74.7932,Low
Ullal_Beach,2026-06-26,1.4358,8.7908,253.3083,8.4,6.4333,0.7854,1.85,12.8153,74.8451,High
Panambur_Beach,2026-06-27,1.6325,8.8867,257.4042,15.0,8.1875,0.6998,2.66,12.9482,74.8074,Moderate
Sasihithlu_Beach,2026-06-27,1.495,8.79,255.475,14.4,8.2375,0.6998,2.66,13.0189,74.7932,Low
Ullal_Beach,2026-06-27,1.5258,8.7075,255.4208,15.0,8.025,0.7867,1.85,12.8153,74.8451,High
Panambur_Beach,2026-06-28,1.4688,8.865,255.0458,11.5,8.3,0.6996,2.66,12.9482,74.8074,Moderate
Sasihithlu_Beach,2026-06-28,1.5233,8.8875,255.7167,11.8,8.6208,0.6996,2.66,13.0189,74.7932,Low
Ullal_Beach,2026-06-28,1.3804,8.77,253.1583,9.7,7.725,0.79,1.85,12.8153,74.8451,High
Panambur_Beach,2026-06-29,1.6208,8.8758,257.4708,16.7,7.2917,0.6994,2.66,12.9482,74.8074,Moderate
Sasihithlu_Beach,2026-06-29,1.4337,8.9067,254.0,15.1,6.825,0.6994,2.66,13.0189,74.7932,Low
Ullal_Beach,2026-06-29,1.3729,8.7646,253.25,17.0,7.3708,0.7942,1.85,12.8153,74.8451,High
Panambur_Beach,2026-06-30,1.9383,9.085,259.4917,37.9,9.5708,0.6993,2.66,12.9482,74.8074,Moderate
Sasihithlu_Beach,2026-06-30,1.8542,9.0454,257.525,41.5,9.325,0.6993,2.66,13.0189,74.7932,Low
Ullal_Beach,2026-06-30,1.7367,8.8629,257.0375,37.3,9.1583,0.8012,1.85,12.8153,74.8451,High
Panambur_Beach,2026-07-01,1.6833,8.8275,258.0417,44.7,8.3958,0.6991,2.66,12.9482,74.8074,Moderate
Sasihithlu_Beach,2026-07-01,1.6225,8.6925,257.8667,44.5,8.0458,0.6991,2.66,13.0189,74.7932,Low
Ullal_Beach,2026-07-01,1.4871,8.7375,255.2875,40.8,8.3208,0.8067,1.85,12.8153,74.8451,High
Panambur_Beach,2026-07-02,0.5112,7.7008,249.3042,0.0,8.9417,0.7289,2.66,12.9482,74.8074,Moderate
Sasihithlu_Beach,2026-07-02,0.4871,7.745,249.2625,0.0,8.3042,0.7289,2.66,13.0189,74.7932,Low
Ullal_Beach,2026-07-02,0.5154,7.4979,250.4,0.0,9.1125,0.8142,1.85,12.8153,74.8451,High
Panambur_Beach,2026-07-03,0.5712,7.3846,258.7833,0.0,13.7833,0.7236,2.66,12.9482,74.8074,Moderate
Sasihithlu_Beach,2026-07-03,0.5521,7.2246,266.5,0.0,13.1292,0.7236,2.66,13.0189,74.7932,Low
Ullal_Beach,2026-07-03,0.6021,7.1396,265.7167,0.0,13.3458,0.8138,1.85,12.8153,74.8451,High
Panambur_Beach,2026-07-04,0.5712,8.0508,238.475,0.0,10.2917,0.7187,2.66,12.9482,74.8074,Moderate
Sasihithlu_Beach,2026-07-04,0.5312,8.1038,236.9125,0.0,9.95,0.7187,2.66,13.0189,74.7932,Low
Ullal_Beach,2026-07-04,0.5892,7.8967,242.3333,0.0,9.6375,0.8125,1.85,12.8153,74.8451,High
Panambur_Beach,2026-07-05,0.5963,8.9267,225.5083,14.4,8.5292,0.7134,2.66,12.9482,74.8074,Moderate
Sasihithlu_Beach,2026-07-05,0.5867,8.7867,227.8083,27.1,8.1,0.7134,2.66,13.0189,74.7932,Low
Ullal_Beach,2026-07-05,0.6092,8.705,222.6458,12.4,7.8667,0.8092,1.85,12.8153,74.8451,High
Panambur_Beach,2026-07-06,1.2304,8.05,256.7083,16.2,7.1375,0.7083,2.66,12.9482,74.8074,Moderate
Sasihithlu_Beach,2026-07-06,1.2004,8.0088,256.5375,14.5,6.8833,0.7083,2.66,13.0189,74.7932,Low
Ullal_Beach,2026-07-06,1.075,7.9071,254.5333,10.5,7.575,0.8062,1.85,12.8153,74.8451,High
Panambur_Beach,2026-07-07,1.5117,8.9746,255.3083,9.0,5.2542,0.703,2.66,12.9482,74.8074,Moderate
Sasihithlu_Beach,2026-07-07,1.5333,8.9254,256.8042,8.5,5.5875,0.703,2.66,13.0189,74.7932,Low
Ullal_Beach,2026-07-07,1.3846,8.8096,253.4875,8.3,4.6583,0.7971,1.85,12.8153,74.8451,High
Panambur_Beach,2026-07-08,2.7304,9.3158,270.6375,47.7,12.725,0.6979,2.66,12.9482,74.8074,Moderate
Sasihithlu_Beach,2026-07-08,2.5942,9.1538,269.2083,55.1,12.675,0.6979,2.66,13.0189,74.7932,Low
Ullal_Beach,2026-07-08,2.6608,9.2,271.4333,35.1,12.1083,0.7954,1.85,12.8153,74.8451,High
Panambur_Beach,2026-07-09,2.1954,8.5179,267.1667,48.2,13.2583,0.6926,2.66,12.9482,74.8074,Moderate
Sasihithlu_Beach,2026-07-09,2.1342,8.5125,266.0042,52.0,12.8458,0.6926,2.66,13.0189,74.7932,Low
Ullal_Beach,2026-07-09,2.2858,8.5762,266.4792,40.3,12.5708,0.7883,1.85,12.8153,74.8451,High
Panambur_Beach,2026-07-10,1.2946,8.3338,255.7375,9.4,10.5958,0.6873,2.66,12.9482,74.8074,Moderate
Sasihithlu_Beach,2026-07-10,1.3054,8.1771,257.1083,13.9,10.6,0.6873,2.66,13.0189,74.7932,Low
Ullal_Beach,2026-07-10,1.3888,8.1133,257.9708,8.7,10.9042,0.7858,1.85,12.8153,74.8451,High
Panambur_Beach,2026-07-11,0.8412,8.7825,224.4125,15.3,7.6333,0.6822,2.66,12.9482,74.8074,Moderate
Sasihithlu_Beach,2026-07-11,0.8712,8.6642,225.6417,15.9,7.2208,0.6822,2.66,13.0189,74.7932,Low
Ullal_Beach,2026-07-11,0.9133,8.5462,227.6042,14.9,7.5708,0.7867,1.85,12.8153,74.8451,High
Panambur_Beach,2026-07-12,0.4983,9.5062,204.95,0.1,6.1083,0.677,2.66,12.9482,74.8074,Moderate
Sasihithlu_Beach,2026-07-12,0.4579,9.6308,205.5875,0.2,6.0417,0.677,2.66,13.0189,74.7932,Low
Ullal_Beach,2026-07-12,0.505,9.0258,206.3417,0.0,5.7292,0.7913,1.85,12.8153,74.8451,High
Panambur_Beach,2026-07-13,0.5271,8.5858,230.5292,0.6,7.0542,0.6718,2.66,12.9482,74.8074,Moderate
Sasihithlu_Beach,2026-07-13,0.5121,8.7896,229.8917,0.3,5.6542,0.6718,2.66,13.0189,74.7932,Low
Ullal_Beach,2026-07-13,0.5358,8.5479,230.5667,0.2,8.3833,0.7929,1.85,12.8153,74.8451,High
Panambur_Beach,2026-07-14,2.5033,9.2533,269.3375,37.4,8.0958,0.6969,2.66,12.9482,74.8074,Moderate
Sasihithlu_Beach,2026-07-14,2.4858,9.2404,268.9708,42.8,7.95,0.6969,2.66,13.0189,74.7932,Low
Ullal_Beach,2026-07-14,2.4829,9.1158,270.1208,37.4,8.5125,0.7962,1.85,12.8153,74.8451,High
Panambur_Beach,2026-07-15,2.4925,9.2417,269.7542,23.8,7.6375,0.6967,2.66,12.9482,74.8074,Moderate
Sasihithlu_Beach,2026-07-15,2.5533,9.2954,268.85,24.5,7.4708,0.6967,2.66,13.0189,74.7932,Low
Ullal_Beach,2026-07-15,2.5446,9.2212,271.0917,22.1,7.3792,0.8021,1.85,12.8153,74.8451,High
Panambur_Beach,2026-07-16,2.6963,9.2554,270.9667,38.6,11.7625,0.6965,2.66,12.9482,74.8074,Moderate
Sasihithlu_Beach,2026-07-16,2.6454,9.2908,269.9875,44.6,11.0125,0.6965,2.66,13.0189,74.7932,Low
Ullal_Beach,2026-07-16,2.7167,9.2046,271.7,30.0,11.5875,0.8075,1.85,12.8153,74.8451,High
Panambur_Beach,2026-07-17,2.7767,9.2512,270.925,59.6,13.9333,0.6964,2.66,12.9482,74.8074,Moderate
Sasihithlu_Beach,2026-07-17,2.5962,9.1462,269.5833,63.7,13.4542,0.6964,2.66,13.0189,74.7932,Low
Ullal_Beach,2026-07-17,2.7362,9.1767,271.5583,31.7,13.3542,0.8125,1.85,12.8153,74.8451,High
Panambur_Beach,2026-07-18,2.7038,9.1292,270.9667,74.6,14.1167,0.6962,2.66,12.9482,74.8074,Moderate
Sasihithlu_Beach,2026-07-18,2.7775,9.2663,270.4292,81.0,13.8,0.6962,2.66,13.0189,74.7932,Low
Ullal_Beach,2026-07-18,2.7692,9.2517,271.9167,42.8,13.6333,0.8142,1.85,12.8153,74.8451,High
Panambur_Beach,2026-07-19,2.5442,9.2667,269.7708,28.0,7.6583,0.696,2.66,12.9482,74.8074,Moderate
Sasihithlu_Beach,2026-07-19,2.5467,9.3075,269.3875,32.9,7.5333,0.696,2.66,13.0189,74.7932,Low
Ullal_Beach,2026-07-19,2.4888,9.2146,270.0333,28.9,7.4042,0.8125,1.85,12.8153,74.8451,High
Panambur_Beach,2026-07-20,2.3171,9.195,268.9542,14.6,5.625,0.6959,2.66,12.9482,74.8074,Moderate
Sasihithlu_Beach,2026-07-20,2.2279,9.2046,268.8208,12.6,5.7333,0.6959,2.66,13.0189,74.7932,Low
Ullal_Beach,2026-07-20,2.3479,9.1267,270.4083,11.3,5.5583,0.8096,1.85,12.8153,74.8451,High
Panambur_Beach,2026-07-21,2.3433,9.2367,269.2667,22.3,6.625,0.6957,2.66,12.9482,74.8074,Moderate
Sasihithlu_Beach,2026-07-21,2.3871,9.2592,268.9208,21.8,6.3542,0.6957,2.66,13.0189,74.7932,Low
Ullal_Beach,2026-07-21,2.3133,9.0887,270.4833,17.6,6.7583,0.8054,1.85,12.8153,74.8451,High
Panambur_Beach,2026-07-22,2.1004,9.1017,269.8458,1.5,11.7583,0.6955,2.66,12.9482,74.8074,Moderate
Sasihithlu_Beach,2026-07-22,2.1779,9.1846,269.7125,3.2,12.15,0.6955,2.66,13.0189,74.7932,Low
Ullal_Beach,2026-07-22,2.1762,9.1079,270.6292,1.3,10.6292,0.7988,1.85,12.8153,74.8451,High
Panambur_Beach,2026-07-23,2.0529,9.0662,268.3417,7.4,7.3333,0.6953,2.66,12.9482,74.8074,Moderate
Sasihithlu_Beach,2026-07-23,2.0021,9.0471,268.3667,7.9,7.3167,0.6953,2.66,13.0189,74.7932,Low
Ullal_Beach,2026-07-23,2.1329,9.0746,269.0625,10.4,7.0,0.7933,1.85,12.8153,74.8451,High
Panambur_Beach,2026-07-24,2.21,9.2192,268.2208,12.2,7.0833,0.6952,2.66,12.9482,74.8074,Moderate
Sasihithlu_Beach,2026-07-24,2.055,8.9933,267.0542,10.5,7.0292,0.6952,2.66,13.0189,74.7932,Low
Ullal_Beach,2026-07-24,2.2358,9.1088,270.6667,10.3,6.9375,0.7887,1.85,12.8153,74.8451,High
Panambur_Beach,2026-07-25,2.5525,9.2792,271.2292,6.2,14.2208,0.695,2.66,12.9482,74.8074,Moderate
Sasihithlu_Beach,2026-07-25,2.5121,9.3171,270.0167,5.8,14.3167,0.695,2.66,13.0189,74.7932,Low
Ullal_Beach,2026-07-25,2.5929,9.2325,272.2875,6.0,14.4042,0.7858,1.85,12.8153,74.8451,High
Panambur_Beach,2026-07-26,2.68,9.3538,271.0208,14.9,13.6792,0.6948,2.66,12.9482,74.8074,Moderate
Sasihithlu_Beach,2026-07-26,2.6687,9.3192,270.3417,12.8,14.1833,0.6948,2.66,13.0189,74.7932,Low
Ullal_Beach,2026-07-26,2.6396,9.2612,272.0125,14.2,13.4875,0.7858,1.85,12.8153,74.8451,High
Panambur_Beach,2026-07-27,2.5921,9.3892,270.2208,12.6,9.1708,0.6947,2.66,12.9482,74.8074,Moderate
Sasihithlu_Beach,2026-07-27,2.4312,9.2717,269.5125,13.3,9.2333,0.6947,2.66,13.0189,74.7932,Low
Ullal_Beach,2026-07-27,2.4417,9.2429,270.7042,7.2,9.2083,0.7879,1.85,12.8153,74.8451,High
Panambur_Beach,2026-07-28,2.165,9.0988,268.5292,7.0,6.65,0.6945,2.66,12.9482,74.8074,Moderate
Sasihithlu_Beach,2026-07-28,2.2229,9.1754,268.9167,7.7,6.5083,0.6945,2.66,13.0189,74.7932,Low
Ullal_Beach,2026-07-28,2.2929,9.1121,270.6083,8.2,6.3167,0.7929,1.85,12.8153,74.8451,High
Panambur_Beach,2026-07-29,2.3442,9.1483,269.075,16.8,9.3375,0.6943,2.66,12.9482,74.8074,Moderate
Sasihithlu_Beach,2026-07-29,2.3792,9.2762,268.5375,17.7,8.9292,0.6943,2.66,13.0189,74.7932,Low
Ullal_Beach,2026-07-29,2.5042,9.2733,271.1,19.5,9.3625,0.7979,1.85,12.8153,74.8451,High
Panambur_Beach,2026-07-30,2.6267,9.2367,269.8667,45.2,11.0292,0.6942,2.66,12.9482,74.8074,Moderate
Sasihithlu_Beach,2026-07-30,2.6446,9.32,269.7083,44.5,10.6417,0.6942,2.66,13.0189,74.7932,Low
Ullal_Beach,2026-07-30,2.6829,9.18,271.9375,42.2,11.2833,0.8038,1.85,12.8153,74.8451,High
Panambur_Beach,2026-07-31,2.4658,9.2233,269.6875,30.3,7.1458,0.694,2.66,12.9482,74.8074,Moderate
Sasihithlu_Beach,2026-07-31,2.4042,9.2779,268.725,27.6,7.0333,0.694,2.66,13.0189,74.7932,Low
Ullal_Beach,2026-07-31,2.4304,9.1221,269.8625,30.8,6.7708,0.8088,1.85,12.8153,74.8451,High
Panambur_Beach,2026-08-01,2.5796,9.2304,270.0875,41.0,7.6292,0.6938,2.66,12.9482,74.8074,Moderate
Sasihithlu_Beach,2026-08-01,2.4546,9.2054,270.0,41.3,7.2333,0.6938,2.66,13.0189,74.7932,Low
Ullal_Beach,2026-08-01,2.5304,9.2142,271.1833,39.7,8.1875,0.8117,1.85,12.8153,74.8451,High
Panambur_Beach,2026-08-02,0.5158,7.5254,255.6417,0.0,9.9625,0.7287,2.66,12.9482,74.8074,Moderate
Sasihithlu_Beach,2026-08-02,0.4883,7.6671,250.4333,0.3,9.4042,0.7287,2.66,13.0189,74.7932,Low
Ullal_Beach,2026-08-02,0.5404,7.315,257.4458,0.0,10.4583,0.8138,1.85,12.8153,74.8451,High
Panambur_Beach,2026-08-03,0.5733,7.3858,261.5625,0.0,12.5833,0.7234,2.66,12.9482,74.8074,Moderate
Sasihithlu_Beach,2026-08-03,0.5625,7.2525,263.8875,0.0,11.8792,0.7234,2.66,13.0189,74.7932,Low
Ullal_Beach,2026-08-03,0.6121,7.1892,266.8292,0.0,11.8792,0.8096,1.85,12.8153,74.8451,High
Panambur_Beach,2026-08-04,0.5708,8.2412,236.3833,0.0,10.4917,0.7185,2.66,12.9482,74.8074,Moderate
Sasihithlu_Beach,2026-08-04,0.5362,8.1575,237.0958,0.0,9.6167,0.7185,2.66,13.0189,74.7932,Low
Ullal_Beach,2026-08-04,0.6008,8.05,240.9917,0.1,10.0333,0.8108,1.85,12.8153,74.8451,High
Panambur_Beach,2026-08-05,0.6392,8.9788,226.7208,1.1,10.1875,0.7132,2.66,12.9482,74.8074,Moderate
Sasihithlu_Beach,2026-08-05,0.6142,8.7158,230.225,0.0,10.1208,0.7132,2.66,13.0189,74.7932,Low
Ullal_Beach,2026-08-05,0.6383,8.6625,226.075,1.9,9.5917,0.8033,1.85,12.8153,74.8451,High
Panambur_Beach,2026-08-06,1.2512,8.0412,255.8167,21.8,7.1292,0.7081,2.66,12.9482,74.8074,Moderate
Sasihithlu_Beach,2026-08-06,1.13,7.8867,259.2375,14.6,6.7625,0.7081,2.66,13.0189,74.7932,Low
Ullal_Beach,2026-08-06,1.1488,7.6733,258.0958,13.1,6.9333,0.8008,1.85,12.8153,74.8451,High
Panambur_Beach,2026-08-07,1.4204,8.8621,254.6917,2.2,7.3,0.7028,2.66,12.9482,74.8074,Moderate
Sasihithlu_Beach,2026-08-07,1.3921,8.9133,253.1167,2.4,7.2792,0.7028,2.66,13.0189,74.7932,Low
Ullal_Beach,2026-08-07,1.3008,8.7317,252.125,3.7,6.7542,0.7925,1.85,12.8153,74.8451,High
Panambur_Beach,2026-08-08,2.4208,9.2208,270.1458,23.5,6.7292,0.6977,2.66,12.9482,74.8074,Moderate
Sasihithlu_Beach,2026-08-08,2.4867,9.2521,269.5625,24.2,6.8708,0.6977,2.66,13.0189,74.7932,Low
Ullal_Beach,2026-08-08,2.5158,9.2546,270.8292,21.6,6.4708,0.7887,1.85,12.8153,74.8451,High
Panambur_Beach,2026-08-09,2.0125,8.7067,268.675,52.3,9.9792,0.6924,2.66,12.9482,74.8074,Moderate
Sasihithlu_Beach,2026-08-09,1.9892,8.4583,270.4083,55.5,9.575,0.6924,2.66,13.0189,74.7932,Low
Ullal_Beach,2026-08-09,2.0508,8.5412,271.8625,43.6,9.2417,0.785,1.85,12.8153,74.8451,High
Panambur_Beach,2026-08-10,1.34,8.2896,255.0792,16.4,7.75,0.6872,2.66,12.9482,74.8074,Moderate
Sasihithlu_Beach,2026-08-10,1.2833,8.2917,255.5125,16.8,7.7667,0.6872,2.66,13.0189,74.7932,Low
Ullal_Beach,2026-08-10,1.4025,8.0408,259.1333,14.1,8.1125,0.7875,1.85,12.8153,74.8451,High
Panambur_Beach,2026-08-11,0.8921,8.5917,229.5542,8.2,7.3125,0.6821,2.66,12.9482,74.8074,Moderate
Sasihithlu_Beach,2026-08-11,0.8517,8.6496,229.2583,9.2,7.1625,0.6821,2.66,13.0189,74.7932,Low
Ullal_Beach,2026-08-11,0.965,8.3083,230.4958,12.4,6.8667,0.7887,1.85,12.8153,74.8451,High
Panambur_Beach,2026-08-12,0.5171,9.2992,210.4375,0.2,7.6833,0.6768,2.66,12.9482,74.8074,Moderate
Sasihithlu_Beach,2026-08-12,0.4888,9.3083,212.3042,0.8,6.8458,0.6768,2.66,13.0189,74.7932,Low
Ullal_Beach,2026-08-12,0.5033,8.8975,207.8542,0.0,7.5,0.7962,1.85,12.8153,74.8451,High
Panambur_Beach,2026-08-13,0.5183,8.9092,224.375,4.0,10.2208,0.6717,2.66,12.9482,74.8074,Moderate
Sasihithlu_Beach,2026-08-13,0.4925,8.7592,230.1917,5.6,8.5917,0.6717,2.66,13.0189,74.7932,Low
Ullal_Beach,2026-08-13,0.54,8.1762,234.4,5.7,8.5125,0.7988,1.85,12.8153,74.8451,High
Panambur_Beach,2026-08-14,1.595,8.4825,265.9417,7.8,7.3708,0.6916,2.66,12.9482,74.8074,Moderate
Sasihithlu_Beach,2026-08-14,1.5967,8.5679,264.9375,9.1,7.0042,0.6916,2.66,13.0189,74.7932,Low
Ullal_Beach,2026-08-14,1.535,8.5358,264.5,6.8,7.475,0.805,1.85,12.8153,74.8451,High
Panambur_Beach,2026-08-15,1.7396,8.5887,266.9167,9.0,9.4583,0.6914,2.66,12.9482,74.8074,Moderate
Sasihithlu_Beach,2026-08-15,1.7387,8.6083,267.2333,9.1,9.1583,0.6914,2.66,13.0189,74.7932,Low
Ullal_Beach,2026-08-15,1.7171,8.4792,266.7958,6.6,8.7417,0.8092,1.85,12.8153,74.8451,High
Panambur_Beach,2026-08-16,1.8071,8.5333,267.3375,6.8,13.7,0.6913,2.66,12.9482,74.8074,Moderate
Sasihithlu_Beach,2026-08-16,1.7838,8.59,265.9333,7.3,13.75,0.6913,2.66,13.0189,74.7932,Low
Ullal_Beach,2026-08-16,1.6738,8.5842,264.7667,4.0,12.7083,0.8129,1.85,12.8153,74.8451,High
Panambur_Beach,2026-08-17,1.9517,8.6138,269.8417,21.9,10.6125,0.6911,2.66,12.9482,74.8074,Moderate
Sasihithlu_Beach,2026-08-17,1.8775,8.5304,268.2583,23.9,9.7917,0.6911,2.66,13.0189,74.7932,Low
Ullal_Beach,2026-08-17,1.8212,8.5333,268.4667,14.1,10.025,0.8125,1.85,12.8153,74.8451,High
Panambur_Beach,2026-08-18,2.0338,8.6075,268.9833,37.6,11.3667,0.6909,2.66,12.9482,74.8074,Moderate
Sasihithlu_Beach,2026-08-18,1.9758,8.5408,269.7542,41.1,10.925,0.6909,2.66,13.0189,74.7932,Low
Ullal_Beach,2026-08-18,1.9679,8.5083,270.85,22.7,10.8,0.8129,1.85,12.8153,74.8451,High
Panambur_Beach,2026-08-19,1.7525,8.5438,267.7875,12.6,8.3333,0.6907,2.66,12.9482,74.8074,Moderate
Sasihithlu_Beach,2026-08-19,1.8262,8.5688,269.4042,15.5,7.95,0.6907,2.66,13.0189,74.7932,Low
Ullal_Beach,2026-08-19,1.7125,8.535,266.8125,12.6,8.5167,0.8067,1.85,12.8153,74.8451,High
Panambur_Beach,2026-08-20,1.3054,8.45,261.1833,5.8,7.7833,0.6906,2.66,12.9482,74.8074,Moderate
Sasihithlu_Beach,2026-08-20,1.455,8.53,262.6917,6.3,7.375,0.6906,2.66,13.0189,74.7932,Low
Ullal_Beach,2026-08-20,1.5154,8.4379,264.925,6.1,8.2833,0.8017,1.85,12.8153,74.8451,High
Panambur_Beach,2026-08-21,1.5479,8.3183,265.4583,19.2,6.925,0.6904,2.66,12.9482,74.8074,Moderate
Sasihithlu_Beach,2026-08-21,1.4962,8.3425,264.5917,20.2,6.4292,0.6904,2.66,13.0189,74.7932,Low
Ullal_Beach,2026-08-21,1.7225,8.5021,267.5333,15.4,6.9375,0.7962,1.85,12.8153,74.8451,High
Panambur_Beach,2026-08-22,1.7283,8.5992,267.2375,14.5,7.6583,0.6902,2.66,12.9482,74.8074,Moderate
Sasihithlu_Beach,2026-08-22,1.6425,8.3725,267.6042,15.8,7.5583,0.6902,2.66,13.0189,74.7932,Low
Ullal_Beach,2026-08-22,1.7233,8.4813,266.4375,11.8,7.4792,0.7917,1.85,12.8153,74.8451,High
Panambur_Beach,2026-08-23,1.4704,8.4546,263.9542,7.6,6.45,0.6901,2.66,12.9482,74.8074,Moderate
Sasihithlu_Beach,2026-08-23,1.3812,8.3821,263.2833,7.1,6.6208,0.6901,2.66,13.0189,74.7932,Low
Ullal_Beach,2026-08-23,1.435,8.5,262.7042,6.3,6.1875,0.7875,1.85,12.8153,74.8451,High
Panambur_Beach,2026-08-24,1.4083,8.49,262.6792,4.7,5.4,0.6899,2.66,12.9482,74.8074,Moderate
Sasihithlu_Beach,2026-08-24,1.3554,8.5196,262.0208,4.6,5.6833,0.6899,2.66,13.0189,74.7932,Low
Ullal_Beach,2026-08-24,1.3825,8.4421,262.0167,4.9,4.9875,0.7846,1.85,12.8153,74.8451,High
Panambur_Beach,2026-08-25,1.2333,8.4588,260.2125,2.4,5.2417,0.6897,2.66,12.9482,74.8074,Moderate
Sasihithlu_Beach,2026-08-25,1.2154,8.4567,260.8583,2.5,5.0292,0.6897,2.66,13.0189,74.7932,Low
Ullal_Beach,2026-08-25,1.2171,8.4317,259.4917,2.2,5.9375,0.7871,1.85,12.8153,74.8451,High
Panambur_Beach,2026-08-26,1.4508,8.5429,263.0125,3.5,9.0292,0.6896,2.66,12.9482,74.8074,Moderate
Sasihithlu_Beach,2026-08-26,1.3742,8.5183,261.5833,4.1,8.7,0.6896,2.66,13.0189,74.7932,Low
Ullal_Beach,2026-08-26,1.4062,8.4083,262.5958,3.1,9.6083,0.7904,1.85,12.8153,74.8451,High
Panambur_Beach,2026-08-27,1.3542,8.4208,263.3042,1.2,10.1792,0.6894,2.66,12.9482,74.8074,Moderate
Sasihithlu_Beach,2026-08-27,1.3408,8.4346,262.1,1.7,9.6625,0.6894,2.66,13.0189,74.7932,Low
Ullal_Beach,2026-08-27,1.475,8.5433,263.1625,1.2,10.4833,0.7938,1.85,12.8153,74.8451,High
Panambur_Beach,2026-08-28,1.4804,8.3912,265.2,2.4,9.3042,0.6892,2.66,12.9482,74.8074,Moderate
Sasihithlu_Beach,2026-08-28,1.4475,8.5417,262.6875,2.9,8.9958,0.6892,2.66,13.0189,74.7932,Low
Ullal_Beach,2026-08-28,1.34,8.4829,260.175,1.7,9.0083,0.8,1.85,12.8153,74.8451,High
Panambur_Beach,2026-08-29,1.3196,8.4425,262.0583,1.3,7.1417,0.689,2.66,12.9482,74.8074,Moderate
Sasihithlu_Beach,2026-08-29,1.255,8.5179,260.0708,2.0,6.7792,0.689,2.66,13.0189,74.7932,Low
Ullal_Beach,2026-08-29,1.3217,8.4446,262.1792,1.3,7.5208,0.8067,1.85,12.8153,74.8451,High
Panambur_Beach,2026-08-30,1.3388,8.4467,262.575,5.1,6.0833,0.6889,2.66,12.9482,74.8074,Moderate
Sasihithlu_Beach,2026-08-30,1.3263,8.5142,260.4542,5.7,5.9875,0.6889,2.66,13.0189,74.7932,Low
Ullal_Beach,2026-08-30,1.3929,8.4396,262.6625,4.5,6.1625,0.8108,1.85,12.8153,74.8451,High
Panambur_Beach,2026-08-31,1.4054,8.5462,262.2875,11.1,6.9458,0.6887,2.66,12.9482,74.8074,Moderate
Sasihithlu_Beach,2026-08-31,1.5404,8.6142,264.4792,10.1,6.6792,0.6887,2.66,13.0189,74.7932,Low
Ullal_Beach,2026-08-31,1.4104,8.4271,263.3125,7.6,7.2292,0.8129,1.85,12.8153,74.8451,High
Panambur_Beach,2026-09-01,1.2888,8.6033,260.025,2.1,7.1375,0.6885,2.66,12.9482,74.8074,Moderate
Sasihithlu_Beach,2026-09-01,1.24,8.4771,259.8542,1.8,6.9083,0.6885,2.66,13.0189,74.7932,Low
Ullal_Beach,2026-09-01,1.31,8.4908,261.1667,1.6,7.1792,0.8133,1.85,12.8153,74.8451,High
Panambur_Beach,2026-09-02,0.5412,7.5092,258.75,0.0,10.8042,0.7285,2.66,12.9482,74.8074,Moderate
Sasihithlu_Beach,2026-09-02,0.5246,7.4104,260.5625,0.0,10.6417,0.7285,2.66,13.0189,74.7932,Low
Ullal_Beach,2026-09-02,0.5454,7.3717,254.9875,0.1,10.275,0.8121,1.85,12.8153,74.8451,High
Panambur_Beach,2026-09-03,0.5963,7.4246,265.9375,0.0,9.525,0.7233,2.66,12.9482,74.8074,Moderate
Sasihithlu_Beach,2026-09-03,0.5658,7.4292,263.9542,0.0,9.1292,0.7233,2.66,13.0189,74.7932,Low
Ullal_Beach,2026-09-03,0.615,7.3679,264.8167,0.0,9.3583,0.8038,1.85,12.8153,74.8451,High
Panambur_Beach,2026-09-04,0.5754,8.2933,236.0208,0.2,11.3083,0.7183,2.66,12.9482,74.8074,Moderate
Sasihithlu_Beach,2026-09-04,0.5633,8.0771,240.8125,0.0,10.6583,0.7183,2.66,13.0189,74.7932,Low
Ullal_Beach,2026-09-04,0.5838,8.2638,237.4875,0.2,10.8958,0.8067,1.85,12.8153,74.8451,High
Panambur_Beach,2026-09-05,0.6533,8.9025,226.6708,0.0,10.8333,0.7131,2.66,12.9482,74.8074,Moderate
Sasihithlu_Beach,2026-09-05,0.6117,8.8512,228.5708,0.0,10.5667,0.7131,2.66,13.0189,74.7932,Low
Ullal_Beach,2026-09-05,0.6654,8.6912,226.6625,0.0,10.3458,0.7971,1.85,12.8153,74.8451,High
Panambur_Beach,2026-09-06,0.9342,8.2067,251.6042,0.0,11.0875,0.7079,2.66,12.9482,74.8074,Moderate
Sasihithlu_Beach,2026-09-06,0.8888,7.9321,259.6375,0.0,10.8042,0.7079,2.66,13.0189,74.7932,Low
Ullal_Beach,2026-09-06,0.91,8.1883,252.5583,0.0,11.1083,0.795,1.85,12.8153,74.8451,High
Panambur_Beach,2026-09-07,1.4542,8.8862,254.325,5.2,6.1875,0.7027,2.66,12.9482,74.8074,Moderate
Sasihithlu_Beach,2026-09-07,1.4483,8.9729,253.6542,6.3,6.2583,0.7027,2.66,13.0189,74.7932,Low
Ullal_Beach,2026-09-07,1.3825,8.7508,253.1458,7.7,6.6917,0.7879,1.85,12.8153,74.8451,High
Panambur_Beach,2026-09-08,2.4575,9.2912,269.9917,21.9,5.775,0.6976,2.66,12.9482,74.8074,Moderate
Sasihithlu_Beach,2026-09-08,2.3992,9.2354,268.875,22.0,5.525,0.6976,2.66,13.0189,74.7932,Low
Ullal_Beach,2026-09-08,2.4062,9.2454,270.525,18.4,4.5667,0.7871,1.85,12.8153,74.8451,High
Panambur_Beach,2026-09-09,2.2133,8.6921,267.0625,58.3,14.075,0.6923,2.66,12.9482,74.8074,Moderate
Sasihithlu_Beach,2026-09-09,2.1096,8.6038,266.925,58.1,13.7708,0.6923,2.66,13.0189,74.7932,Low
Ullal_Beach,2026-09-09,2.1162,8.5192,267.6167,59.4,13.6417,0.7854,1.85,12.8153,74.8451,High
Panambur_Beach,2026-09-10,1.3779,8.17,257.9792,13.8,10.2417,0.687,2.66,12.9482,74.8074,Moderate
Sasihithlu_Beach,2026-09-10,1.3117,8.2254,256.55,9.8,10.3583,0.687,2.66,13.0189,74.7932,Low
Ullal_Beach,2026-09-10,1.3712,8.0246,258.7833,8.6,9.8917,0.7904,1.85,12.8153,74.8451,High
Panambur_Beach,2026-09-11,0.8438,8.8612,224.2417,9.4,7.5583,0.6819,2.66,12.9482,74.8074,Moderate
Sasihithlu_Beach,2026-09-11,0.9204,8.6967,228.6042,8.1,7.4917,0.6819,2.66,13.0189,74.7932,Low
Ullal_Beach,2026-09-11,0.8708,8.5883,229.425,7.0,6.6583,0.7946,1.85,12.8153,74.8451,High
Panambur_Beach,2026-09-12,0.5012,9.3725,206.825,0.7,6.8208,0.6766,2.66,12.9482,74.8074,Moderate
Sasihithlu_Beach,2026-09-12,0.4533,9.4467,207.3917,0.5,6.8667,0.6766,2.66,13.0189,74.7932,Low
Ullal_Beach,2026-09-12,0.5,9.1392,204.25,0.7,6.8,0.8021,1.85,12.8153,74.8451,High
Panambur_Beach,2026-09-13,0.5271,8.8854,226.3042,3.0,9.15,0.6715,2.66,12.9482,74.8074,Moderate
Sasihithlu_Beach,2026-09-13,0.5042,8.7792,227.5833,1.9,9.1083,0.6715,2.66,13.0189,74.7932,Low
Ullal_Beach,2026-09-13,0.5546,8.3138,233.7125,4.2,8.0208,0.8046,1.85,12.8153,74.8451,High
Panambur_Beach,2026-09-14,1.4171,8.0804,256.8333,21.3,8.4792,0.6863,2.66,12.9482,74.8074,Moderate
Sasihithlu_Beach,2026-09-14,1.37,8.2308,256.0917,21.7,8.0083,0.6863,2.66,13.0189,74.7932,Low
Ullal_Beach,2026-09-14,1.4729,8.0375,259.5417,15.8,8.0,0.8125,1.85,12.8153,74.8451,High
Panambur_Beach,2026-09-15,1.4612,8.1254,258.7667,12.7,7.9917,0.6861,2.66,12.9482,74.8074,Moderate
Sasihithlu_Beach,2026-09-15,1.3867,8.0342,258.1,15.2,7.65,0.6861,2.66,13.0189,74.7932,Low
Ullal_Beach,2026-09-15,1.4679,7.9292,260.1,13.2,8.0667,0.8146,1.85,12.8153,74.8451,High
Panambur_Beach,2026-09-16,1.4746,8.1408,257.4708,19.4,9.2375,0.686,2.66,12.9482,74.8074,Moderate
Sasihithlu_Beach,2026-09-16,1.3667,8.2725,253.8583,22.5,8.6625,0.686,2.66,13.0189,74.7932,Low
Ullal_Beach,2026-09-16,1.6017,7.8883,261.1042,19.3,9.6625,0.8142,1.85,12.8153,74.8451,High
Panambur_Beach,2026-09-17,1.45,8.2104,256.65,25.3,7.2625,0.6858,2.66,12.9482,74.8074,Moderate
Sasihithlu_Beach,2026-09-17,1.3867,8.1762,256.7667,25.5,6.9875,0.6858,2.66,13.0189,74.7932,Low
Ullal_Beach,2026-09-17,1.4933,8.0379,259.3833,21.7,7.3208,0.8108,1.85,12.8153,74.8451,High
Panambur_Beach,2026-09-18,1.3921,8.1521,259.4,20.7,7.7375,0.6856,2.66,12.9482,74.8074,Moderate
Sasihithlu_Beach,2026-09-18,1.3267,8.3125,254.8083,22.3,7.2417,0.6856,2.66,13.0189,74.7932,Low
Ullal_Beach,2026-09-18,1.4671,8.0667,260.3125,21.5,8.0042,0.805,1.85,12.8153,74.8451,High
Panambur_Beach,2026-09-19,1.5025,8.0104,257.9458,56.8,11.2417,0.6855,2.66,12.9482,74.8074,Moderate
Sasihithlu_Beach,2026-09-19,1.4854,8.01,258.9542,53.0,10.625,0.6855,2.66,13.0189,74.7932,Low
Ullal_Beach,2026-09-19,1.6021,7.8967,259.8583,40.3,11.6417,0.7996,1.85,12.8153,74.8451,High
Panambur_Beach,2026-09-20,1.6279,7.69,259.9833,105.9,18.0083,0.6853,2.66,12.9482,74.8074,Moderate
Sasihithlu_Beach,2026-09-20,1.5817,7.74,259.6917,106.1,17.4583,0.6853,2.66,13.0189,74.7932,Low
Ullal_Beach,2026-09-20,1.6496,7.6312,260.6,63.5,17.9625,0.7942,1.85,12.8153,74.8451,High
Panambur_Beach,2026-09-21,1.6588,7.5029,260.4667,105.3,23.6542,0.6851,2.66,12.9482,74.8074,Moderate
Sasihithlu_Beach,2026-09-21,1.6267,7.56,260.1708,106.8,23.2208,0.6851,2.66,13.0189,74.7932,Low
Ullal_Beach,2026-09-21,1.6562,7.3738,261.2625,77.9,22.6125,0.7887,1.85,12.8153,74.8451,High
Panambur_Beach,2026-09-22,1.7633,7.4717,261.6375,58.8,22.5292,0.685,2.66,12.9482,74.8074,Moderate
Sasihithlu_Beach,2026-09-22,1.7167,7.5233,261.1333,61.0,21.9625,0.685,2.66,13.0189,74.7932,Low
Ullal_Beach,2026-09-22,1.745,7.4092,261.9667,47.2,22.1292,0.7867,1.85,12.8153,74.8451,High
Panambur_Beach,2026-09-23,1.505,7.9129,259.8292,9.7,14.7375,0.6848,2.66,12.9482,74.8074,Moderate
Sasihithlu_Beach,2026-09-23,1.4671,8.0333,258.4792,11.7,14.2875,0.6848,2.66,13.0189,74.7932,Low
Ullal_Beach,2026-09-23,1.4788,7.9054,260.0458,8.7,14.4125,0.7858,1.85,12.8153,74.8451,High
Panambur_Beach,2026-09-24,1.3858,8.1842,258.5667,7.3,11.075,0.6846,2.66,12.9482,74.8074,Moderate
Sasihithlu_Beach,2026-09-24,1.3688,8.2488,257.0458,8.4,10.5833,0.6846,2.66,13.0189,74.7932,Low
Ullal_Beach,2026-09-24,1.3729,8.1475,257.7958,5.4,10.4542,0.7879,1.85,12.8153,74.8451,High
Panambur_Beach,2026-09-25,1.2896,8.2479,256.8208,5.9,7.1792,0.6844,2.66,12.9482,74.8074,Moderate
Sasihithlu_Beach,2026-09-25,1.3263,8.1146,257.7,6.4,7.1833,0.6844,2.66,13.0189,74.7932,Low
Ullal_Beach,2026-09-25,1.3292,7.9879,259.9333,6.4,7.2,0.7917,1.85,12.8153,74.8451,High
Panambur_Beach,2026-09-26,1.2058,8.3604,255.0458,2.1,6.025,0.6843,2.66,12.9482,74.8074,Moderate
Sasihithlu_Beach,2026-09-26,1.2258,8.3721,256.7167,2.7,5.9583,0.6843,2.66,13.0189,74.7932,Low
Ullal_Beach,2026-09-26,1.2262,8.2788,254.9042,1.6,6.1458,0.7979,1.85,12.8153,74.8451,High
Panambur_Beach,2026-09-27,1.2742,8.51,254.0833,4.8,4.2,0.6841,2.66,12.9482,74.8074,Moderate
Sasihithlu_Beach,2026-09-27,1.2933,8.2508,258.9625,5.6,4.1208,0.6841,2.66,13.0189,74.7932,Low
Ullal_Beach,2026-09-27,1.2971,8.2179,257.4875,5.4,4.0083,0.8025,1.85,12.8153,74.8451,High
Panambur_Beach,2026-09-28,1.2417,8.3746,254.975,2.0,5.4792,0.6839,2.66,12.9482,74.8074,Moderate
Sasihithlu_Beach,2026-09-28,1.2438,8.2962,257.1708,2.5,5.2333,0.6839,2.66,13.0189,74.7932,Low
Ullal_Beach,2026-09-28,1.245,8.2838,255.1333,2.4,5.6042,0.8088,1.85,12.8153,74.8451,High
Panambur_Beach,2026-09-29,1.1937,8.4858,254.7417,0.7,9.4875,0.6838,2.66,12.9482,74.8074,Moderate
Sasihithlu_Beach,2026-09-29,1.1371,8.45,253.4917,0.8,9.15,0.6838,2.66,13.0189,74.7932,Low
Ullal_Beach,2026-09-29,1.1608,8.2604,254.2625,0.5,9.7292,0.8125,1.85,12.8153,74.8451,High
Panambur_Beach,2026-09-30,1.1954,8.37,255.2417,1.5,8.6875,0.6836,2.66,12.9482,74.8074,Moderate
Sasihithlu_Beach,2026-09-30,1.1975,8.4279,255.125,1.2,8.2375,0.6836,2.66,13.0189,74.7932,Low
Ullal_Beach,2026-09-30,1.185,8.3312,254.0375,1.0,8.5833,0.8146,1.85,12.8153,74.8451,High
Panambur_Beach,2026-10-01,1.22,8.3438,255.0833,3.1,7.0667,0.6834,2.66,12.9482,74.8074,Moderate
Sasihithlu_Beach,2026-10-01,1.2317,8.255,255.9042,4.0,6.85,0.6834,2.66,13.0189,74.7932,Low
Ullal_Beach,2026-10-01,1.2675,8.1063,258.275,2.7,7.3958,0.8129,1.85,12.8153,74.8451,High
Panambur_Beach,2026-10-02,0.5217,7.91,251.075,0.0,8.85,0.7284,2.66,12.9482,74.8074,Moderate
Sasihithlu_Beach,2026-10-02,0.4975,7.7962,249.3667,0.0,8.5458,0.7284,2.66,13.0189,74.7932,Low
Ullal_Beach,2026-10-02,0.5321,7.5271,254.0417,0.0,8.75,0.8058,1.85,12.8153,74.8451,High
Panambur_Beach,2026-10-03,0.6083,7.3754,265.8083,0.0,9.425,0.7231,2.66,12.9482,74.8074,Moderate
Sasihithlu_Beach,2026-10-03,0.5654,7.5067,263.4042,0.0,8.7375,0.7231,2.66,13.0189,74.7932,Low
Ullal_Beach,2026-10-03,0.6117,7.1775,267.4042,0.0,9.1292,0.7971,1.85,12.8153,74.8451,High
Panambur_Beach,2026-10-04,0.5983,7.8712,247.1333,0.0,11.3375,0.7182,2.66,12.9482,74.8074,Moderate
Sasihithlu_Beach,2026-10-04,0.5492,8.2121,237.6792,0.0,10.6417,0.7182,2.66,13.0189,74.7932,Low
Ullal_Beach,2026-10-04,0.5896,7.945,240.5792,0.0,11.3583,0.8,1.85,12.8153,74.8451,High
Panambur_Beach,2026-10-05,0.6346,8.9562,225.2542,0.1,9.55,0.7129,2.66,12.9482,74.8074,Moderate
Sasihithlu_Beach,2026-10-05,0.615,8.7733,231.6708,0.1,9.5208,0.7129,2.66,13.0189,74.7932,Low
Ullal_Beach,2026-10-05,0.6533,8.8875,221.7542,0.0,9.0708,0.7917,1.85,12.8153,74.8451,High
Panambur_Beach,2026-10-06,1.0417,8.0,255.9375,1.1,9.7042,0.7078,2.66,12.9482,74.8074,Moderate
Sasihithlu_Beach,2026-10-06,1.0388,8.0338,256.9292,0.6,9.2333,0.7078,2.66,13.0189,74.7932,Low
Ullal_Beach,2026-10-06,1.0088,8.0175,255.9708,1.2,10.025,0.7892,1.85,12.8153,74.8451,High
Panambur_Beach,2026-10-07,1.5433,8.8829,256.1167,16.3,8.6083,0.7025,2.66,12.9482,74.8074,Moderate
Sasihithlu_Beach,2026-10-07,1.4925,8.8492,255.7,17.4,8.1292,0.7025,2.66,13.0189,74.7932,Low
Ullal_Beach,2026-10-07,1.4054,8.7517,252.6083,13.3,8.9,0.785,1.85,12.8153,74.8451,High
Panambur_Beach,2026-10-08,2.3662,9.1921,269.0833,30.4,7.2333,0.6974,2.66,12.9482,74.8074,Moderate
Sasihithlu_Beach,2026-10-08,2.4442,9.2433,268.7417,35.6,7.2708,0.6974,2.66,13.0189,74.7932,Low
Ullal_Beach,2026-10-08,2.4762,9.19,270.7625,24.6,6.8625,0.7842,1.85,12.8153,74.8451,High
Panambur_Beach,2026-10-09,2.0071,8.5838,269.3,80.4,7.4208,0.6921,2.66,12.9482,74.8074,Moderate
Sasihithlu_Beach,2026-10-09,1.94,8.6208,268.5083,93.5,7.3708,0.6921,2.66,13.0189,74.7932,Low
Ullal_Beach,2026-10-09,2.0646,8.8025,270.0583,66.8,7.4125,0.7887,1.85,12.8153,74.8451,High
Panambur_Beach,2026-10-10,1.5358,7.8862,258.9625,46.5,13.0708,0.6868,2.66,12.9482,74.8074,Moderate
Sasihithlu_Beach,2026-10-10,1.4371,8.0208,256.5167,42.0,13.1333,0.6868,2.66,13.0189,74.7932,Low
Ullal_Beach,2026-10-10,1.5829,7.8688,259.3167,45.4,13.1875,0.7962,1.85,12.8153,74.8451,High
Panambur_Beach,2026-10-11,0.9212,8.7325,227.625,11.6,5.7333,0.6817,2.66,12.9482,74.8074,Moderate
Sasihithlu_Beach,2026-10-11,0.8779,8.5204,228.9667,8.9,5.3458,0.6817,2.66,13.0189,74.7932,Low
Ullal_Beach,2026-10-11,0.8675,8.5454,224.3833,13.8,5.6,0.7988,1.85,12.8153,74.8451,High
Panambur_Beach,2026-10-12,0.4967,9.2429,209.8958,0.0,8.1125,0.6764,2.66,12.9482,74.8074,Moderate
Sasihithlu_Beach,2026-10-12,0.4696,9.5383,206.9,0.0,7.0375,0.6764,2.66,13.0189,74.7932,Low
Ullal_Beach,2026-10-12,0.5338,8.9479,209.875,0.0,11.0667,0.8083,1.85,12.8153,74.8451,High
Panambur_Beach,2026-10-13,0.5438,8.5233,231.3167,9.1,6.125,0.6713,2.66,12.9482,74.8074,Moderate
Sasihithlu_Beach,2026-10-13,0.5067,8.4225,237.8917,2.8,6.0958,0.6713,2.66,13.0189,74.7932,Low
Ullal_Beach,2026-10-13,0.5621,8.3654,231.5917,11.8,6.8667,0.8092,1.85,12.8153,74.8451,High
Panambur_Beach,2026-10-14,1.0079,8.5187,226.125,25.0,9.2792,0.6812,2.66,12.9482,74.8074,Moderate
Sasihithlu_Beach,2026-10-14,1.0308,8.5096,224.4292,23.8,9.1625,0.6812,2.66,13.0189,74.7932,Low
Ullal_Beach,2026-10-14,1.065,8.405,228.7583,21.0,9.125,0.8133,1.85,12.8153,74.8451,High
Panambur_Beach,2026-10-15,1.2988,8.1671,227.6542,45.7,12.1875,0.681,2.66,12.9482,74.8074,Moderate
Sasihithlu_Beach,2026-10-15,1.1929,8.2204,226.0042,48.6,11.725,0.681,2.66,13.0189,74.7932,Low
Ullal_Beach,2026-10-15,1.2517,8.1083,225.8375,42.5,12.0042,0.8129,1.85,12.8153,74.8451,High
Panambur_Beach,2026-10-16,1.2658,7.9417,225.5167,25.1,12.8542,0.6809,2.66,12.9482,74.8074,Moderate
Sasihithlu_Beach,2026-10-16,1.155,8.1621,223.5875,26.8,12.6667,0.6809,2.66,13.0189,74.7932,Low
Ullal_Beach,2026-10-16,1.2242,7.9575,227.2333,15.8,12.6375,0.8125,1.85,12.8153,74.8451,High
Panambur_Beach,2026-10-17,0.8767,8.6696,224.8583,5.2,8.8458,0.6807,2.66,12.9482,74.8074,Moderate
Sasihithlu_Beach,2026-10-17,0.9692,8.6496,228.9042,4.2,9.3292,0.6807,2.66,13.0189,74.7932,Low
Ullal_Beach,2026-10-17,0.8979,8.7137,222.9167,3.9,8.65,0.8083,1.85,12.8153,74.8451,High
Panambur_Beach,2026-10-18,0.9129,8.6317,228.8375,0.8,9.6,0.6805,2.66,12.9482,74.8074,Moderate
Sasihithlu_Beach,2026-10-18,0.9746,8.4742,230.0667,0.7,10.0167,0.6805,2.66,13.0189,74.7932,Low
Ullal_Beach,2026-10-18,0.9538,8.3712,232.4625,1.5,8.7125,0.8025,1.85,12.8153,74.8451,High
Panambur_Beach,2026-10-19,0.8679,8.73,227.4292,1.6,6.9083,0.6804,2.66,12.9482,74.8074,Moderate
Sasihithlu_Beach,2026-10-19,0.8633,8.6971,228.2833,1.8,6.875,0.6804,2.66,13.0189,74.7932,Low
Ullal_Beach,2026-10-19,0.8938,8.4621,229.675,1.6,6.5958,0.7971,1.85,12.8153,74.8451,High
Panambur_Beach,2026-10-20,0.81,8.5887,227.6875,1.3,5.9208,0.6802,2.66,12.9482,74.8074,Moderate
Sasihithlu_Beach,2026-10-20,0.8721,8.6829,230.4667,1.3,5.9667,0.6802,2.66,13.0189,74.7932,Low
Ullal_Beach,2026-10-20,0.9233,8.4842,230.3,1.4,5.55,0.7913,1.85,12.8153,74.8451,High
Panambur_Beach,2026-10-21,0.9333,8.6388,226.85,9.2,7.4167,0.68,2.66,12.9482,74.8074,Moderate
Sasihithlu_Beach,2026-10-21,0.7671,8.8462,220.5667,12.1,7.1333,0.68,2.66,13.0189,74.7932,Low
Ullal_Beach,2026-10-21,0.8633,8.7596,225.8708,6.5,7.4292,0.7879,1.85,12.8153,74.8451,High
Panambur_Beach,2026-10-22,0.8917,8.6867,223.6375,8.6,5.875,0.6798,2.66,12.9482,74.8074,Moderate
Sasihithlu_Beach,2026-10-22,0.77,8.9721,219.6917,10.7,5.4583,0.6798,2.66,13.0189,74.7932,Low
Ullal_Beach,2026-10-22,0.8279,8.5962,223.2167,7.8,5.7833,0.7867,1.85,12.8153,74.8451,High
Panambur_Beach,2026-10-23,0.9867,8.475,229.9792,27.4,8.6958,0.6797,2.66,12.9482,74.8074,Moderate
Sasihithlu_Beach,2026-10-23,0.9517,8.5242,226.3542,27.6,7.9792,0.6797,2.66,13.0189,74.7932,Low
Ullal_Beach,2026-10-23,0.9867,8.5229,225.5042,23.3,8.4333,0.7879,1.85,12.8153,74.8451,High
Panambur_Beach,2026-10-24,1.1312,8.2675,227.0583,14.6,12.1417,0.6795,2.66,12.9482,74.8074,Moderate
Sasihithlu_Beach,2026-10-24,1.1017,8.3925,224.9333,12.9,12.6958,0.6795,2.66,13.0189,74.7932,Low
Ullal_Beach,2026-10-24,0.9154,8.2079,230.9708,13.1,10.4708,0.7892,1.85,12.8153,74.8451,High
Panambur_Beach,2026-10-25,1.0396,8.3083,230.0583,4.6,11.8208,0.6793,2.66,12.9482,74.8074,Moderate
Sasihithlu_Beach,2026-10-25,1.0363,8.355,226.9292,5.5,11.9333,0.6793,2.66,13.0189,74.7932,Low
Ullal_Beach,2026-10-25,1.0804,8.2938,228.1375,6.6,11.075,0.795,1.85,12.8153,74.8451,High
Panambur_Beach,2026-10-26,0.8512,8.7779,227.725,0.0,7.6958,0.6792,2.66,12.9482,74.8074,Moderate
Sasihithlu_Beach,2026-10-26,0.8262,8.7538,227.0417,0.1,7.6375,0.6792,2.66,13.0189,74.7932,Low
Ullal_Beach,2026-10-26,0.8583,8.5625,226.5708,0.1,7.3792,0.8004,1.85,12.8153,74.8451,High
Panambur_Beach,2026-10-27,0.8788,8.7875,228.6125,2.4,5.9917,0.679,2.66,12.9482,74.8074,Moderate
Sasihithlu_Beach,2026-10-27,0.8688,8.5883,231.3833,3.7,5.7625,0.679,2.66,13.0189,74.7932,Low
Ullal_Beach,2026-10-27,0.9867,8.3279,235.2417,0.0,6.1833,0.8067,1.85,12.8153,74.8451,High
Panambur_Beach,2026-10-28,0.8992,8.6604,228.1333,0.2,6.7167,0.6788,2.66,12.9482,74.8074,Moderate
Sasihithlu_Beach,2026-10-28,0.86,8.6296,226.7625,0.2,6.4333,0.6788,2.66,13.0189,74.7932,Low
Ullal_Beach,2026-10-28,0.9771,8.5075,233.2625,0.0,6.7833,0.8104,1.85,12.8153,74.8451,High
Panambur_Beach,2026-10-29,0.9742,8.5467,234.5292,0.2,6.5958,0.6787,2.66,12.9482,74.8074,Moderate
Sasihithlu_Beach,2026-10-29,0.8825,8.5417,229.8958,1.0,5.975,0.6787,2.66,13.0189,74.7932,Low
Ullal_Beach,2026-10-29,0.9642,8.3454,236.1875,0.0,7.4833,0.8142,1.85,12.8153,74.8451,High
Panambur_Beach,2026-10-30,0.8671,8.4808,232.3875,0.0,6.0125,0.6785,2.66,12.9482,74.8074,Moderate
Sasihithlu_Beach,2026-10-30,0.9017,8.4188,232.4125,0.0,6.2292,0.6785,2.66,13.0189,74.7932,Low
Ullal_Beach,2026-10-30,0.9096,8.5483,228.4667,0.0,6.5125,0.8142,1.85,12.8153,74.8451,High
Panambur_Beach,2026-10-31,0.9104,8.8117,229.4917,0.0,7.5083,0.6783,2.66,12.9482,74.8074,Moderate
Sasihithlu_Beach,2026-10-31,0.8875,8.5704,230.5333,0.0,7.3333,0.6783,2.66,13.0189,74.7932,Low
Ullal_Beach,2026-10-31,0.9325,8.5083,229.8875,0.1,7.6,0.8117,1.85,12.8153,74.8451,High
Panambur_Beach,2026-11-01,0.9004,8.7221,228.375,0.0,6.3458,0.6781,2.66,12.9482,74.8074,Moderate
Sasihithlu_Beach,2026-11-01,0.805,8.8196,228.5292,0.0,6.4833,0.6781,2.66,13.0189,74.7932,Low
Ullal_Beach,2026-11-01,0.93,8.5504,227.825,0.0,6.775,0.8079,1.85,12.8153,74.8451,High
Panambur_Beach,2026-11-02,0.5104,7.8358,247.1792,0.0,9.6667,0.7282,2.66,12.9482,74.8074,Moderate
Sasihithlu_Beach,2026-11-02,0.4838,7.7654,247.1292,0.0,8.5458,0.7282,2.66,13.0189,74.7932,Low
Ullal_Beach,2026-11-02,0.5387,7.7292,251.1,0.0,10.2083,0.8004,1.85,12.8153,74.8451,High
Panambur_Beach,2026-11-03,0.5946,7.6379,256.85,0.0,10.9875,0.7229,2.66,12.9482,74.8074,Moderate
Sasihithlu_Beach,2026-11-03,0.57,7.445,262.1583,0.0,10.9,0.7229,2.66,13.0189,74.7932,Low
Ullal_Beach,2026-11-03,0.5971,7.2346,265.0417,0.0,10.55,0.7921,1.85,12.8153,74.8451,High
Panambur_Beach,2026-11-04,0.5812,8.1125,240.25,0.0,11.4667,0.718,2.66,12.9482,74.8074,Moderate
Sasihithlu_Beach,2026-11-04,0.5471,8.1217,237.5917,0.0,10.7083,0.718,2.66,13.0189,74.7932,Low
Ullal_Beach,2026-11-04,0.595,7.8954,242.4375,0.1,10.8417,0.7954,1.85,12.8153,74.8451,High
Panambur_Beach,2026-11-05,0.6233,9.0392,221.9792,0.4,7.4125,0.7127,2.66,12.9482,74.8074,Moderate
Sasihithlu_Beach,2026-11-05,0.5654,8.7979,227.7958,1.8,7.3208,0.7127,2.66,13.0189,74.7932,Low
Ullal_Beach,2026-11-05,0.6262,8.8421,222.3417,1.3,7.3208,0.7875,1.85,12.8153,74.8451,High
Panambur_Beach,2026-11-06,1.08,7.9121,255.9167,0.0,7.5375,0.7076,2.66,12.9482,74.8074,Moderate
Sasihithlu_Beach,2026-11-06,1.0617,7.8408,257.5208,0.1,7.0833,0.7076,2.66,13.0189,74.7932,Low
Ullal_Beach,2026-11-06,1.0688,7.7933,259.5708,0.0,8.1,0.7862,1.85,12.8153,74.8451,High
Panambur_Beach,2026-11-07,1.5858,8.8358,256.8958,28.6,6.6833,0.7023,2.66,12.9482,74.8074,Moderate
Sasihithlu_Beach,2026-11-07,1.4804,8.7962,255.4708,29.9,6.225,0.7023,2.66,13.0189,74.7932,Low
Ullal_Beach,2026-11-07,1.4487,8.7662,253.8458,23.0,6.0458,0.785,1.85,12.8153,74.8451,High
Panambur_Beach,2026-11-08,2.3833,9.2275,269.6,18.8,7.125,0.6972,2.66,12.9482,74.8074,Moderate
Sasihithlu_Beach,2026-11-08,2.4517,9.275,269.2042,22.4,7.1625,0.6972,2.66,13.0189,74.7932,Low
Ullal_Beach,2026-11-08,2.4992,9.275,271.0292,18.0,6.5042,0.7867,1.85,12.8153,74.8451,High
Panambur_Beach,2026-11-09,2.0588,8.5654,269.2833,38.3,11.5792,0.6919,2.66,12.9482,74.8074,Moderate
Sasihithlu_Beach,2026-11-09,2.0067,8.6625,269.5667,36.9,11.175,0.6919,2.66,13.0189,74.7932,Low
Ullal_Beach,2026-11-09,1.9938,8.5175,269.5958,21.7,11.375,0.7942,1.85,12.8153,74.8451,High
Panambur_Beach,2026-11-10,1.6262,7.6229,259.95,73.2,16.5,0.6867,2.66,12.9482,74.8074,Moderate
Sasihithlu_Beach,2026-11-10,1.6612,7.6825,260.3875,69.9,16.3708,0.6867,2.66,13.0189,74.7932,Low
Ullal_Beach,2026-11-10,1.6817,7.6517,260.6583,54.5,15.8708,0.8021,1.85,12.8153,74.8451,High
Panambur_Beach,2026-11-11,0.8829,8.7208,223.175,20.9,7.7375,0.6815,2.66,12.9482,74.8074,Moderate
Sasihithlu_Beach,2026-11-11,0.9229,8.6075,225.7792,20.9,7.9833,0.6815,2.66,13.0189,74.7932,Low
Ullal_Beach,2026-11-11,0.8929,8.6117,224.7208,18.1,7.2417,0.8058,1.85,12.8153,74.8451,High
Panambur_Beach,2026-11-12,0.5188,9.3608,210.0042,0.0,9.7625,0.6763,2.66,12.9482,74.8074,Moderate
Sasihithlu_Beach,2026-11-12,0.4804,9.5592,210.5875,0.0,9.05,0.6763,2.66,13.0189,74.7932,Low
Ullal_Beach,2026-11-12,0.5275,9.2908,207.625,0.0,10.8167,0.8125,1.85,12.8153,74.8451,High
Panambur_Beach,2026-11-13,0.5454,8.2883,235.3333,11.2,6.0292,0.6712,2.66,12.9482,74.8074,Moderate
Sasihithlu_Beach,2026-11-13,0.5167,8.5108,236.8458,13.1,5.6333,0.6712,2.66,13.0189,74.7932,Low
Ullal_Beach,2026-11-13,0.5562,8.1796,235.7292,8.2,6.175,0.8138,1.85,12.8153,74.8451,High
Panambur_Beach,2026-11-14,0.5133,9.1238,211.3,2.2,8.2083,0.6759,2.66,12.9482,74.8074,Moderate
Sasihithlu_Beach,2026-11-14,0.4671,9.4162,209.325,4.5,7.3792,0.6759,2.66,13.0189,74.7932,Low
Ullal_Beach,2026-11-14,0.4975,8.7925,211.0042,1.9,7.6958,0.8142,1.85,12.8153,74.8451,High
Panambur_Beach,2026-11-15,0.4921,9.4354,206.2417,0.0,6.05,0.6758,2.66,12.9482,74.8074,Moderate
Sasihithlu_Beach,2026-11-15,0.4625,9.3154,209.475,0.0,5.7458,0.6758,2.66,13.0189,74.7932,Low
Ullal_Beach,2026-11-15,0.4904,9.3754,202.4083,0.2,7.6125,0.8108,1.85,12.8153,74.8451,High
Panambur_Beach,2026-11-16,0.5433,9.3612,210.1917,0.0,8.0375,0.6756,2.66,12.9482,74.8074,Moderate
Sasihithlu_Beach,2026-11-16,0.4967,9.2408,213.425,0.0,7.0875,0.6756,2.66,13.0189,74.7932,Low
Ullal_Beach,2026-11-16,0.5071,9.0096,206.5417,0.0,8.6667,0.8054,1.85,12.8153,74.8451,High
Panambur_Beach,2026-11-17,0.4975,9.2925,209.05,2.2,7.9375,0.6754,2.66,12.9482,74.8074,Moderate
Sasihithlu_Beach,2026-11-17,0.4771,9.4029,209.1833,5.0,6.7542,0.6754,2.66,13.0189,74.7932,Low
Ullal_Beach,2026-11-17,0.5304,9.3688,205.8083,0.2,9.0958,0.8008,1.85,12.8153,74.8451,High
Panambur_Beach,2026-11-18,0.5025,9.2321,210.6958,14.0,8.4208,0.6752,2.66,12.9482,74.8074,Moderate
Sasihithlu_Beach,2026-11-18,0.4867,8.9838,214.4208,5.1,8.2958,0.6752,2.66,13.0189,74.7932,Low
Ullal_Beach,2026-11-18,0.525,9.1204,208.0333,4.4,8.8875,0.7946,1.85,12.8153,74.8451,High
Panambur_Beach,2026-11-19,0.4975,9.4054,206.2333,4.7,5.5667,0.6751,2.66,12.9482,74.8074,Moderate
Sasihithlu_Beach,2026-11-19,0.4621,9.365,207.3792,4.6,5.225,0.6751,2.66,13.0189,74.7932,Low
Ullal_Beach,2026-11-19,0.5079,8.9458,206.4833,3.6,5.8292,0.7904,1.85,12.8153,74.8451,High
Panambur_Beach,2026-11-20,0.5158,9.5762,206.1,1.3,6.3583,0.6749,2.66,12.9482,74.8074,Moderate
Sasihithlu_Beach,2026-11-20,0.4675,9.5521,206.0333,2.3,6.0458,0.6749,2.66,13.0189,74.7932,Low
Ullal_Beach,2026-11-20,0.5008,9.1942,205.7208,0.9,6.3667,0.7862,1.85,12.8153,74.8451,High
Panambur_Beach,2026-11-21,0.4921,9.6929,203.2417,1.0,6.075,0.6747,2.66,12.9482,74.8074,Moderate
Sasihithlu_Beach,2026-11-21,0.4717,9.2383,209.5042,0.7,5.8208,0.6747,2.66,13.0189,74.7932,Low
Ullal_Beach,2026-11-21,0.5096,9.025,205.4833,0.4,6.525,0.7854,1.85,12.8153,74.8451,High
Panambur_Beach,2026-11-22,0.4946,9.665,204.3,0.1,6.6083,0.6746,2.66,12.9482,74.8074,Moderate
Sasihithlu_Beach,2026-11-22,0.4938,9.2479,212.0042,0.5,6.2958,0.6746,2.66,13.0189,74.7932,Low
Ullal_Beach,2026-11-22,0.4971,9.1229,207.2042,0.0,7.7375,0.7879,1.85,12.8153,74.8451,High
Panambur_Beach,2026-11-23,0.5212,9.6358,208.0125,0.0,7.7333,0.6744,2.66,12.9482,74.8074,Moderate
Sasihithlu_Beach,2026-11-23,0.4854,9.3808,212.175,0.0,7.1,0.6744,2.66,13.0189,74.7932,Low
Ullal_Beach,2026-11-23,0.5142,9.125,207.2333,0.0,8.6958,0.7921,1.85,12.8153,74.8451,High
Panambur_Beach,2026-11-24,0.5167,9.5517,207.575,0.0,7.6875,0.6742,2.66,12.9482,74.8074,Moderate
Sasihithlu_Beach,2026-11-24,0.4729,9.1688,211.4,0.0,6.9833,0.6742,2.66,13.0189,74.7932,Low
Ullal_Beach,2026-11-24,0.5104,9.0596,205.1792,0.0,8.325,0.7971,1.85,12.8153,74.8451,High
Panambur_Beach,2026-11-25,0.5058,9.5,206.0458,0.0,7.3042,0.6741,2.66,12.9482,74.8074,Moderate
Sasihithlu_Beach,2026-11-25,0.4633,9.3454,209.7625,0.0,6.9542,0.6741,2.66,13.0189,74.7932,Low
Ullal_Beach,2026-11-25,0.5279,9.1379,207.1292,0.0,8.3208,0.8033,1.85,12.8153,74.8451,High
Panambur_Beach,2026-11-26,0.5129,9.3563,207.7292,0.0,7.8667,0.6739,2.66,12.9482,74.8074,Moderate
Sasihithlu_Beach,2026-11-26,0.51,9.1583,212.3542,0.0,7.7958,0.6739,2.66,13.0189,74.7932,Low
Ullal_Beach,2026-11-26,0.4992,9.0154,207.6333,0.0,7.8083,0.8088,1.85,12.8153,74.8451,High
Panambur_Beach,2026-11-27,0.4979,9.5388,205.9458,0.0,7.9167,0.6737,2.66,12.9482,74.8074,Moderate
Sasihithlu_Beach,2026-11-27,0.4933,9.0629,212.9667,0.0,7.7208,0.6737,2.66,13.0189,74.7932,Low
Ullal_Beach,2026-11-27,0.5062,9.3796,204.6458,0.0,7.1792,0.8125,1.85,12.8153,74.8451,High
Panambur_Beach,2026-11-28,0.4983,9.4496,207.825,0.0,7.3375,0.6735,2.66,12.9482,74.8074,Moderate
Sasihithlu_Beach,2026-11-28,0.4729,9.3604,210.6208,0.0,7.7417,0.6735,2.66,13.0189,74.7932,Low
Ullal_Beach,2026-11-28,0.5,9.1575,205.6417,0.1,9.4042,0.8138,1.85,12.8153,74.8451,High
Panambur_Beach,2026-11-29,0.5292,9.2867,211.6583,0.0,9.3417,0.6734,2.66,12.9482,74.8074,Moderate
Sasihithlu_Beach,2026-11-29,0.49,8.9463,215.1917,0.0,8.2875,0.6734,2.66,13.0189,74.7932,Low
Ullal_Beach,2026-11-29,0.5475,8.865,211.3,0.0,10.0458,0.8129,1.85,12.8153,74.8451,High
Panambur_Beach,2026-11-30,0.5096,9.6404,207.6958,0.3,9.1667,0.6732,2.66,12.9482,74.8074,Moderate
Sasihithlu_Beach,2026-11-30,0.4862,9.6558,208.3917,0.4,8.4875,0.6732,2.66,13.0189,74.7932,Low
Ullal_Beach,2026-11-30,0.5329,9.1288,209.2125,0.1,8.5917,0.8096,1.85,12.8153,74.8451,High
Panambur_Beach,2026-12-01,0.5062,9.5321,208.6958,0.1,9.1083,0.673,2.66,12.9482,74.8074,Moderate
Sasihithlu_Beach,2026-12-01,0.4917,9.0071,217.55,0.1,8.0,0.673,2.66,13.0189,74.7932,Low
Ullal_Beach,2026-12-01,0.5333,9.1342,207.4625,0.2,9.7833,0.8054,1.85,12.8153,74.8451,High
Panambur_Beach,2026-12-02,0.5125,7.8467,250.0292,0.0,10.4333,0.728,2.66,12.9482,74.8074,Moderate
Sasihithlu_Beach,2026-12-02,0.4958,7.585,254.9833,0.0,10.1958,0.728,2.66,13.0189,74.7932,Low
Ullal_Beach,2026-12-02,0.5212,7.6204,248.8292,0.0,10.1208,0.7942,1.85,12.8153,74.8451,High
Panambur_Beach,2026-12-03,0.5946,7.7217,254.15,0.0,12.9333,0.7228,2.66,12.9482,74.8074,Moderate
Sasihithlu_Beach,2026-12-03,0.5521,7.895,250.3625,0.0,13.0125,0.7228,2.66,13.0189,74.7932,Low
Ullal_Beach,2026-12-03,0.6158,7.4925,262.0958,0.0,11.2625,0.7879,1.85,12.8153,74.8451,High
Panambur_Beach,2026-12-04,0.6029,8.3112,241.425,0.1,12.8417,0.7178,2.66,12.9482,74.8074,Moderate
Sasihithlu_Beach,2026-12-04,0.5392,8.2371,234.1708,0.3,12.2833,0.7178,2.66,13.0189,74.7932,Low
Ullal_Beach,2026-12-04,0.5833,7.9746,238.3458,0.0,12.3167,0.79,1.85,12.8153,74.8451,High
Panambur_Beach,2026-12-05,0.6167,9.1692,220.4833,2.6,7.8542,0.7125,2.66,12.9482,74.8074,Moderate
Sasihithlu_Beach,2026-12-05,0.6092,8.81,228.9958,4.4,7.5167,0.7125,2.66,13.0189,74.7932,Low
Ullal_Beach,2026-12-05,0.6338,8.8708,222.5958,5.7,8.0792,0.7854,1.85,12.8153,74.8451,High
Panambur_Beach,2026-12-06,0.9475,8.2117,250.0583,1.2,11.6,0.7074,2.66,12.9482,74.8074,Moderate
Sasihithlu_Beach,2026-12-06,0.9246,8.1083,254.1792,2.8,11.0208,0.7074,2.66,13.0189,74.7932,Low
Ullal_Beach,2026-12-06,0.9983,8.1608,251.3708,1.2,11.675,0.7862,1.85,12.8153,74.8451,High
Panambur_Beach,2026-12-07,1.7312,8.7938,257.8542,35.8,9.4958,0.7022,2.66,12.9482,74.8074,Moderate
Sasihithlu_Beach,2026-12-07,1.5729,8.8433,256.2833,38.0,9.6083,0.7022,2.66,13.0189,74.7932,Low
Ullal_Beach,2026-12-07,1.4962,8.7892,255.175,34.9,8.7667,0.79,1.85,12.8153,74.8451,High
Panambur_Beach,2026-12-08,2.5367,9.2962,270.7292,22.9,10.825,0.697,2.66,12.9482,74.8074,Moderate
Sasihithlu_Beach,2026-12-08,2.4725,9.1696,269.0875,28.5,10.3625,0.697,2.66,13.0189,74.7932,Low
Ullal_Beach,2026-12-08,2.4371,9.1488,271.0292,19.1,10.7,0.7908,1.85,12.8153,74.8451,High
Panambur_Beach,2026-12-09,1.6792,8.51,266.8,10.3,9.4708,0.6918,2.66,12.9482,74.8074,Moderate
Sasihithlu_Beach,2026-12-09,1.7138,8.5288,266.275,11.9,9.2375,0.6918,2.66,13.0189,74.7932,Low
Ullal_Beach,2026-12-09,1.7012,8.49,267.3375,11.0,8.7,0.7996,1.85,12.8153,74.8451,High
Panambur_Beach,2026-12-10,1.6492,7.7854,260.8792,37.0,13.425,0.6865,2.66,12.9482,74.8074,Moderate
Sasihithlu_Beach,2026-12-10,1.5738,7.8496,259.6125,41.1,13.05,0.6865,2.66,13.0189,74.7932,Low
Ullal_Beach,2026-12-10,1.6692,7.8321,261.2208,26.1,13.075,0.8079,1.85,12.8153,74.8451,High
Panambur_Beach,2026-12-11,1.3454,7.8929,223.6125,58.0,14.9208,0.6814,2.66,12.9482,74.8074,Moderate
Sasihithlu_Beach,2026-12-11,1.2833,8.1479,219.55,70.2,14.5458,0.6814,2.66,13.0189,74.7932,Low
Ullal_Beach,2026-12-11,1.3692,7.8021,227.7792,41.1,14.375,0.81,1.85,12.8153,74.8451,High
Panambur_Beach,2026-12-12,0.4925,9.4542,207.9667,0.0,7.3042,0.6761,2.66,12.9482,74.8074,Moderate
Sasihithlu_Beach,2026-12-12,0.4737,9.2192,210.2,0.0,7.2042,0.6761,2.66,13.0189,74.7932,Low
Ullal_Beach,2026-12-12,0.4912,9.1279,204.4958,0.0,7.7917,0.8146,1.85,12.8153,74.8451,High
Panambur_Beach,2026-12-13,0.5229,8.8671,225.3917,3.1,7.7083,0.671,2.66,12.9482,74.8074,Moderate
Sasihithlu_Beach,2026-12-13,0.5212,8.3958,237.7917,5.1,7.1083,0.671,2.66,13.0189,74.7932,Low
Ullal_Beach,2026-12-13,0.5554,8.12,235.9625,2.5,7.9583,0.8154,1.85,12.8153,74.8451,High
Panambur_Beach,2026-12-14,0.515,8.7067,226.65,1.8,5.8917,0.6708,2.66,12.9482,74.8074,Moderate
Sasihithlu_Beach,2026-12-14,0.505,8.58,233.0958,2.9,5.725,0.6708,2.66,13.0189,74.7932,Low
Ullal_Beach,2026-12-14,0.5625,8.3808,229.7875,2.4,6.0875,0.8129,1.85,12.8153,74.8451,High
Panambur_Beach,2026-12-15,0.5279,8.5808,230.9875,1.3,6.4542,0.6707,2.66,12.9482,74.8074,Moderate
Sasihithlu_Beach,2026-12-15,0.5083,8.7121,233.3542,1.7,6.4458,0.6707,2.66,13.0189,74.7932,Low
Ullal_Beach,2026-12-15,0.5579,8.3062,234.9417,1.8,6.25,0.8096,1.85,12.8153,74.8451,High
Panambur_Beach,2026-12-16,0.5254,8.8138,228.3042,0.0,8.6375,0.6705,2.66,12.9482,74.8074,Moderate
Sasihithlu_Beach,2026-12-16,0.5204,8.8333,233.5042,0.1,8.2333,0.6705,2.66,13.0189,74.7932,Low
Ullal_Beach,2026-12-16,0.5392,8.3725,231.7333,0.0,8.9917,0.8038,1.85,12.8153,74.8451,High
Panambur_Beach,2026-12-17,0.5083,9.0779,222.3083,0.0,9.2542,0.6703,2.66,12.9482,74.8074,Moderate
Sasihithlu_Beach,2026-12-17,0.4946,8.6725,233.6375,0.0,8.5542,0.6703,2.66,13.0189,74.7932,Low
Ullal_Beach,2026-12-17,0.515,8.5983,229.1583,0.0,9.1,0.7967,1.85,12.8153,74.8451,High
Panambur_Beach,2026-12-18,0.5146,8.8054,230.1625,0.2,7.9208,0.6701,2.66,12.9482,74.8074,Moderate
Sasihithlu_Beach,2026-12-18,0.4992,8.8329,226.3125,0.2,7.1167,0.6701,2.66,13.0189,74.7932,Low
Ullal_Beach,2026-12-18,0.5392,8.525,228.5917,0.1,8.3125,0.7921,1.85,12.8153,74.8451,High
Panambur_Beach,2026-12-19,0.5233,8.7192,231.3125,0.2,8.6375,0.67,2.66,12.9482,74.8074,Moderate
Sasihithlu_Beach,2026-12-19,0.51,8.5971,233.05,0.1,7.9625,0.67,2.66,13.0189,74.7932,Low
Ullal_Beach,2026-12-19,0.5404,8.5112,230.8333,0.5,8.8625,0.7879,1.85,12.8153,74.8451,High
Panambur_Beach,2026-12-20,0.5283,8.8408,229.8333,0.0,10.4792,0.6698,2.66,12.9482,74.8074,Moderate
Sasihithlu_Beach,2026-12-20,0.4758,8.7367,230.7792,0.0,9.0042,0.6698,2.66,13.0189,74.7932,Low
Ullal_Beach,2026-12-20,0.5338,8.5846,225.7333,0.0,11.0625,0.7867,1.85,12.8153,74.8451,High
Panambur_Beach,2026-12-21,0.5408,8.4825,233.6917,0.0,14.0458,0.6696,2.66,12.9482,74.8074,Moderate
Sasihithlu_Beach,2026-12-21,0.5017,8.7162,229.7708,0.0,12.3917,0.6696,2.66,13.0189,74.7932,Low
Ullal_Beach,2026-12-21,0.5483,8.4275,225.7042,0.0,12.8167,0.7867,1.85,12.8153,74.8451,High
Panambur_Beach,2026-12-22,0.5179,8.7779,228.7792,0.0,11.75,0.6695,2.66,12.9482,74.8074,Moderate
Sasihithlu_Beach,2026-12-22,0.4962,8.9888,226.425,0.0,10.7,0.6695,2.66,13.0189,74.7932,Low
Ullal_Beach,2026-12-22,0.5358,8.4625,226.6042,0.0,12.9333,0.79,1.85,12.8153,74.8451,High
Panambur_Beach,2026-12-23,0.5142,8.9967,224.7958,0.0,10.7708,0.6693,2.66,12.9482,74.8074,Moderate
Sasihithlu_Beach,2026-12-23,0.5046,8.6529,232.0917,0.0,9.025,0.6693,2.66,13.0189,74.7932,Low
Ullal_Beach,2026-12-23,0.5292,8.6321,225.0333,0.0,11.6708,0.795,1.85,12.8153,74.8451,High
Panambur_Beach,2026-12-24,0.5067,8.7692,230.6208,0.0,8.0833,0.6691,2.66,12.9482,74.8074,Moderate
Sasihithlu_Beach,2026-12-24,0.5146,8.6258,232.1083,0.0,7.3708,0.6691,2.66,13.0189,74.7932,Low
Ullal_Beach,2026-12-24,0.5292,8.4921,228.4417,0.0,7.9792,0.7996,1.85,12.8153,74.8451,High
Panambur_Beach,2026-12-25,0.5283,8.73,231.2833,0.1,7.3708,0.6689,2.66,12.9482,74.8074,Moderate
Sasihithlu_Beach,2026-12-25,0.5175,8.4442,237.1125,0.1,6.9333,0.6689,2.66,13.0189,74.7932,Low
Ullal_Beach,2026-12-25,0.5404,8.3458,233.1542,0.1,7.6208,0.8067,1.85,12.8153,74.8451,High
Panambur_Beach,2026-12-26,0.5271,8.6375,232.3667,1.6,8.5333,0.6688,2.66,12.9482,74.8074,Moderate
Sasihithlu_Beach,2026-12-26,0.5138,8.7654,235.0708,0.8,8.1042,0.6688,2.66,13.0189,74.7932,Low
Ullal_Beach,2026-12-26,0.5438,8.4867,228.4042,1.7,7.9833,0.8121,1.85,12.8153,74.8451,High
Panambur_Beach,2026-12-27,0.5142,9.0625,224.0,0.0,9.0125,0.6686,2.66,12.9482,74.8074,Moderate
Sasihithlu_Beach,2026-12-27,0.5054,8.8517,232.4333,0.0,8.3417,0.6686,2.66,13.0189,74.7932,Low
Ullal_Beach,2026-12-27,0.5296,8.5388,231.0833,0.0,9.2667,0.8142,1.85,12.8153,74.8451,High
Panambur_Beach,2026-12-28,0.5379,8.8858,225.2625,0.0,9.8833,0.6684,2.66,12.9482,74.8074,Moderate
Sasihithlu_Beach,2026-12-28,0.5033,8.8846,229.8875,0.0,9.1042,0.6684,2.66,13.0189,74.7932,Low
Ullal_Beach,2026-12-28,0.5267,8.6979,226.3167,0.0,10.0667,0.8133,1.85,12.8153,74.8451,High
Panambur_Beach,2026-12-29,0.5112,8.9888,224.5167,0.0,9.8167,0.6683,2.66,12.9482,74.8074,Moderate
Sasihithlu_Beach,2026-12-29,0.5125,8.6654,235.4958,0.0,9.3333,0.6683,2.66,13.0189,74.7932,Low
Ullal_Beach,2026-12-29,0.5438,8.5533,229.7417,0.0,9.475,0.8125,1.85,12.8153,74.8451,High
Panambur_Beach,2026-12-30,0.5217,8.8387,229.375,0.0,7.8,0.6681,2.66,12.9482,74.8074,Moderate
Sasihithlu_Beach,2026-12-30,0.5142,8.6554,232.825,0.0,7.5458,0.6681,2.66,13.0189,74.7932,Low
Ullal_Beach,2026-12-30,0.5471,8.7038,229.7833,0.0,8.2833,0.8083,1.85,12.8153,74.8451,High
Panambur_Beach,2026-12-31,0.525,8.8083,228.1667,0.5,9.1208,0.6679,2.66,12.9482,74.8074,Moderate
Sasihithlu_Beach,2026-12-31,0.4912,8.8496,230.95,0.9,9.0917,0.6679,2.66,13.0189,74.7932,Low
Ullal_Beach,2026-12-31,0.5475,8.5167,230.1542,0.9,8.1583,0.8021,1.85,12.8153,74.8451,High
Panambur_Beach,2027-01-01,0.5208,8.7508,228.6083,2.2,7.2375,0.6678,2.66,12.9482,74.8074,Moderate
Sasihithlu_Beach,2027-01-01,0.4942,8.6458,230.95,1.3,6.8333,0.6678,2.66,13.0189,74.7932,Low
Ullal_Beach,2027-01-01,0.56,8.2733,230.6208,1.3,7.2792,0.7967,1.85,12.8153,74.8451,High
Panambur_Beach,2027-01-02,0.5013,7.7367,247.0125,0.0,9.825,0.6676,2.66,12.9482,74.8074,Moderate
Sasihithlu_Beach,2027-01-02,0.4871,7.6612,252.4625,0.2,8.3833,0.6676,2.66,13.0189,74.7932,Low
Ullal_Beach,2027-01-02,0.5275,7.5562,253.9083,0.0,11.125,0.7912,1.85,12.8153,74.8451,High
Panambur_Beach,2027-01-03,0.5921,7.5988,259.0708,0.0,11.7583,0.6623,2.66,12.9482,74.8074,Moderate
Sasihithlu_Beach,2027-01-03,0.5583,7.5371,259.0083,0.0,11.4583,0.6623,2.66,13.0189,74.7932,Low
Ullal_Beach,2027-01-03,0.6021,7.3679,261.6792,0.0,11.2125,0.7871,1.85,12.8153,74.8451,High
Panambur_Beach,2027-01-04,0.5921,8.0558,243.3708,0.7,8.2458,0.6575,2.66,12.9482,74.8074,Moderate
Sasihithlu_Beach,2027-01-04,0.5546,7.7412,243.4625,0.3,8.0167,0.6575,2.66,13.0189,74.7932,Low
Ullal_Beach,2027-01-04,0.5983,7.81,246.6417,0.6,8.2042,0.7925,1.85,12.8153,74.8451,High
Panambur_Beach,2027-01-05,0.6508,9.1271,223.8542,0.0,12.1958,0.6523,2.66,12.9482,74.8074,Moderate
Sasihithlu_Beach,2027-01-05,0.61,8.6508,231.1,0.0,11.7333,0.6523,2.66,13.0189,74.7932,Low
Ullal_Beach,2027-01-05,0.6654,8.6708,226.6875,0.0,12.3417,0.7875,1.85,12.8153,74.8451,High
Panambur_Beach,2027-01-06,1.0938,7.8958,258.3792,7.2,7.4625,0.6472,2.66,12.9482,74.8074,Moderate
Sasihithlu_Beach,2027-01-06,0.9912,7.9192,256.4625,12.2,7.1167,0.6472,2.66,13.0189,74.7932,Low
Ullal_Beach,2027-01-06,1.1579,7.6892,256.9333,8.8,7.8125,0.7867,1.85,12.8153,74.8451,High
Panambur_Beach,2027-01-07,1.8154,8.9071,260.0542,18.8,9.1917,0.6419,2.66,12.9482,74.8074,High
Sasihithlu_Beach,2027-01-07,1.6746,8.9175,257.625,19.5,9.4375,0.6419,2.66,13.0189,74.7932,Low
Ullal_Beach,2027-01-07,1.4554,8.8771,254.9375,14.9,8.825,0.7875,1.85,12.8153,74.8451,High
Panambur_Beach,2027-01-08,2.4058,9.2471,269.6333,15.9,9.5208,0.6368,2.66,12.9482,74.8074,Moderate
Sasihithlu_Beach,2027-01-08,2.3896,9.2654,269.8292,14.4,9.2333,0.6368,2.66,13.0189,74.7932,Moderate
Ullal_Beach,2027-01-08,2.4708,9.2442,271.3125,13.3,9.5833,0.7887,1.85,12.8153,74.8451,High
Panambur_Beach,2027-01-09,1.7329,8.59,265.775,5.0,13.8125,0.6315,2.66,12.9482,74.8074,Moderate
Sasihithlu_Beach,2027-01-09,1.815,8.5488,265.8458,5.9,13.5375,0.6315,2.66,13.0189,74.7932,Low
Ullal_Beach,2027-01-09,1.67,8.5629,264.2292,5.1,13.625,0.7971,1.85,12.8153,74.8451,High
Panambur_Beach,2027-01-10,1.2946,8.2254,256.3625,4.2,7.125,0.6262,2.66,12.9482,74.8074,Moderate
Sasihithlu_Beach,2027-01-10,1.2812,8.2233,256.4375,4.6,6.9708,0.6262,2.66,13.0189,74.7932,Low
Ullal_Beach,2027-01-10,1.2538,8.2583,256.3292,3.7,7.0958,0.8067,1.85,12.8153,74.8451,High
Panambur_Beach,2027-01-11,1.1562,8.7225,243.8458,1.9,8.0333,0.6211,2.66,12.9482,74.8074,Moderate
Sasihithlu_Beach,2027-01-11,1.1254,8.6654,243.8583,2.1,7.9958,0.6211,2.66,13.0189,74.7932,Low
Ullal_Beach,2027-01-11,1.1946,8.5642,244.075,1.4,7.85,0.8079,1.85,12.8153,74.8451,High
Panambur_Beach,2027-01-12,0.4967,10.1521,203.375,14.8,3.9792,0.6158,2.66,12.9482,74.8074,Moderate
Sasihithlu_Beach,2027-01-12,0.4592,10.2792,204.0833,11.5,3.5833,0.6158,2.66,13.0189,74.7932,Low
Ullal_Beach,2027-01-12,0.5025,9.7521,202.875,15.0,5.4333,0.8142,1.85,12.8153,74.8451,High
Panambur_Beach,2027-01-13,0.7817,6.5917,194.5417,1.8,8.7792,0.6107,2.66,12.9482,74.8074,Moderate
Sasihithlu_Beach,2027-01-13,0.7292,6.6604,195.6667,1.8,8.6917,0.6107,2.66,13.0189,74.7932,Low
Ullal_Beach,2027-01-13,0.8192,6.4146,193.4167,5.0,8.0917,0.8142,1.85,12.8153,74.8451,High
Panambur_Beach,2027-01-14,0.5092,7.8325,246.4542,0.0,6.7292,0.6655,2.66,12.9482,74.8074,Moderate
Sasihithlu_Beach,2027-01-14,0.5058,7.6817,251.4458,0.0,6.8167,0.6655,2.66,13.0189,74.7932,Low
Ullal_Beach,2027-01-14,0.5212,7.7712,246.5833,0.0,9.4917,0.8071,1.85,12.8153,74.8451,High
Panambur_Beach,2027-01-15,0.5004,7.9054,248.2125,0.4,6.9292,0.6654,2.66,12.9482,74.8074,Moderate
Sasihithlu_Beach,2027-01-15,0.4975,8.0121,245.5583,0.1,5.7333,0.6654,2.66,13.0189,74.7932,Low
Ullal_Beach,2027-01-15,0.5367,7.7013,247.6542,0.0,8.1708,0.8017,1.85,12.8153,74.8451,High
Panambur_Beach,2027-01-16,0.4992,8.0533,241.3833,0.0,6.6083,0.6652,2.66,12.9482,74.8074,Moderate
Sasihithlu_Beach,2027-01-16,0.48,7.7233,251.0042,0.0,6.275,0.6652,2.66,13.0189,74.7932,Low
Ullal_Beach,2027-01-16,0.52,7.7458,245.725,0.0,8.5958,0.795,1.85,12.8153,74.8451,High
Panambur_Beach,2027-01-17,0.5012,7.9883,241.5292,3.7,6.3375,0.665,2.66,12.9482,74.8074,Moderate
Sasihithlu_Beach,2027-01-17,0.4733,7.8321,243.0417,2.5,5.7333,0.665,2.66,13.0189,74.7932,Low
Ullal_Beach,2027-01-17,0.5138,7.9075,242.625,3.2,6.8042,0.7912,1.85,12.8153,74.8451,High
Panambur_Beach,2027-01-18,0.5262,8.0125,249.5,2.0,6.1833,0.6649,2.66,12.9482,74.8074,Moderate
Sasihithlu_Beach,2027-01-18,0.4875,7.5925,252.0417,2.1,6.0,0.6649,2.66,13.0189,74.7932,Low
Ullal_Beach,2027-01-18,0.5279,7.6321,251.6292,2.6,6.425,0.7867,1.85,12.8153,74.8451,High
Panambur_Beach,2027-01-19,0.5167,7.8954,245.9125,2.7,6.325,0.6647,2.66,12.9482,74.8074,Moderate
Sasihithlu_Beach,2027-01-19,0.5033,7.8188,250.2958,2.1,5.7542,0.6647,2.66,13.0189,74.7932,Low
Ullal_Beach,2027-01-19,0.5258,7.6554,251.2292,2.1,7.3833,0.7867,1.85,12.8153,74.8451,High
Panambur_Beach,2027-01-20,0.5158,7.6192,253.6375,0.1,9.1542,0.6645,2.66,12.9482,74.8074,Moderate
Sasihithlu_Beach,2027-01-20,0.4912,7.8862,245.6375,0.0,8.3333,0.6645,2.66,13.0189,74.7932,Low
Ullal_Beach,2027-01-20,0.5338,7.6625,254.4042,0.0,9.875,0.7875,1.85,12.8153,74.8451,High
Panambur_Beach,2027-01-21,0.5142,7.8079,248.0292,0.0,8.3417,0.6644,2.66,12.9482,74.8074,Moderate
Sasihithlu_Beach,2027-01-21,0.4871,7.5792,251.7417,0.0,8.2583,0.6644,2.66,13.0189,74.7932,Low
Ullal_Beach,2027-01-21,0.5225,7.6071,250.3958,0.0,8.3708,0.7925,1.85,12.8153,74.8451,High
Panambur_Beach,2027-01-22,0.5408,7.5167,257.7208,0.0,8.3667,0.6642,2.66,12.9482,74.8074,Moderate
Sasihithlu_Beach,2027-01-22,0.5233,7.525,256.0958,0.0,8.5833,0.6642,2.66,13.0189,74.7932,Low
Ullal_Beach,2027-01-22,0.5308,7.3833,256.2667,0.0,8.4292,0.7979,1.85,12.8153,74.8451,High
Panambur_Beach,2027-01-23,0.54,7.6846,256.3125,0.0,10.1417,0.664,2.66,12.9482,74.8074,Moderate
Sasihithlu_Beach,2027-01-23,0.5054,7.6362,255.3417,0.0,10.1042,0.664,2.66,13.0189,74.7932,Low
Ullal_Beach,2027-01-23,0.5283,7.5283,251.2583,0.0,9.0,0.8038,1.85,12.8153,74.8451,High
Panambur_Beach,2027-01-24,0.5108,7.8,246.8292,0.0,7.7042,0.6638,2.66,12.9482,74.8074,Moderate
Sasihithlu_Beach,2027-01-24,0.4925,7.7733,250.7417,0.0,7.3917,0.6638,2.66,13.0189,74.7932,Low
Ullal_Beach,2027-01-24,0.5483,7.435,254.8917,0.0,8.6917,0.8088,1.85,12.8153,74.8451,High
Panambur_Beach,2027-01-25,0.4975,7.7283,246.7792,0.0,7.0542,0.6637,2.66,12.9482,74.8074,Moderate
Sasihithlu_Beach,2027-01-25,0.5,7.6292,250.6833,0.0,6.9167,0.6637,2.66,13.0189,74.7932,Low
Ullal_Beach,2027-01-25,0.5304,7.7092,251.0833,0.1,7.3875,0.8129,1.85,12.8153,74.8451,High
Panambur_Beach,2027-01-26,0.5246,7.7942,250.35,0.0,9.6792,0.6635,2.66,12.9482,74.8074,Moderate
Sasihithlu_Beach,2027-01-26,0.4946,7.7975,250.8708,0.0,9.3125,0.6635,2.66,13.0189,74.7932,Low
Ullal_Beach,2027-01-26,0.5312,7.6575,249.1833,0.0,9.9875,0.8142,1.85,12.8153,74.8451,High
Panambur_Beach,2027-01-27,0.505,7.8092,244.675,0.0,8.0583,0.6633,2.66,12.9482,74.8074,Moderate
Sasihithlu_Beach,2027-01-27,0.4771,7.7133,247.2708,0.0,7.95,0.6633,2.66,13.0189,74.7932,Low
Ullal_Beach,2027-01-27,0.5208,7.4658,253.2917,0.0,8.475,0.8133,1.85,12.8153,74.8451,High
Panambur_Beach,2027-01-28,0.5054,7.6396,249.9583,0.0,9.7042,0.6632,2.66,12.9482,74.8074,Moderate
Sasihithlu_Beach,2027-01-28,0.5088,7.6754,255.175,0.0,9.125,0.6632,2.66,13.0189,74.7932,Low
Ullal_Beach,2027-01-28,0.5271,7.4788,255.4208,0.0,9.7042,0.8104,1.85,12.8153,74.8451,High
Panambur_Beach,2027-01-29,0.535,7.5617,257.1458,0.0,10.05,0.663,2.66,12.9482,74.8074,Moderate
Sasihithlu_Beach,2027-01-29,0.5083,7.5438,255.6,0.0,9.2917,0.663,2.66,13.0189,74.7932,Low
Ullal_Beach,2027-01-29,0.5333,7.415,253.975,0.0,10.5625,0.8067,1.85,12.8153,74.8451,High
Panambur_Beach,2027-01-30,0.5221,7.6738,250.5042,0.0,10.3375,0.6628,2.66,12.9482,74.8074,Moderate
Sasihithlu_Beach,2027-01-30,0.4896,7.7646,251.4792,0.0,10.2417,0.6628,2.66,13.0189,74.7932,Low
Ullal_Beach,2027-01-30,0.5217,7.6412,248.025,0.0,10.0958,0.7992,1.85,12.8153,74.8451,High
Panambur_Beach,2027-01-31,0.5058,7.7912,246.3625,0.0,8.0333,0.6626,2.66,12.9482,74.8074,Moderate
Sasihithlu_Beach,2027-01-31,0.4938,7.7733,250.2,0.0,7.4167,0.6626,2.66,13.0189,74.7932,Low
Ullal_Beach,2027-01-31,0.5175,7.4262,255.2333,0.0,8.9792,0.7946,1.85,12.8153,74.8451,High
Panambur_Beach,2027-02-01,0.5208,7.8388,249.6667,0.6,7.6958,0.6625,2.66,12.9482,74.8074,Moderate
Sasihithlu_Beach,2027-02-01,0.4942,7.8379,250.3625,0.6,7.2833,0.6625,2.66,13.0189,74.7932,Low
Ullal_Beach,2027-02-01,0.5312,7.4738,255.1292,0.4,7.0917,0.7892,1.85,12.8153,74.8451,High
Panambur_Beach,2027-02-02,0.5204,7.7467,248.875,0.0,10.0292,0.6674,2.66,12.9482,74.8074,Moderate
Sasihithlu_Beach,2027-02-02,0.4933,7.6071,252.4083,0.0,9.0708,0.6674,2.66,13.0189,74.7932,Low
Ullal_Beach,2027-02-02,0.5262,7.57,253.45,0.0,11.0833,0.7879,1.85,12.8153,74.8451,High
Panambur_Beach,2027-02-03,0.575,7.8008,249.375,0.0,13.7375,0.6621,2.66,12.9482,74.8074,Moderate
Sasihithlu_Beach,2027-02-03,0.5567,7.7792,254.9958,0.0,12.3292,0.6621,2.66,13.0189,74.7932,Low
Ullal_Beach,2027-02-03,0.5979,7.4133,258.3042,0.0,13.8333,0.7862,1.85,12.8153,74.8451,High
Panambur_Beach,2027-02-04,0.5821,8.1046,239.0,0.0,10.3167,0.6574,2.66,12.9482,74.8074,Moderate
Sasihithlu_Beach,2027-02-04,0.5525,7.8596,242.6708,0.1,9.9125,0.6574,2.66,13.0189,74.7932,Low
Ullal_Beach,2027-02-04,0.6025,7.9767,240.1208,0.0,10.6542,0.7871,1.85,12.8153,74.8451,High
Panambur_Beach,2027-02-05,0.625,9.1437,223.0542,0.0,9.5458,0.6521,2.66,12.9482,74.8074,Moderate
Sasihithlu_Beach,2027-02-05,0.6021,8.9475,226.8917,0.0,9.425,0.6521,2.66,13.0189,74.7932,Low
Ullal_Beach,2027-02-05,0.6671,8.6971,227.4083,0.0,10.4667,0.7854,1.85,12.8153,74.8451,High
Panambur_Beach,2027-02-06,1.1304,7.8621,257.2292,4.7,5.6333,0.647,2.66,12.9482,74.8074,Moderate
Sasihithlu_Beach,2027-02-06,1.0538,7.8412,258.3167,2.4,5.5333,0.647,2.66,13.0189,74.7932,Low
Ullal_Beach,2027-02-06,1.1446,7.6375,258.2417,4.2,5.6875,0.7867,1.85,12.8153,74.8451,High
Panambur_Beach,2027-02-07,1.7604,9.0046,259.2708,2.2,8.5667,0.6417,2.66,12.9482,74.8074,High
Sasihithlu_Beach,2027-02-07,1.5758,8.8575,257.4708,3.4,8.9333,0.6417,2.66,13.0189,74.7932,Low
Ullal_Beach,2027-02-07,1.3379,8.7933,252.7875,2.0,7.95,0.7917,1.85,12.8153,74.8451,High
Panambur_Beach,2027-02-08,2.1654,9.1454,269.025,6.5,7.225,0.6366,2.66,12.9482,74.8074,Moderate
Sasihithlu_Beach,2027-02-08,2.2221,9.1579,269.45,6.4,7.2,0.6366,2.66,13.0189,74.7932,Moderate
Ullal_Beach,2027-02-08,2.2738,9.1783,270.2708,6.8,6.5792,0.7942,1.85,12.8153,74.8451,High
Panambur_Beach,2027-02-09,1.7792,8.5696,267.1,7.1,11.125,0.6313,2.66,12.9482,74.8074,High
Sasihithlu_Beach,2027-02-09,1.7558,8.5525,266.625,8.9,10.6833,0.6313,2.66,13.0189,74.7932,Low
Ullal_Beach,2027-02-09,1.7042,8.4717,267.7458,8.0,11.6167,0.8025,1.85,12.8153,74.8451,High
Panambur_Beach,2027-02-10,1.2679,8.2804,256.2667,12.1,7.6125,0.626,2.66,12.9482,74.8074,Moderate
Sasihithlu_Beach,2027-02-10,1.2879,8.1696,256.1917,13.3,7.2708,0.626,2.66,13.0189,74.7932,Low
Ullal_Beach,2027-02-10,1.3492,8.1467,257.7542,15.8,7.5917,0.8108,1.85,12.8153,74.8451,High
Panambur_Beach,2027-02-11,1.1983,8.9604,243.7917,9.3,7.9125,0.6209,2.66,12.9482,74.8074,Moderate
Sasihithlu_Beach,2027-02-11,1.1642,8.9292,244.1667,10.6,7.6292,0.6209,2.66,13.0189,74.7932,Low
Ullal_Beach,2027-02-11,1.2067,8.8625,243.3333,7.0,7.65,0.8129,1.85,12.8153,74.8451,High
Panambur_Beach,2027-02-12,0.4458,9.9417,199.8333,41.8,3.8667,0.6156,2.66,12.9482,74.8074,Moderate
Sasihithlu_Beach,2027-02-12,0.4183,10.0167,200.7083,13.7,4.0083,0.6156,2.66,13.0189,74.7932,Moderate
Ullal_Beach,2027-02-12,0.4508,9.65,198.625,21.3,4.6083,0.8133,1.85,12.8153,74.8451,High
Panambur_Beach,2027-02-13,0.8092,6.35,206.75,2.9,7.575,0.6105,2.66,12.9482,74.8074,Moderate
Sasihithlu_Beach,2027-02-13,0.7708,6.3875,207.4167,3.7,7.5125,0.6105,2.66,13.0189,74.7932,Low
Ullal_Beach,2027-02-13,0.8175,6.2312,206.1667,4.6,7.8125,0.8138,1.85,12.8153,74.8451,High
Panambur_Beach,2027-02-14,0.5775,7.735,257.0125,0.0,9.7375,0.6603,2.66,12.9482,74.8074,Moderate
Sasihithlu_Beach,2027-02-14,0.5642,7.7892,256.3708,0.0,9.4375,0.6603,2.66,13.0189,74.7932,Low
Ullal_Beach,2027-02-14,0.6204,7.2938,268.4708,0.0,9.7625,0.7979,1.85,12.8153,74.8451,High
Panambur_Beach,2027-02-15,0.5788,7.7092,258.4375,0.0,8.2083,0.6601,2.66,12.9482,74.8074,Moderate
Sasihithlu_Beach,2027-02-15,0.5483,7.9742,252.0208,0.0,7.9833,0.6601,2.66,13.0189,74.7932,Low
Ullal_Beach,2027-02-15,0.6188,7.2442,269.2833,0.0,8.3792,0.7917,1.85,12.8153,74.8451,High
Panambur_Beach,2027-02-16,0.5729,7.6592,256.0208,0.0,9.85,0.6599,2.66,12.9482,74.8074,Moderate
Sasihithlu_Beach,2027-02-16,0.5621,7.3679,262.5083,0.1,9.5583,0.6599,2.66,13.0189,74.7932,Low
Ullal_Beach,2027-02-16,0.6038,7.1567,266.9583,0.0,9.9417,0.7892,1.85,12.8153,74.8451,High
Panambur_Beach,2027-02-17,0.5829,7.3883,264.0667,0.0,9.5333,0.6598,2.66,12.9482,74.8074,Moderate
Sasihithlu_Beach,2027-02-17,0.56,7.4796,263.5625,0.0,9.3292,0.6598,2.66,13.0189,74.7932,Low
Ullal_Beach,2027-02-17,0.6092,7.2604,265.2083,0.0,9.4208,0.7858,1.85,12.8153,74.8451,High
Panambur_Beach,2027-02-18,0.585,7.4038,262.2375,2.0,10.3708,0.6596,2.66,12.9482,74.8074,Moderate
Sasihithlu_Beach,2027-02-18,0.5579,7.5017,261.5583,1.2,10.1792,0.6596,2.66,13.0189,74.7932,Low
Ullal_Beach,2027-02-18,0.5954,7.2804,264.0708,1.4,10.325,0.7871,1.85,12.8153,74.8451,High
Panambur_Beach,2027-02-19,0.5925,7.5525,262.7042,4.1,8.1083,0.6594,2.66,12.9482,74.8074,Moderate
Sasihithlu_Beach,2027-02-19,0.5562,7.6075,261.0042,3.9,7.5292,0.6594,2.66,13.0189,74.7932,Low
Ullal_Beach,2027-02-19,0.615,7.3954,261.45,3.0,7.8333,0.7904,1.85,12.8153,74.8451,High
Panambur_Beach,2027-02-20,0.5871,8.1033,249.3542,6.2,8.1958,0.6592,2.66,12.9482,74.8074,Moderate
Sasihithlu_Beach,2027-02-20,0.5508,7.8833,254.1375,7.4,8.0083,0.6592,2.66,13.0189,74.7932,Low
Ullal_Beach,2027-02-20,0.5975,7.2829,264.7042,2.9,8.45,0.7942,1.85,12.8153,74.8451,High
Panambur_Beach,2027-02-21,0.5888,7.7375,256.5583,0.2,9.5833,0.6591,2.66,12.9482,74.8074,Moderate
Sasihithlu_Beach,2027-02-21,0.5612,7.7204,257.7292,0.4,7.875,0.6591,2.66,13.0189,74.7932,Low
Ullal_Beach,2027-02-21,0.6038,7.5417,256.4667,0.1,12.2542,0.8004,1.85,12.8153,74.8451,High
Panambur_Beach,2027-02-22,0.5983,7.8312,254.3708,0.5,11.3917,0.6589,2.66,12.9482,74.8074,Moderate
Sasihithlu_Beach,2027-02-22,0.5533,7.9825,251.25,0.8,10.5542,0.6589,2.66,13.0189,74.7932,Low
Ullal_Beach,2027-02-22,0.6138,7.3383,262.7042,0.0,12.3625,0.805,1.85,12.8153,74.8451,High
Panambur_Beach,2027-02-23,0.5829,7.5304,260.8417,0.2,7.9375,0.6587,2.66,12.9482,74.8074,Moderate
Sasihithlu_Beach,2027-02-23,0.5579,7.5171,262.9208,0.8,7.9042,0.6587,2.66,13.0189,74.7932,Low
Ullal_Beach,2027-02-23,0.5983,7.3183,262.6333,0.6,8.4,0.8117,1.85,12.8153,74.8451,High
Panambur_Beach,2027-02-24,0.5863,7.7588,257.4708,0.0,9.8292,0.6586,2.66,12.9482,74.8074,Moderate
Sasihithlu_Beach,2027-02-24,0.5408,7.8,254.1208,0.0,9.2333,0.6586,2.66,13.0189,74.7932,Low
Ullal_Beach,2027-02-24,0.5979,7.2304,262.4375,0.0,9.9458,0.8129,1.85,12.8153,74.8451,High
Panambur_Beach,2027-02-25,0.5692,7.8675,253.7208,0.0,9.6958,0.6584,2.66,12.9482,74.8074,Moderate
Sasihithlu_Beach,2027-02-25,0.5429,7.8662,252.5083,0.0,9.1833,0.6584,2.66,13.0189,74.7932,Low
Ullal_Beach,2027-02-25,0.6092,7.2292,266.6958,0.0,10.1,0.8142,1.85,12.8153,74.8451,High
Panambur_Beach,2027-02-26,0.5938,7.4762,263.2333,0.1,8.8125,0.6582,2.66,12.9482,74.8074,Moderate
Sasihithlu_Beach,2027-02-26,0.5404,7.53,258.7,0.5,8.4417,0.6582,2.66,13.0189,74.7932,Low
Ullal_Beach,2027-02-26,0.5912,7.2138,263.8958,0.1,8.9667,0.8121,1.85,12.8153,74.8451,High
Panambur_Beach,2027-02-27,0.5921,7.2933,266.95,0.0,11.05,0.6581,2.66,12.9482,74.8074,Moderate
Sasihithlu_Beach,2027-02-27,0.5604,7.3446,265.675,0.0,10.4417,0.6581,2.66,13.0189,74.7932,Low
Ullal_Beach,2027-02-27,0.6146,7.1342,267.6792,0.0,11.2292,0.8083,1.85,12.8153,74.8451,High
Panambur_Beach,2027-02-28,0.5988,7.5588,262.825,0.0,8.3292,0.6579,2.66,12.9482,74.8074,Moderate
Sasihithlu_Beach,2027-02-28,0.5483,7.5042,261.4333,0.0,8.2083,0.6579,2.66,13.0189,74.7932,Low
Ullal_Beach,2027-02-28,0.6237,7.2696,265.5083,0.0,8.5375,0.8025,1.85,12.8153,74.8451,High
Panambur_Beach,2027-03-01,0.5904,7.6629,261.1708,0.0,9.4125,0.6577,2.66,12.9482,74.8074,Moderate
Sasihithlu_Beach,2027-03-01,0.5462,7.7062,258.3875,0.0,8.9625,0.6577,2.66,13.0189,74.7932,Low
Ullal_Beach,2027-03-01,0.6133,7.2771,269.0792,0.0,9.4167,0.7967,1.85,12.8153,74.8451,High
Panambur_Beach,2027-03-02,0.5221,7.9054,249.65,0.5,8.8125,0.6672,2.66,12.9482,74.8074,Moderate
Sasihithlu_Beach,2027-03-02,0.5058,7.6962,254.3042,0.7,8.6292,0.6672,2.66,13.0189,74.7932,Low
Ullal_Beach,2027-03-02,0.5333,7.8958,247.6458,0.9,8.9417,0.7875,1.85,12.8153,74.8451,High
Panambur_Beach,2027-03-03,0.5738,8.0021,249.6708,0.0,11.3,0.662,2.66,12.9482,74.8074,Moderate
Sasihithlu_Beach,2027-03-03,0.5621,7.7025,260.6792,0.0,10.4958,0.662,2.66,13.0189,74.7932,Low
Ullal_Beach,2027-03-03,0.6012,7.3171,259.4958,0.0,11.2292,0.7887,1.85,12.8153,74.8451,High
Panambur_Beach,2027-03-04,0.5742,7.7942,245.7875,0.0,7.85,0.6572,2.66,12.9482,74.8074,Moderate
Sasihithlu_Beach,2027-03-04,0.535,7.8329,241.7208,0.0,7.1333,0.6572,2.66,13.0189,74.7932,Low
Ullal_Beach,2027-03-04,0.6012,7.8754,243.1083,0.0,8.5792,0.7867,1.85,12.8153,74.8451,High
Panambur_Beach,2027-03-05,0.6325,8.8417,226.9542,2.5,10.1375,0.6519,2.66,12.9482,74.8074,Moderate
Sasihithlu_Beach,2027-03-05,0.6071,8.7388,231.3667,2.4,10.1042,0.6519,2.66,13.0189,74.7932,Low
Ullal_Beach,2027-03-05,0.65,8.8188,224.4792,1.1,10.8833,0.7879,1.85,12.8153,74.8451,High
Panambur_Beach,2027-03-06,1.2025,7.7792,255.0917,16.9,5.6583,0.6468,2.66,12.9482,74.8074,Moderate
Sasihithlu_Beach,2027-03-06,1.1221,7.8312,257.0625,25.1,5.8042,0.6468,2.66,13.0189,74.7932,Low
Ullal_Beach,2027-03-06,1.0692,7.6942,255.5833,21.5,5.5667,0.7912,1.85,12.8153,74.8451,High
Panambur_Beach,2027-03-07,1.5792,8.8004,257.0458,15.0,7.45,0.6415,2.66,12.9482,74.8074,High
Sasihithlu_Beach,2027-03-07,1.5471,8.8633,257.05,18.8,7.4583,0.6415,2.66,13.0189,74.7932,Low
Ullal_Beach,2027-03-07,1.4008,8.8013,252.4917,15.1,6.9667,0.7971,1.85,12.8153,74.8451,High
Panambur_Beach,2027-03-08,2.4312,9.2354,269.9375,12.9,6.5917,0.6364,2.66,12.9482,74.8074,Moderate
Sasihithlu_Beach,2027-03-08,2.3442,9.1921,269.0708,16.6,6.5542,0.6364,2.66,13.0189,74.7932,Moderate
Ullal_Beach,2027-03-08,2.4008,9.1829,270.5917,11.1,6.3083,0.8008,1.85,12.8153,74.8451,High
Panambur_Beach,2027-03-09,1.9733,8.5692,268.7,23.5,12.9208,0.6311,2.66,12.9482,74.8074,High
Sasihithlu_Beach,2027-03-09,1.8904,8.6658,267.0292,26.3,12.4333,0.6311,2.66,13.0189,74.7932,Low
Ullal_Beach,2027-03-09,2.0625,8.6225,270.3125,24.2,12.6292,0.8083,1.85,12.8153,74.8451,High
Panambur_Beach,2027-03-10,1.335,8.1279,258.2292,10.4,6.2125,0.6259,2.66,12.9482,74.8074,Moderate
Sasihithlu_Beach,2027-03-10,1.2633,8.2771,256.2958,10.1,5.8875,0.6259,2.66,13.0189,74.7932,Low
Ullal_Beach,2027-03-10,1.3154,8.1192,258.0583,8.4,5.8042,0.8129,1.85,12.8153,74.8451,High
Panambur_Beach,2027-03-11,1.0775,8.7396,240.375,27.4,6.5458,0.6208,2.66,12.9482,74.8074,Moderate
Sasihithlu_Beach,2027-03-11,1.05,8.6875,240.875,30.3,6.5917,0.6208,2.66,13.0189,74.7932,Low
Ullal_Beach,2027-03-11,1.09,8.6083,240.25,12.1,5.6042,0.815,1.85,12.8153,74.8451,High
Panambur_Beach,2027-03-12,0.5283,9.5062,203.0833,28.8,5.2833,0.6155,2.66,12.9482,74.8074,Moderate
Sasihithlu_Beach,2027-03-12,0.4933,9.6146,203.8333,41.3,4.925,0.6155,2.66,13.0189,74.7932,Moderate
Ullal_Beach,2027-03-12,0.5308,9.2333,202.1667,31.6,5.9375,0.8125,1.85,12.8153,74.8451,High
Panambur_Beach,2027-03-13,0.6458,7.9208,221.625,6.1,4.6792,0.6104,2.66,12.9482,74.8074,Moderate
Sasihithlu_Beach,2027-03-13,0.6167,7.9146,221.25,5.6,4.7417,0.6104,2.66,13.0189,74.7932,Low
Ullal_Beach,2027-03-13,0.6458,7.7896,222.1667,6.1,5.1583,0.81,1.85,12.8153,74.8451,High
Panambur_Beach,2027-03-14,0.5733,8.09,241.3125,0.5,7.4125,0.6555,2.66,12.9482,74.8074,Moderate
Sasihithlu_Beach,2027-03-14,0.5325,8.1929,233.55,0.7,7.0917,0.6555,2.66,13.0189,74.7932,Low
Ullal_Beach,2027-03-14,0.5808,8.185,235.3875,0.0,7.9917,0.8071,1.85,12.8153,74.8451,High
Panambur_Beach,2027-03-15,0.5883,8.0887,241.7667,0.0,9.5792,0.6553,2.66,12.9482,74.8074,Moderate
Sasihithlu_Beach,2027-03-15,0.5517,7.9933,240.3875,0.0,8.9625,0.6553,2.66,13.0189,74.7932,Low
Ullal_Beach,2027-03-15,0.5988,7.6867,244.975,0.0,9.5917,0.8017,1.85,12.8153,74.8451,High
Panambur_Beach,2027-03-16,0.5558,7.9988,239.375,0.1,8.5708,0.6552,2.66,12.9482,74.8074,Moderate
Sasihithlu_Beach,2027-03-16,0.5346,7.9829,238.1708,0.0,8.1125,0.6552,2.66,13.0189,74.7932,Low
Ullal_Beach,2027-03-16,0.6117,8.0012,243.3833,0.3,8.4833,0.7958,1.85,12.8153,74.8451,High
Panambur_Beach,2027-03-17,0.5733,7.8904,243.15,0.5,7.5625,0.655,2.66,12.9482,74.8074,Moderate
Sasihithlu_Beach,2027-03-17,0.5287,8.3312,233.65,0.6,7.3333,0.655,2.66,13.0189,74.7932,Low
Ullal_Beach,2027-03-17,0.5738,7.7704,241.7708,0.5,7.8458,0.79,1.85,12.8153,74.8451,High
Panambur_Beach,2027-03-18,0.5708,7.8992,242.0,0.0,8.9792,0.6548,2.66,12.9482,74.8074,Moderate
Sasihithlu_Beach,2027-03-18,0.5479,7.8229,243.7542,0.0,8.5917,0.6548,2.66,13.0189,74.7932,Low
Ullal_Beach,2027-03-18,0.6008,7.8354,244.6875,0.0,9.2458,0.7871,1.85,12.8153,74.8451,High
Panambur_Beach,2027-03-19,0.5942,7.935,245.425,0.0,9.3167,0.6546,2.66,12.9482,74.8074,Moderate
Sasihithlu_Beach,2027-03-19,0.5529,8.18,237.9875,0.0,8.9833,0.6546,2.66,13.0189,74.7932,Low
Ullal_Beach,2027-03-19,0.5846,8.1129,235.675,0.0,9.4792,0.7867,1.85,12.8153,74.8451,High
Panambur_Beach,2027-03-20,0.5892,8.065,242.7375,0.2,9.7833,0.6545,2.66,12.9482,74.8074,Moderate
Sasihithlu_Beach,2027-03-20,0.5179,8.1092,234.4708,0.2,9.4333,0.6545,2.66,13.0189,74.7932,Low
Ullal_Beach,2027-03-20,0.59,8.01,241.7375,0.0,9.8708,0.7879,1.85,12.8153,74.8451,High
Panambur_Beach,2027-03-21,0.5821,8.1458,240.375,0.0,9.4,0.6543,2.66,12.9482,74.8074,Moderate
Sasihithlu_Beach,2027-03-21,0.5467,8.2229,237.5167,0.1,9.3917,0.6543,2.66,13.0189,74.7932,Low
Ullal_Beach,2027-03-21,0.5871,7.92,241.275,0.2,8.3375,0.7904,1.85,12.8153,74.8451,High
Panambur_Beach,2027-03-22,0.575,7.8358,244.6375,2.5,8.5958,0.6541,2.66,12.9482,74.8074,Moderate
Sasihithlu_Beach,2027-03-22,0.525,8.2583,234.3042,4.0,8.5083,0.6541,2.66,13.0189,74.7932,Low
Ullal_Beach,2027-03-22,0.5829,7.8258,241.2542,2.3,8.2875,0.7971,1.85,12.8153,74.8451,High
Panambur_Beach,2027-03-23,0.5817,8.0796,239.8875,0.2,8.9833,0.654,2.66,12.9482,74.8074,Moderate
Sasihithlu_Beach,2027-03-23,0.5467,7.9079,242.1542,0.1,8.7958,0.654,2.66,13.0189,74.7932,Low
Ullal_Beach,2027-03-23,0.5971,8.0021,241.7333,0.1,9.4583,0.8025,1.85,12.8153,74.8451,High
Panambur_Beach,2027-03-24,0.5629,8.0788,238.2333,0.0,8.475,0.6538,2.66,12.9482,74.8074,Moderate
Sasihithlu_Beach,2027-03-24,0.5421,7.9392,240.3,0.1,8.125,0.6538,2.66,13.0189,74.7932,Low
Ullal_Beach,2027-03-24,0.6058,7.9758,241.2958,0.0,8.8708,0.8075,1.85,12.8153,74.8451,High
Panambur_Beach,2027-03-25,0.5879,7.9012,246.1292,0.1,8.9042,0.6536,2.66,12.9482,74.8074,Moderate
Sasihithlu_Beach,2027-03-25,0.54,8.0054,237.1208,0.0,8.4458,0.6536,2.66,13.0189,74.7932,Low
Ullal_Beach,2027-03-25,0.6071,7.8333,246.1875,0.1,8.9625,0.8117,1.85,12.8153,74.8451,High
Panambur_Beach,2027-03-26,0.5742,8.0662,240.9417,0.0,7.6167,0.6535,2.66,12.9482,74.8074,Moderate
Sasihithlu_Beach,2027-03-26,0.5242,8.085,236.4333,0.0,7.3625,0.6535,2.66,13.0189,74.7932,Low
Ullal_Beach,2027-03-26,0.6054,7.8525,245.2958,0.0,7.975,0.8146,1.85,12.8153,74.8451,High
Panambur_Beach,2027-03-27,0.5708,7.8921,240.575,0.0,8.0458,0.6533,2.66,12.9482,74.8074,Moderate
Sasihithlu_Beach,2027-03-27,0.5042,7.8596,236.4917,0.0,7.4542,0.6533,2.66,13.0189,74.7932,Low
Ullal_Beach,2027-03-27,0.5712,8.0008,238.2458,0.0,8.5167,0.8133,1.85,12.8153,74.8451,High
Panambur_Beach,2027-03-28,0.575,7.8375,245.6625,0.5,9.0042,0.6531,2.66,12.9482,74.8074,Moderate
Sasihithlu_Beach,2027-03-28,0.535,7.9621,240.5792,0.5,8.3583,0.6531,2.66,13.0189,74.7932,Low
Ullal_Beach,2027-03-28,0.5904,7.9167,242.15,0.7,9.3125,0.8112,1.85,12.8153,74.8451,High
Panambur_Beach,2027-03-29,0.555,8.2342,233.8958,1.8,8.7167,0.6529,2.66,12.9482,74.8074,Moderate
Sasihithlu_Beach,2027-03-29,0.545,8.2417,237.4,5.4,8.6833,0.6529,2.66,13.0189,74.7932,Low
Ullal_Beach,2027-03-29,0.5742,7.7546,241.6792,5.6,8.6625,0.8067,1.85,12.8153,74.8451,High
Panambur_Beach,2027-03-30,0.5579,8.1583,238.9125,2.8,7.4917,0.6528,2.66,12.9482,74.8074,Moderate
Sasihithlu_Beach,2027-03-30,0.5221,8.1517,233.5792,3.5,7.4,0.6528,2.66,13.0189,74.7932,Low
Ullal_Beach,2027-03-30,0.5775,8.0363,237.7792,1.6,8.1042,0.7988,1.85,12.8153,74.8451,High
Panambur_Beach,2027-03-31,0.5446,7.8704,238.7083,16.9,10.1958,0.6526,2.66,12.9482,74.8074,Moderate
Sasihithlu_Beach,2027-03-31,0.505,8.0458,234.5208,16.8,9.9875,0.6526,2.66,13.0189,74.7932,Low
Ullal_Beach,2027-03-31,0.5362,8.1621,232.2583,19.6,10.725,0.7946,1.85,12.8153,74.8451,High
Panambur_Beach,2027-04-01,0.5725,8.0792,238.3458,0.7,11.1458,0.6524,2.66,12.9482,74.8074,Moderate
Sasihithlu_Beach,2027-04-01,0.5838,8.0721,242.9083,0.6,10.5583,0.6524,2.66,13.0189,74.7932,Low
Ullal_Beach,2027-04-01,0.5896,8.0908,239.9917,0.9,11.5167,0.7887,1.85,12.8153,74.8451,High
Panambur_Beach,2027-04-02,0.515,7.9825,248.4292,2.7,6.5458,0.6671,2.66,12.9482,74.8074,Moderate
Sasihithlu_Beach,2027-04-02,0.4821,7.7379,250.1,3.0,6.6792,0.6671,2.66,13.0189,74.7932,Low
Ullal_Beach,2027-04-02,0.5021,7.6312,245.6917,3.4,6.6417,0.7879,1.85,12.8153,74.8451,High
Panambur_Beach,2027-04-03,0.5833,7.8779,253.0,0.1,9.3458,0.6618,2.66,12.9482,74.8074,Moderate
Sasihithlu_Beach,2027-04-03,0.56,7.7188,258.5208,0.0,8.3792,0.6618,2.66,13.0189,74.7932,Low
Ullal_Beach,2027-04-03,0.5963,7.3304,262.725,0.0,10.1208,0.7929,1.85,12.8153,74.8451,High
Panambur_Beach,2027-04-04,0.5821,7.8554,245.9167,0.0,11.1125,0.657,2.66,12.9482,74.8074,Moderate
Sasihithlu_Beach,2027-04-04,0.5454,7.9367,241.9125,0.0,10.5333,0.657,2.66,13.0189,74.7932,Low
Ullal_Beach,2027-04-04,0.5712,7.9992,239.3958,0.0,10.3125,0.7871,1.85,12.8153,74.8451,High
Panambur_Beach,2027-04-05,0.6612,8.9446,228.2708,0.0,11.3833,0.6517,2.66,12.9482,74.8074,Moderate
Sasihithlu_Beach,2027-04-05,0.6171,8.8983,229.875,0.0,11.1208,0.6517,2.66,13.0189,74.7932,Low
Ullal_Beach,2027-04-05,0.6642,8.8679,223.8458,0.0,11.7083,0.7921,1.85,12.8153,74.8451,High
Panambur_Beach,2027-04-06,1.1925,7.6675,258.7958,21.1,7.1417,0.6466,2.66,12.9482,74.8074,Moderate
Sasihithlu_Beach,2027-04-06,1.1642,7.7396,258.5875,27.5,7.075,0.6466,2.66,13.0189,74.7932,Low
Ullal_Beach,2027-04-06,1.1742,7.6179,259.6208,19.6,6.5625,0.7938,1.85,12.8153,74.8451,High
Panambur_Beach,2027-04-07,1.6892,8.8375,258.8417,28.2,6.5625,0.6414,2.66,12.9482,74.8074,High
Sasihithlu_Beach,2027-04-07,1.4917,8.8138,254.9458,28.5,6.8417,0.6414,2.66,13.0189,74.7932,Low
Ullal_Beach,2027-04-07,1.5292,8.8229,255.0208,22.0,6.2458,0.8033,1.85,12.8153,74.8451,High
Panambur_Beach,2027-04-08,2.3242,9.16,270.2625,7.0,8.9958,0.6363,2.66,12.9482,74.8074,Moderate
Sasihithlu_Beach,2027-04-08,2.4567,9.3512,269.925,9.1,8.5292,0.6363,2.66,13.0189,74.7932,Moderate
Ullal_Beach,2027-04-08,2.3646,9.2021,270.575,10.4,8.925,0.8062,1.85,12.8153,74.8451,High
Panambur_Beach,2027-04-09,1.8154,8.5483,268.4292,15.6,10.3583,0.631,2.66,12.9482,74.8074,High
Sasihithlu_Beach,2027-04-09,1.91,8.7212,268.3042,18.8,9.7375,0.631,2.66,13.0189,74.7932,Low
Ullal_Beach,2027-04-09,1.9283,8.5754,269.5583,11.8,10.7,0.8117,1.85,12.8153,74.8451,High
Panambur_Beach,2027-04-10,1.5483,8.0233,258.2083,32.2,11.2625,0.6257,2.66,12.9482,74.8074,Moderate
Sasihithlu_Beach,2027-04-10,1.5354,7.96,258.7708,39.6,10.925,0.6257,2.66,13.0189,74.7932,Low
Ullal_Beach,2027-04-10,1.6125,7.8212,260.0208,21.6,11.1542,0.8142,1.85,12.8153,74.8451,High
Panambur_Beach,2027-04-11,0.9517,8.9958,235.75,7.8,5.4958,0.6206,2.66,12.9482,74.8074,Moderate
Sasihithlu_Beach,2027-04-11,0.9167,8.9458,236.2083,8.9,5.3417,0.6206,2.66,13.0189,74.7932,Low
Ullal_Beach,2027-04-11,0.9692,8.9021,235.0,4.8,5.7042,0.8117,1.85,12.8153,74.8451,High
Panambur_Beach,2027-04-12,0.5792,9.1812,204.7917,26.7,6.0125,0.6153,2.66,12.9482,74.8074,Moderate
Sasihithlu_Beach,2027-04-12,0.5442,9.3021,205.2917,26.4,5.9875,0.6153,2.66,13.0189,74.7932,Moderate
Ullal_Beach,2027-04-12,0.5792,8.8583,203.7917,14.2,5.8583,0.8079,1.85,12.8153,74.8451,High
Panambur_Beach,2027-04-13,0.6342,8.4917,230.2917,3.2,5.175,0.6102,2.66,12.9482,74.8074,Moderate
Sasihithlu_Beach,2027-04-13,0.6067,8.5,230.6667,2.4,4.9042,0.6102,2.66,13.0189,74.7932,Low
Ullal_Beach,2027-04-13,0.6425,8.3271,230.75,3.5,5.4625,0.8046,1.85,12.8153,74.8451,High
Panambur_Beach,2027-04-14,0.5967,9.1717,222.2708,41.1,6.5,0.6502,2.66,12.9482,74.8074,Moderate
Sasihithlu_Beach,2027-04-14,0.5775,8.8508,229.05,39.8,6.0042,0.6502,2.66,13.0189,74.7932,Low
Ullal_Beach,2027-04-14,0.5854,8.9271,218.4125,27.0,5.8333,0.7983,1.85,12.8153,74.8451,High
Panambur_Beach,2027-04-15,0.5912,9.1721,222.5708,33.8,7.4625,0.65,2.66,12.9482,74.8074,Moderate
Sasihithlu_Beach,2027-04-15,0.5762,9.0825,224.1958,40.5,7.5417,0.65,2.66,13.0189,74.7932,Low
Ullal_Beach,2027-04-15,0.5942,8.8008,221.4375,32.9,8.4958,0.7925,1.85,12.8153,74.8451,High
Panambur_Beach,2027-04-16,0.5888,9.0175,222.275,5.9,6.5625,0.6499,2.66,12.9482,74.8074,Moderate
Sasihithlu_Beach,2027-04-16,0.5708,9.1354,222.2083,8.3,6.3917,0.6499,2.66,13.0189,74.7932,Low
Ullal_Beach,2027-04-16,0.605,9.0517,220.2625,2.7,6.55,0.7879,1.85,12.8153,74.8451,High
Panambur_Beach,2027-04-17,0.5838,8.9992,221.225,9.8,6.425,0.6497,2.66,12.9482,74.8074,Moderate
Sasihithlu_Beach,2027-04-17,0.5654,9.1071,222.7375,11.9,6.3375,0.6497,2.66,13.0189,74.7932,Low
Ullal_Beach,2027-04-17,0.5983,8.9346,220.8292,8.7,6.5292,0.7858,1.85,12.8153,74.8451,High
Panambur_Beach,2027-04-18,0.5875,8.9138,222.3333,3.7,7.0625,0.6495,2.66,12.9482,74.8074,Moderate
Sasihithlu_Beach,2027-04-18,0.575,9.1021,221.4792,6.2,7.05,0.6495,2.66,13.0189,74.7932,Low
Ullal_Beach,2027-04-18,0.6104,8.7004,224.1125,1.8,6.3625,0.7854,1.85,12.8153,74.8451,High
Panambur_Beach,2027-04-19,0.6071,9.1017,222.55,11.6,6.8458,0.6494,2.66,12.9482,74.8074,Moderate
Sasihithlu_Beach,2027-04-19,0.5725,9.0783,223.4,10.0,6.925,0.6494,2.66,13.0189,74.7932,Low
Ullal_Beach,2027-04-19,0.6171,8.89,223.3542,21.0,6.975,0.7896,1.85,12.8153,74.8451,High
Panambur_Beach,2027-04-20,0.6142,9.3171,217.3833,5.3,7.0542,0.6492,2.66,12.9482,74.8074,Moderate
Sasihithlu_Beach,2027-04-20,0.5825,8.8829,225.0083,5.3,6.6875,0.6492,2.66,13.0189,74.7932,Low
Ullal_Beach,2027-04-20,0.6371,8.9621,220.6667,1.7,6.3958,0.7929,1.85,12.8153,74.8451,High
Panambur_Beach,2027-04-21,0.6108,9.0338,222.6458,4.6,5.5458,0.649,2.66,12.9482,74.8074,Moderate
Sasihithlu_Beach,2027-04-21,0.5783,9.125,222.6083,6.1,5.2333,0.649,2.66,13.0189,74.7932,Low
Ullal_Beach,2027-04-21,0.6308,9.1738,218.3875,6.5,6.1792,0.7996,1.85,12.8153,74.8451,High
Panambur_Beach,2027-04-22,0.6162,8.7808,227.3208,5.3,7.45,0.6489,2.66,12.9482,74.8074,Moderate
Sasihithlu_Beach,2027-04-22,0.5825,8.7392,231.6458,10.3,7.175,0.6489,2.66,13.0189,74.7932,Low
Ullal_Beach,2027-04-22,0.6133,8.7858,225.7042,3.6,7.425,0.805,1.85,12.8153,74.8451,High
Panambur_Beach,2027-04-23,0.6033,9.0862,223.8042,8.8,6.1167,0.6487,2.66,12.9482,74.8074,Moderate
Sasihithlu_Beach,2027-04-23,0.5683,8.8833,226.0375,11.1,5.8833,0.6487,2.66,13.0189,74.7932,Low
Ullal_Beach,2027-04-23,0.5988,8.8563,221.5,10.0,6.3208,0.8104,1.85,12.8153,74.8451,High
Panambur_Beach,2027-04-24,0.6104,9.12,221.8,41.0,7.2083,0.6485,2.66,12.9482,74.8074,Moderate
Sasihithlu_Beach,2027-04-24,0.5671,9.0579,222.975,27.6,7.1792,0.6485,2.66,13.0189,74.7932,Low
Ullal_Beach,2027-04-24,0.5967,8.8796,220.65,24.9,6.2167,0.8129,1.85,12.8153,74.8451,High
Panambur_Beach,2027-04-25,0.6146,9.0954,222.2708,4.6,7.8125,0.6483,2.66,12.9482,74.8074,Moderate
Sasihithlu_Beach,2027-04-25,0.5971,8.9871,226.3667,5.9,7.2125,0.6483,2.66,13.0189,74.7932,Low
Ullal_Beach,2027-04-25,0.6179,8.9675,220.8667,7.1,7.7875,0.8142,1.85,12.8153,74.8451,High
Panambur_Beach,2027-04-26,0.5958,9.2638,220.4167,10.2,6.0875,0.6482,2.66,12.9482,74.8074,Moderate
Sasihithlu_Beach,2027-04-26,0.5629,8.8846,226.6833,10.2,5.8958,0.6482,2.66,13.0189,74.7932,Low
Ullal_Beach,2027-04-26,0.6,9.0792,219.6625,5.2,5.7542,0.8125,1.85,12.8153,74.8451,High
Panambur_Beach,2027-04-27,0.6012,8.6521,229.825,12.4,7.9417,0.648,2.66,12.9482,74.8074,Moderate
Sasihithlu_Beach,2027-04-27,0.5929,9.0217,225.95,4.9,7.8792,0.648,2.66,13.0189,74.7932,Low
Ullal_Beach,2027-04-27,0.6217,8.9517,219.4125,18.2,7.4333,0.8083,1.85,12.8153,74.8451,High
Panambur_Beach,2027-04-28,0.6038,9.1108,219.4583,3.1,6.4833,0.6478,2.66,12.9482,74.8074,Moderate
Sasihithlu_Beach,2027-04-28,0.5758,9.0325,225.05,4.1,6.6625,0.6478,2.66,13.0189,74.7932,Low
Ullal_Beach,2027-04-28,0.6171,9.1208,218.425,3.9,6.3417,0.8033,1.85,12.8153,74.8451,High
Panambur_Beach,2027-04-29,0.6138,9.2262,217.525,10.3,6.8667,0.6477,2.66,12.9482,74.8074,Moderate
Sasihithlu_Beach,2027-04-29,0.5783,9.1621,222.65,9.6,6.825,0.6477,2.66,13.0189,74.7932,Low
Ullal_Beach,2027-04-29,0.6325,8.8021,224.8792,5.9,6.45,0.7967,1.85,12.8153,74.8451,High
Panambur_Beach,2027-04-30,0.6258,9.1975,225.1958,9.1,8.5292,0.6475,2.66,12.9482,74.8074,Moderate
Sasihithlu_Beach,2027-04-30,0.5929,8.8908,227.2208,11.5,8.15,0.6475,2.66,13.0189,74.7932,Low
Ullal_Beach,2027-04-30,0.6396,8.8217,222.8625,12.8,8.6958,0.7908,1.85,12.8153,74.8451,High
Panambur_Beach,2027-05-01,0.6154,9.405,215.75,3.1,6.4167,0.6473,2.66,12.9482,74.8074,Moderate
Sasihithlu_Beach,2027-05-01,0.5804,8.925,223.6917,1.8,6.5708,0.6473,2.66,13.0189,74.7932,Low
Ullal_Beach,2027-05-01,0.6212,8.7104,223.8417,6.4,6.5667,0.7883,1.85,12.8153,74.8451,High
Panambur_Beach,2027-05-02,0.5196,7.8233,251.4083,0.4,7.5625,0.6669,2.66,12.9482,74.8074,Moderate
Sasihithlu_Beach,2027-05-02,0.5058,7.4871,254.4042,0.4,7.2458,0.6669,2.66,13.0189,74.7932,Low
Ullal_Beach,2027-05-02,0.5212,7.5704,252.3208,0.7,8.2125,0.7904,1.85,12.8153,74.8451,High
Panambur_Beach,2027-05-03,0.5779,7.46,260.5333,0.7,8.9292,0.6616,2.66,12.9482,74.8074,Moderate
Sasihithlu_Beach,2027-05-03,0.5708,7.5404,262.925,0.8,8.4625,0.6616,2.66,13.0189,74.7932,Low
Ullal_Beach,2027-05-03,0.6146,7.2383,266.1083,0.5,9.2083,0.7988,1.85,12.8153,74.8451,High
Panambur_Beach,2027-05-04,0.5625,8.1229,236.3583,0.0,9.0417,0.6569,2.66,12.9482,74.8074,Moderate
Sasihithlu_Beach,2027-05-04,0.5508,8.1262,238.75,0.0,8.3292,0.6569,2.66,13.0189,74.7932,Low
Ullal_Beach,2027-05-04,0.57,7.9646,238.4917,0.0,9.1625,0.79,1.85,12.8153,74.8451,High
Panambur_Beach,2027-05-05,0.6712,8.8667,227.1125,0.0,13.475,0.6516,2.66,12.9482,74.8074,Moderate
Sasihithlu_Beach,2027-05-05,0.6375,8.7479,231.7417,0.0,13.275,0.6516,2.66,13.0189,74.7932,Low
Ullal_Beach,2027-05-05,0.6546,8.6346,225.2125,0.0,13.45,0.7988,1.85,12.8153,74.8451,High
Panambur_Beach,2027-05-06,1.0971,7.9871,252.6208,23.7,6.4125,0.6465,2.66,12.9482,74.8074,Moderate
Sasihithlu_Beach,2027-05-06,1.1454,7.7621,258.3458,18.2,6.3833,0.6465,2.66,13.0189,74.7932,Low
Ullal_Beach,2027-05-06,1.1138,7.7354,254.4917,18.9,6.45,0.8004,1.85,12.8153,74.8451,High
Panambur_Beach,2027-05-07,1.6925,8.9621,257.05,43.1,8.4583,0.6412,2.66,12.9482,74.8074,High
Sasihithlu_Beach,2027-05-07,1.6642,8.7604,258.0792,38.8,8.3625,0.6412,2.66,13.0189,74.7932,Low
Ullal_Beach,2027-05-07,1.4962,8.7712,254.1458,35.3,7.8542,0.8083,1.85,12.8153,74.8451,High
Panambur_Beach,2027-05-08,2.3775,9.1625,270.6292,15.4,9.5667,0.6361,2.66,12.9482,74.8074,Moderate
Sasihithlu_Beach,2027-05-08,2.3758,9.2117,269.7458,15.0,9.2125,0.6361,2.66,13.0189,74.7932,Moderate
Ullal_Beach,2027-05-08,2.4492,9.2458,272.1,14.3,9.7583,0.8112,1.85,12.8153,74.8451,High
Panambur_Beach,2027-05-09,2.3121,8.6825,266.2375,28.4,14.1792,0.6308,2.66,12.9482,74.8074,High
Sasihithlu_Beach,2027-05-09,2.23,8.7017,266.875,32.4,13.6333,0.6308,2.66,13.0189,74.7932,Low
Ullal_Beach,2027-05-09,2.1579,8.51,269.1833,24.7,13.9375,0.8133,1.85,12.8153,74.8451,High
Panambur_Beach,2027-05-10,1.6425,7.7696,259.4792,50.7,14.4375,0.6255,2.66,12.9482,74.8074,Moderate
Sasihithlu_Beach,2027-05-10,1.5783,7.8329,259.5417,57.0,13.7208,0.6255,2.66,13.0189,74.7932,Low
Ullal_Beach,2027-05-10,1.6538,7.6975,260.4792,42.3,14.4292,0.8117,1.85,12.8153,74.8451,High
Panambur_Beach,2027-05-11,0.9008,9.2,241.2083,3.3,5.6667,0.6204,2.66,12.9482,74.8074,Moderate
Sasihithlu_Beach,2027-05-11,0.8633,9.1479,241.375,5.1,5.4375,0.6204,2.66,13.0189,74.7932,Low
Ullal_Beach,2027-05-11,0.9175,9.1458,240.5833,1.7,5.7792,0.8108,1.85,12.8153,74.8451,High
Panambur_Beach,2027-05-12,0.7592,6.6688,193.8333,5.9,8.3375,0.6151,2.66,12.9482,74.8074,Moderate
Sasihithlu_Beach,2027-05-12,0.7,6.8792,195.7083,4.4,8.2375,0.6151,2.66,13.0189,74.7932,Moderate
Ullal_Beach,2027-05-12,0.8083,6.2938,191.3333,5.2,8.6375,0.8042,1.85,12.8153,74.8451,High
Panambur_Beach,2027-05-13,0.66,8.7521,224.25,0.0,7.7167,0.61,2.66,12.9482,74.8074,Moderate
Sasihithlu_Beach,2027-05-13,0.6258,8.8,224.2917,0.0,7.5667,0.61,2.66,13.0189,74.7932,Low
Ullal_Beach,2027-05-13,0.6792,8.5479,225.125,0.1,7.3042,0.8,1.85,12.8153,74.8451,High
Panambur_Beach,2027-05-14,1.1929,7.7133,257.7917,20.5,7.3667,0.6451,2.66,12.9482,74.8074,Moderate
Sasihithlu_Beach,2027-05-14,1.1579,7.7188,256.375,26.8,7.2208,0.6451,2.66,13.0189,74.7932,Low
Ullal_Beach,2027-05-14,1.2,7.6404,255.7125,13.4,7.6417,0.7942,1.85,12.8153,74.8451,High
Panambur_Beach,2027-05-15,1.4512,7.8721,256.9917,5.2,14.8083,0.6449,2.66,12.9482,74.8074,Moderate
Sasihithlu_Beach,2027-05-15,1.3608,7.6983,261.0542,5.0,13.975,0.6449,2.66,13.0189,74.7932,Low
Ullal_Beach,2027-05-15,1.7054,7.8162,258.9583,7.0,16.775,0.7904,1.85,12.8153,74.8451,High
Panambur_Beach,2027-05-16,2.8875,8.3625,254.5792,93.3,28.6333,0.6448,2.66,12.9482,74.8074,Moderate
Sasihithlu_Beach,2027-05-16,2.7592,8.3662,255.7875,91.0,28.4833,0.6448,2.66,13.0189,74.7932,Moderate
Ullal_Beach,2027-05-16,2.8967,8.3921,257.2917,84.1,29.0417,0.7867,1.85,12.8153,74.8451,High
Panambur_Beach,2027-05-17,2.26,8.1321,256.3583,66.4,21.2917,0.6446,2.66,12.9482,74.8074,Moderate
Sasihithlu_Beach,2027-05-17,2.3125,8.0679,255.7083,65.9,21.4125,0.6446,2.66,13.0189,74.7932,Moderate
Ullal_Beach,2027-05-17,2.2721,8.0979,260.1833,40.5,20.7208,0.7867,1.85,12.8153,74.8451,High
Panambur_Beach,2027-05-18,1.5108,7.6938,259.3333,19.3,14.4917,0.6444,2.66,12.9482,74.8074,Moderate
Sasihithlu_Beach,2027-05-18,1.4729,7.675,259.0583,18.8,14.8458,0.6444,2.66,13.0189,74.7932,Low
Ullal_Beach,2027-05-18,1.59,7.6588,259.1875,16.4,14.55,0.7867,1.85,12.8153,74.8451,High
Panambur_Beach,2027-05-19,1.6383,7.725,258.9958,37.2,15.3875,0.6443,2.66,12.9482,74.8074,Moderate
Sasihithlu_Beach,2027-05-19,1.5371,7.6412,258.4458,33.9,15.7958,0.6443,2.66,13.0189,74.7932,Low
Ullal_Beach,2027-05-19,1.6725,7.6725,260.4417,23.7,14.8833,0.7917,1.85,12.8153,74.8451,High
Panambur_Beach,2027-05-20,1.3417,7.6517,258.5917,17.0,11.55,0.6441,2.66,12.9482,74.8074,Moderate
Sasihithlu_Beach,2027-05-20,1.33,7.6188,258.2,16.3,11.8833,0.6441,2.66,13.0189,74.7932,Low
Ullal_Beach,2027-05-20,1.345,7.4517,259.3375,17.4,11.3583,0.7971,1.85,12.8153,74.8451,High
Panambur_Beach,2027-05-21,1.3396,7.5858,257.4792,25.2,7.5125,0.6439,2.66,12.9482,74.8074,Moderate
Sasihithlu_Beach,2027-05-21,1.3025,7.6921,256.4542,30.7,7.7625,0.6439,2.66,13.0189,74.7932,Low
Ullal_Beach,2027-05-21,1.2663,7.5946,253.8583,24.8,6.9917,0.8021,1.85,12.8153,74.8451,High
Panambur_Beach,2027-05-22,1.2771,7.6238,257.5,16.1,7.9708,0.6437,2.66,12.9482,74.8074,Moderate
Sasihithlu_Beach,2027-05-22,1.2179,7.6846,257.5458,16.5,8.2917,0.6437,2.66,13.0189,74.7932,Low
Ullal_Beach,2027-05-22,1.2771,7.5733,255.1208,24.2,7.7958,0.8075,1.85,12.8153,74.8451,High
Panambur_Beach,2027-05-23,1.1438,7.9867,254.9,2.0,6.3708,0.6436,2.66,12.9482,74.8074,Moderate
Sasihithlu_Beach,2027-05-23,1.1196,7.6888,259.6375,2.5,6.5042,0.6436,2.66,13.0189,74.7932,Low
Ullal_Beach,2027-05-23,1.1825,7.6188,258.8125,3.9,5.9292,0.8121,1.85,12.8153,74.8451,High
Panambur_Beach,2027-05-24,1.0825,7.91,253.9125,1.4,7.1583,0.6434,2.66,12.9482,74.8074,Moderate
Sasihithlu_Beach,2027-05-24,1.1588,7.8329,258.5333,2.5,7.3,0.6434,2.66,13.0189,74.7932,Low
Ullal_Beach,2027-05-24,1.2171,7.7421,255.0708,1.4,7.275,0.8142,1.85,12.8153,74.8451,High
Panambur_Beach,2027-05-25,1.2042,7.8062,255.5292,3.6,9.7875,0.6432,2.66,12.9482,74.8074,Moderate
Sasihithlu_Beach,2027-05-25,1.2579,7.6838,255.8542,5.9,9.5292,0.6432,2.66,13.0189,74.7932,Low
Ullal_Beach,2027-05-25,1.085,7.7013,254.65,4.1,10.2167,0.8138,1.85,12.8153,74.8451,High
Panambur_Beach,2027-05-26,1.3729,7.6938,258.1292,20.3,7.5833,0.6431,2.66,12.9482,74.8074,Moderate
Sasihithlu_Beach,2027-05-26,1.2629,7.8546,255.4583,19.8,7.2208,0.6431,2.66,13.0189,74.7932,Low
Ullal_Beach,2027-05-26,1.2775,7.5838,255.5083,14.2,7.5083,0.8096,1.85,12.8153,74.8451,High
Panambur_Beach,2027-05-27,1.215,7.6529,257.725,8.8,8.0083,0.6429,2.66,12.9482,74.8074,Moderate
Sasihithlu_Beach,2027-05-27,1.1825,7.6938,257.3083,7.2,8.0708,0.6429,2.66,13.0189,74.7932,Low
Ullal_Beach,2027-05-27,1.2921,7.6533,256.4375,10.3,8.0917,0.805,1.85,12.8153,74.8451,High
Panambur_Beach,2027-05-28,1.2196,8.2662,254.1083,3.0,9.9,0.6427,2.66,12.9482,74.8074,Moderate
Sasihithlu_Beach,2027-05-28,1.18,8.2575,251.8708,3.1,9.4083,0.6427,2.66,13.0189,74.7932,Low
Ullal_Beach,2027-05-28,1.0988,8.1079,251.8208,1.9,9.8792,0.8,1.85,12.8153,74.8451,High
Panambur_Beach,2027-05-29,1.2258,7.8429,256.7333,6.7,7.7,0.6426,2.66,12.9482,74.8074,Moderate
Sasihithlu_Beach,2027-05-29,1.1413,7.5733,259.025,6.2,7.2083,0.6426,2.66,13.0189,74.7932,Low
Ullal_Beach,2027-05-29,1.2004,7.5583,257.7458,4.3,8.0583,0.7942,1.85,12.8153,74.8451,High
Panambur_Beach,2027-05-30,1.3146,7.6604,256.5708,46.3,7.7958,0.6424,2.66,12.9482,74.8074,Moderate
Sasihithlu_Beach,2027-05-30,1.3633,7.6604,256.6,61.3,7.5542,0.6424,2.66,13.0189,74.7932,Low
Ullal_Beach,2027-05-30,1.2817,7.5554,258.25,15.4,7.425,0.7896,1.85,12.8153,74.8451,High
Panambur_Beach,2027-05-31,1.2354,7.8654,255.775,7.8,6.3083,0.6422,2.66,12.9482,74.8074,Moderate
Sasihithlu_Beach,2027-05-31,1.2729,7.7983,257.5417,6.1,6.2917,0.6422,2.66,13.0189,74.7932,Low
Ullal_Beach,2027-05-31,1.2092,7.6892,257.2792,10.9,6.2375,0.7858,1.85,12.8153,74.8451,High
Panambur_Beach,2027-06-01,1.2779,7.7317,256.5042,13.8,8.9792,0.642,2.66,12.9482,74.8074,Moderate
Sasihithlu_Beach,2027-06-01,1.2629,7.7254,256.8458,19.5,9.5417,0.642,2.66,13.0189,74.7932,Low
Ullal_Beach,2027-06-01,1.3104,7.5996,257.1333,15.0,8.0583,0.7858,1.85,12.8153,74.8451,High
Panambur_Beach,2027-06-02,0.5192,8.1929,246.1958,26.2,7.7792,0.6667,2.66,12.9482,74.8074,Moderate
Sasihithlu_Beach,2027-06-02,0.49,7.8325,249.8292,24.7,7.625,0.6667,2.66,13.0189,74.7932,Low
Ullal_Beach,2027-06-02,0.5221,7.8867,244.7583,17.1,7.4792,0.7958,1.85,12.8153,74.8451,High
Panambur_Beach,2027-06-03,0.6042,7.4308,264.5542,0.0,10.15,0.6615,2.66,12.9482,74.8074,Moderate
Sasihithlu_Beach,2027-06-03,0.5583,7.6183,259.3833,0.0,9.5708,0.6615,2.66,13.0189,74.7932,Low
Ullal_Beach,2027-06-03,0.5988,7.3379,263.2125,0.0,9.675,0.805,1.85,12.8153,74.8451,High
Panambur_Beach,2027-06-04,0.5758,7.7404,245.2042,0.0,11.2208,0.6567,2.66,12.9482,74.8074,Moderate
Sasihithlu_Beach,2027-06-04,0.5342,7.8696,238.6167,0.0,10.4792,0.6567,2.66,13.0189,74.7932,Low
Ullal_Beach,2027-06-04,0.5788,8.1104,238.1917,0.0,11.2625,0.7954,1.85,12.8153,74.8451,High
Panambur_Beach,2027-06-05,0.6571,9.3108,222.1667,0.0,8.2458,0.6514,2.66,12.9482,74.8074,Moderate
Sasihithlu_Beach,2027-06-05,0.6033,9.0546,224.5458,0.0,7.9583,0.6514,2.66,13.0189,74.7932,Low
Ullal_Beach,2027-06-05,0.6412,8.61,227.3708,0.0,9.0292,0.8038,1.85,12.8153,74.8451,High
Panambur_Beach,2027-06-06,1.2412,7.91,254.9708,37.2,7.65,0.6463,2.66,12.9482,74.8074,Moderate
Sasihithlu_Beach,2027-06-06,1.0833,7.9396,256.5833,25.1,7.4167,0.6463,2.66,13.0189,74.7932,Low
Ullal_Beach,2027-06-06,1.1596,7.7646,256.1583,18.6,7.2833,0.8067,1.85,12.8153,74.8451,High
Panambur_Beach,2027-06-07,1.5075,8.8112,256.425,7.3,5.8708,0.641,2.66,12.9482,74.8074,High
Sasihithlu_Beach,2027-06-07,1.38,8.8862,253.3292,8.8,5.6167,0.641,2.66,13.0189,74.7932,Low
Ullal_Beach,2027-06-07,1.3304,8.8154,252.2667,6.6,6.6833,0.8112,1.85,12.8153,74.8451,High
Panambur_Beach,2027-06-08,2.3546,9.2446,269.9292,5.5,8.6958,0.6359,2.66,12.9482,74.8074,Moderate
Sasihithlu_Beach,2027-06-08,2.2846,9.2137,269.1583,7.5,8.2417,0.6359,2.66,13.0189,74.7932,Moderate
Ullal_Beach,2027-06-08,2.305,9.175,270.7583,4.6,8.6292,0.8125,1.85,12.8153,74.8451,High
Panambur_Beach,2027-06-09,2.2225,8.6288,266.9458,33.5,15.5208,0.6306,2.66,12.9482,74.8074,High
Sasihithlu_Beach,2027-06-09,2.2771,8.63,266.3458,41.7,15.2792,0.6306,2.66,13.0189,74.7932,Low
Ullal_Beach,2027-06-09,2.15,8.5604,267.3292,19.0,15.725,0.8121,1.85,12.8153,74.8451,High
Panambur_Beach,2027-06-10,1.51,7.9817,256.2917,68.0,11.9125,0.6254,2.66,12.9482,74.8074,Moderate
Sasihithlu_Beach,2027-06-10,1.4688,8.0592,255.3375,71.0,11.2125,0.6254,2.66,13.0189,74.7932,Low
Ullal_Beach,2027-06-10,1.5517,7.9079,258.2375,58.8,12.0167,0.8067,1.85,12.8153,74.8451,High
Panambur_Beach,2027-06-11,0.7983,8.7708,234.2917,16.2,4.0333,0.6202,2.66,12.9482,74.8074,Moderate
Sasihithlu_Beach,2027-06-11,0.7608,8.7125,235.0,14.2,3.8625,0.6202,2.66,13.0189,74.7932,Low
Ullal_Beach,2027-06-11,0.8183,8.6792,233.5417,15.1,3.6375,0.8046,1.85,12.8153,74.8451,High
Panambur_Beach,2027-06-12,0.7783,6.7958,210.6667,12.7,8.1333,0.615,2.66,12.9482,74.8074,Moderate
Sasihithlu_Beach,2027-06-12,0.7367,6.8396,210.75,13.5,8.2292,0.615,2.66,13.0189,74.7932,Low
Ullal_Beach,2027-06-12,0.7892,6.7188,210.5,10.3,8.2583,0.7971,1.85,12.8153,74.8451,High
Panambur_Beach,2027-06-13,0.7875,6.4917,279.9583,0.0,10.9833,0.6099,2.66,12.9482,74.8074,Low
Sasihithlu_Beach,2027-06-13,0.7358,6.5333,277.25,0.0,10.9208,0.6099,2.66,13.0189,74.7932,Low
Ullal_Beach,2027-06-13,0.8183,6.3,283.125,0.0,10.5125,0.7946,1.85,12.8153,74.8451,High
Panambur_Beach,2027-06-14,1.9412,8.8975,260.7167,72.4,8.3333,0.6398,2.66,12.9482,74.8074,High
Sasihithlu_Beach,2027-06-14,1.7204,8.8238,257.8583,78.3,8.6042,0.6398,2.66,13.0189,74.7932,Low
Ullal_Beach,2027-06-14,1.7108,8.6975,257.7792,66.0,7.5833,0.7879,1.85,12.8153,74.8451,High
Panambur_Beach,2027-06-15,1.8021,8.8933,256.4042,67.1,13.4125,0.6397,2.66,12.9482,74.8074,High
Sasihithlu_Beach,2027-06-15,1.9071,8.9471,258.2125,74.2,13.1417,0.6397,2.66,13.0189,74.7932,Low
Ullal_Beach,2027-06-15,2.0533,9.0292,258.7167,54.4,13.6292,0.7858,1.85,12.8153,74.8451,High
Panambur_Beach,2027-06-16,2.4004,9.1017,261.3542,46.0,16.4458,0.6395,2.66,12.9482,74.8074,High
Sasihithlu_Beach,2027-06-16,2.4038,9.0458,262.5625,47.9,16.0292,0.6395,2.66,13.0189,74.7932,Low
Ullal_Beach,2027-06-16,2.1825,9.0321,260.75,29.0,15.7667,0.7846,1.85,12.8153,74.8451,High
Panambur_Beach,2027-06-17,2.7321,9.2496,263.2792,65.2,16.7125,0.6393,2.66,12.9482,74.8074,High
Sasihithlu_Beach,2027-06-17,2.6933,9.1129,262.8208,77.3,16.2958,0.6393,2.66,13.0189,74.7932,Moderate
Ullal_Beach,2027-06-17,2.5733,8.9879,263.7375,31.9,15.7083,0.7892,1.85,12.8153,74.8451,High
Panambur_Beach,2027-06-18,2.3025,9.0804,260.5,44.7,15.0875,0.6391,2.66,12.9482,74.8074,High
Sasihithlu_Beach,2027-06-18,2.3,9.0363,260.6917,54.8,14.8,0.6391,2.66,13.0189,74.7932,Low
Ullal_Beach,2027-06-18,2.1096,8.9854,259.8125,24.5,14.3542,0.7929,1.85,12.8153,74.8451,High
Panambur_Beach,2027-06-19,2.3779,9.1288,260.3333,35.9,16.3208,0.639,2.66,12.9482,74.8074,High
Sasihithlu_Beach,2027-06-19,2.46,9.1842,261.8292,39.3,16.0458,0.639,2.66,13.0189,74.7932,Low
Ullal_Beach,2027-06-19,2.2412,9.0721,260.3125,23.1,15.3708,0.7988,1.85,12.8153,74.8451,High
Panambur_Beach,2027-06-20,1.6454,8.8092,256.925,27.6,10.6167,0.6388,2.66,12.9482,74.8074,High
Sasihithlu_Beach,2027-06-20,1.7121,8.8167,257.9333,32.4,10.1708,0.6388,2.66,13.0189,74.7932,Low
Ullal_Beach,2027-06-20,1.6362,8.8196,255.475,17.6,10.6458,0.805,1.85,12.8153,74.8451,High
Panambur_Beach,2027-06-21,1.7142,8.8467,258.4833,13.6,8.4,0.6386,2.66,12.9482,74.8074,High
Sasihithlu_Beach,2027-06-21,1.6808,8.8158,258.5167,12.1,8.1792,0.6386,2.66,13.0189,74.7932,Low
Ullal_Beach,2027-06-21,1.5383,8.8421,255.6958,10.7,8.3667,0.81,1.85,12.8153,74.8451,High
Panambur_Beach,2027-06-22,1.5229,8.9038,255.4792,12.3,8.7667,0.6385,2.66,12.9482,74.8074,High
Sasihithlu_Beach,2027-06-22,1.4421,8.8667,254.225,12.7,8.5958,0.6385,2.66,13.0189,74.7932,Low
Ullal_Beach,2027-06-22,1.4525,8.7904,254.4375,10.9,8.6542,0.8125,1.85,12.8153,74.8451,High
Panambur_Beach,2027-06-23,1.5733,8.9,255.6458,4.7,9.2583,0.6383,2.66,12.9482,74.8074,High
Sasihithlu_Beach,2027-06-23,1.6054,8.9012,257.1375,4.0,8.8792,0.6383,2.66,13.0189,74.7932,Low
Ullal_Beach,2027-06-23,1.4592,8.8258,253.6333,3.9,9.6125,0.8142,1.85,12.8153,74.8451,High
Panambur_Beach,2027-06-24,1.5433,8.9533,255.6667,3.6,7.85,0.6381,2.66,12.9482,74.8074,High
Sasihithlu_Beach,2027-06-24,1.5329,8.935,255.4042,4.2,7.75,0.6381,2.66,13.0189,74.7932,Low
Ullal_Beach,2027-06-24,1.4,8.8025,252.8542,3.7,8.4667,0.8117,1.85,12.8153,74.8451,High
Panambur_Beach,2027-06-25,1.4088,8.8904,253.5833,6.9,6.2917,0.638,2.66,12.9482,74.8074,High
Sasihithlu_Beach,2027-06-25,1.4904,8.94,255.9917,6.0,6.3875,0.638,2.66,13.0189,74.7932,Low
Ullal_Beach,2027-06-25,1.335,8.8196,252.6208,4.2,6.5125,0.8062,1.85,12.8153,74.8451,High
Panambur_Beach,2027-06-26,1.5825,8.9671,256.9417,3.3,7.1833,0.6378,2.66,12.9482,74.8074,High
Sasihithlu_Beach,2027-06-26,1.4183,8.8888,255.15,4.1,6.8583,0.6378,2.66,13.0189,74.7932,Low
Ullal_Beach,2027-06-26,1.3796,8.7483,253.5917,2.0,7.5458,0.8025,1.85,12.8153,74.8451,High
Panambur_Beach,2027-06-27,1.6546,8.8112,257.5417,20.0,10.7292,0.6376,2.66,12.9482,74.8074,High
Sasihithlu_Beach,2027-06-27,1.7883,8.8392,260.6042,22.6,10.1667,0.6376,2.66,13.0189,74.7932,Low
Ullal_Beach,2027-06-27,1.5762,8.7467,255.8958,17.9,10.5625,0.7954,1.85,12.8153,74.8451,High
Panambur_Beach,2027-06-28,1.5179,8.9012,254.8333,5.2,8.3958,0.6374,2.66,12.9482,74.8074,High
Sasihithlu_Beach,2027-06-28,1.5525,8.8588,257.1792,4.9,8.2917,0.6374,2.66,13.0189,74.7932,Low
Ullal_Beach,2027-06-28,1.3746,8.8117,253.1083,3.9,8.0708,0.7921,1.85,12.8153,74.8451,High
Panambur_Beach,2027-06-29,1.4717,8.945,254.0792,36.3,7.9917,0.6373,2.66,12.9482,74.8074,High
Sasihithlu_Beach,2027-06-29,1.3988,8.8862,253.8833,38.1,7.7125,0.6373,2.66,13.0189,74.7932,Low
Ullal_Beach,2027-06-29,1.475,8.8767,253.6375,29.0,7.8333,0.7862,1.85,12.8153,74.8451,High
Panambur_Beach,2027-06-30,1.4625,8.9208,255.725,0.6,7.0,0.6371,2.66,12.9482,74.8074,High
Sasihithlu_Beach,2027-06-30,1.4075,8.9225,254.2833,1.0,6.7583,0.6371,2.66,13.0189,74.7932,Low
Ullal_Beach,2027-06-30,1.3317,8.7829,252.5542,0.4,7.3167,0.7871,1.85,12.8153,74.8451,High
Panambur_Beach,2027-07-01,1.5096,8.8604,255.2292,1.4,8.9708,0.6369,2.66,12.9482,74.8074,High
Sasihithlu_Beach,2027-07-01,1.4713,8.91,254.9,1.4,8.5917,0.6369,2.66,13.0189,74.7932,Low
Ullal_Beach,2027-07-01,1.3338,8.7354,252.4458,0.8,9.0625,0.7858,1.85,12.8153,74.8451,High
Panambur_Beach,2027-07-02,0.535,8.2229,242.9125,25.0,6.1417,0.6666,2.66,12.9482,74.8074,Moderate
Sasihithlu_Beach,2027-07-02,0.4992,8.0017,246.9167,19.3,5.6875,0.6666,2.66,13.0189,74.7932,Low
Ullal_Beach,2027-07-02,0.5354,8.0083,241.1208,22.6,6.5667,0.8029,1.85,12.8153,74.8451,High
Panambur_Beach,2027-07-03,0.5967,7.4925,262.7375,0.0,11.1375,0.6613,2.66,12.9482,74.8074,Moderate
Sasihithlu_Beach,2027-07-03,0.5658,7.3975,262.4417,0.0,9.8208,0.6613,2.66,13.0189,74.7932,Low
Ullal_Beach,2027-07-03,0.6017,7.2412,263.3042,0.0,11.3083,0.81,1.85,12.8153,74.8451,High
Panambur_Beach,2027-07-04,0.5842,8.0367,242.1042,0.0,10.05,0.6565,2.66,12.9482,74.8074,Moderate
Sasihithlu_Beach,2027-07-04,0.5371,8.0454,238.925,0.0,9.6542,0.6565,2.66,13.0189,74.7932,Low
Ullal_Beach,2027-07-04,0.5933,8.0296,243.2,0.0,10.3,0.8008,1.85,12.8153,74.8451,High
Panambur_Beach,2027-07-05,0.6188,8.8604,225.475,3.5,8.8917,0.6512,2.66,12.9482,74.8074,Moderate
Sasihithlu_Beach,2027-07-05,0.5963,8.9142,228.1708,2.8,8.7667,0.6512,2.66,13.0189,74.7932,Low
Ullal_Beach,2027-07-05,0.64,8.7625,224.8208,3.8,8.975,0.81,1.85,12.8153,74.8451,High
Panambur_Beach,2027-07-06,1.2504,7.8012,256.075,35.0,7.3958,0.6461,2.66,12.9482,74.8074,Moderate
Sasihithlu_Beach,2027-07-06,1.2271,7.7758,257.2958,37.8,7.0083,0.6461,2.66,13.0189,74.7932,Low
Ullal_Beach,2027-07-06,1.3129,7.5917,257.0333,31.2,7.7333,0.8104,1.85,12.8153,74.8451,High
Panambur_Beach,2027-07-07,1.3892,8.9579,253.5333,2.0,6.7583,0.6409,2.66,12.9482,74.8074,High
Sasihithlu_Beach,2027-07-07,1.4446,8.9158,255.3083,1.4,6.825,0.6409,2.66,13.0189,74.7932,Low
Ullal_Beach,2027-07-07,1.3812,8.8358,253.8708,1.5,6.6708,0.8129,1.85,12.8153,74.8451,High
Panambur_Beach,2027-07-08,2.3971,9.1904,268.9042,15.4,7.2708,0.6357,2.66,12.9482,74.8074,Moderate
Sasihithlu_Beach,2027-07-08,2.4112,9.2604,269.1958,14.0,6.9417,0.6357,2.66,13.0189,74.7932,Moderate
Ullal_Beach,2027-07-08,2.4196,9.2229,270.5167,12.3,7.3917,0.8138,1.85,12.8153,74.8451,High
Panambur_Beach,2027-07-09,2.0938,8.5912,268.7208,24.3,13.1375,0.6305,2.66,12.9482,74.8074,High
Sasihithlu_Beach,2027-07-09,2.0179,8.4871,269.4625,28.5,12.7792,0.6305,2.66,13.0189,74.7932,Low
Ullal_Beach,2027-07-09,2.0413,8.5067,269.525,20.1,12.8792,0.8104,1.85,12.8153,74.8451,High
Panambur_Beach,2027-07-10,1.5396,7.8004,259.2,32.9,13.8125,0.6252,2.66,12.9482,74.8074,Moderate
Sasihithlu_Beach,2027-07-10,1.4837,8.0175,257.3833,34.5,12.7375,0.6252,2.66,13.0189,74.7932,Low
Ullal_Beach,2027-07-10,1.6538,7.6362,261.5875,27.0,13.6875,0.8025,1.85,12.8153,74.8451,High
Panambur_Beach,2027-07-11,0.8258,8.6667,228.0417,1.9,9.7625,0.6201,2.66,12.9482,74.8074,Moderate
Sasihithlu_Beach,2027-07-11,0.7833,8.6708,228.4167,1.5,9.6333,0.6201,2.66,13.0189,74.7932,Low
Ullal_Beach,2027-07-11,0.8433,8.5104,227.5417,1.5,9.7208,0.7983,1.85,12.8153,74.8451,High
Panambur_Beach,2027-07-12,0.7717,7.1479,226.4583,1.1,6.4125,0.6148,2.66,12.9482,74.8074,Moderate
Sasihithlu_Beach,2027-07-12,0.7467,7.1458,226.2917,1.9,6.2417,0.6148,2.66,13.0189,74.7932,Low
Ullal_Beach,2027-07-12,0.7642,7.1188,226.4583,1.4,6.1625,0.7921,1.85,12.8153,74.8451,High
Panambur_Beach,2027-07-13,0.6158,6.4042,270.1667,0.0,9.5792,0.6097,2.66,12.9482,74.8074,Low
Sasihithlu_Beach,2027-07-13,0.5808,6.4104,268.9167,0.0,9.2708,0.6097,2.66,13.0189,74.7932,Low
Ullal_Beach,2027-07-13,0.6492,6.2375,273.0,0.0,9.2708,0.7896,1.85,12.8153,74.8451,High
Panambur_Beach,2027-07-14,2.7896,9.2329,271.325,41.7,14.6375,0.6347,2.66,12.9482,74.8074,Moderate
Sasihithlu_Beach,2027-07-14,2.7346,9.2675,270.3167,45.0,13.7583,0.6347,2.66,13.0189,74.7932,Moderate
Ullal_Beach,2027-07-14,2.745,9.2062,272.0625,33.1,14.5,0.7871,1.85,12.8153,74.8451,High
Panambur_Beach,2027-07-15,2.7171,9.2662,270.5292,56.2,13.1958,0.6346,2.66,12.9482,74.8074,Moderate
Sasihithlu_Beach,2027-07-15,2.7079,9.2821,269.8375,58.1,12.6583,0.6346,2.66,13.0189,74.7932,Moderate
Ullal_Beach,2027-07-15,2.7487,9.1925,271.6,44.1,13.4792,0.7854,1.85,12.8153,74.8451,High
Panambur_Beach,2027-07-16,2.7133,9.1633,269.8125,78.3,12.3667,0.6344,2.66,12.9482,74.8074,Moderate
Sasihithlu_Beach,2027-07-16,2.6988,9.1946,269.4042,80.2,12.7292,0.6344,2.66,13.0189,74.7932,Moderate
Ullal_Beach,2027-07-16,2.6721,9.1462,271.0667,66.6,10.8542,0.7871,1.85,12.8153,74.8451,High
Panambur_Beach,2027-07-17,2.8254,9.2954,270.3917,63.9,13.7708,0.6342,2.66,12.9482,74.8074,Moderate
Sasihithlu_Beach,2027-07-17,2.6921,9.2467,269.9292,68.7,13.2667,0.6342,2.66,13.0189,74.7932,Moderate
Ullal_Beach,2027-07-17,2.785,9.1592,271.8583,51.5,13.5625,0.7913,1.85,12.8153,74.8451,High
Panambur_Beach,2027-07-18,2.6762,9.2183,270.7125,35.4,11.8708,0.634,2.66,12.9482,74.8074,Moderate
Sasihithlu_Beach,2027-07-18,2.6429,9.2571,270.025,36.6,11.4,0.634,2.66,13.0189,74.7932,Moderate
Ullal_Beach,2027-07-18,2.6488,9.1304,271.05,45.8,11.7792,0.795,1.85,12.8153,74.8451,High
Panambur_Beach,2027-07-19,2.7321,9.105,270.6375,76.9,16.2042,0.6339,2.66,12.9482,74.8074,Moderate
Sasihithlu_Beach,2027-07-19,2.8033,9.2208,270.0917,85.6,15.7125,0.6339,2.66,13.0189,74.7932,Moderate
Ullal_Beach,2027-07-19,2.8262,9.1217,272.0333,67.1,16.4417,0.8017,1.85,12.8153,74.8451,High
Panambur_Beach,2027-07-20,2.7596,9.2467,271.2125,21.2,15.2333,0.6337,2.66,12.9482,74.8074,Moderate
Sasihithlu_Beach,2027-07-20,2.7063,9.1712,269.6292,26.8,14.3833,0.6337,2.66,13.0189,74.7932,Moderate
Ullal_Beach,2027-07-20,2.6825,9.1396,271.5292,15.1,15.3625,0.8071,1.85,12.8153,74.8451,High
Panambur_Beach,2027-07-21,2.7029,9.2058,270.6375,26.7,13.525,0.6335,2.66,12.9482,74.8074,Moderate
Sasihithlu_Beach,2027-07-21,2.6779,9.2692,270.3917,30.4,12.9333,0.6335,2.66,13.0189,74.7932,Moderate
Ullal_Beach,2027-07-21,2.7029,9.2021,271.9333,17.7,13.0792,0.8104,1.85,12.8153,74.8451,High
Panambur_Beach,2027-07-22,2.9075,9.1842,270.65,44.9,17.6208,0.6334,2.66,12.9482,74.8074,Moderate
Sasihithlu_Beach,2027-07-22,2.8292,9.2313,270.0333,65.3,17.0917,0.6334,2.66,13.0189,74.7932,Moderate
Ullal_Beach,2027-07-22,2.8392,9.1338,272.1333,30.1,17.375,0.8138,1.85,12.8153,74.8451,High
Panambur_Beach,2027-07-23,2.8675,9.1358,270.2,55.1,17.775,0.6332,2.66,12.9482,74.8074,Moderate
Sasihithlu_Beach,2027-07-23,2.88,9.2488,269.9375,60.5,17.1542,0.6332,2.66,13.0189,74.7932,Moderate
Ullal_Beach,2027-07-23,2.8304,9.1238,272.425,42.3,16.775,0.8125,1.85,12.8153,74.8451,High
Panambur_Beach,2027-07-24,2.7046,9.1458,270.95,40.0,15.5083,0.633,2.66,12.9482,74.8074,Moderate
Sasihithlu_Beach,2027-07-24,2.7567,9.2425,270.0,39.3,14.8375,0.633,2.66,13.0189,74.7932,Moderate
Ullal_Beach,2027-07-24,2.7296,9.1454,271.8333,32.6,15.7292,0.8112,1.85,12.8153,74.8451,High
Panambur_Beach,2027-07-25,2.8188,9.2475,271.6417,28.1,15.0417,0.6328,2.66,12.9482,74.8074,Moderate
Sasihithlu_Beach,2027-07-25,2.7442,9.2725,270.7958,34.8,14.5625,0.6328,2.66,13.0189,74.7932,Moderate
Ullal_Beach,2027-07-25,2.7871,9.2183,272.0292,20.9,14.925,0.8058,1.85,12.8153,74.8451,High
Panambur_Beach,2027-07-26,2.7312,9.3346,270.85,23.6,13.3792,0.6327,2.66,12.9482,74.8074,Moderate
Sasihithlu_Beach,2027-07-26,2.6546,9.3037,270.2208,23.7,12.8875,0.6327,2.66,13.0189,74.7932,Moderate
Ullal_Beach,2027-07-26,2.7196,9.2008,272.2125,19.0,13.5583,0.8,1.85,12.8153,74.8451,High
Panambur_Beach,2027-07-27,2.5846,9.3546,270.1292,16.7,9.875,0.6325,2.66,12.9482,74.8074,Moderate
Sasihithlu_Beach,2027-07-27,2.435,9.3017,269.8417,18.1,9.2833,0.6325,2.66,13.0189,74.7932,Moderate
Ullal_Beach,2027-07-27,2.4258,9.1621,270.375,13.9,10.2333,0.7946,1.85,12.8153,74.8451,High
Panambur_Beach,2027-07-28,2.5738,9.2808,270.1792,14.9,11.0875,0.6323,2.66,12.9482,74.8074,Moderate
Sasihithlu_Beach,2027-07-28,2.6292,9.3125,269.9125,17.0,10.45,0.6323,2.66,13.0189,74.7932,Moderate
Ullal_Beach,2027-07-28,2.6712,9.3033,271.7333,12.0,10.9292,0.7892,1.85,12.8153,74.8451,High
Panambur_Beach,2027-07-29,2.5279,9.3208,270.3083,9.7,8.6042,0.6322,2.66,12.9482,74.8074,Moderate
Sasihithlu_Beach,2027-07-29,2.4583,9.2504,269.6042,9.8,7.8083,0.6322,2.66,13.0189,74.7932,Moderate
Ullal_Beach,2027-07-29,2.3421,9.1388,270.2625,7.3,8.9542,0.7871,1.85,12.8153,74.8451,High
Panambur_Beach,2027-07-30,2.4742,9.22,270.2542,9.7,8.9375,0.632,2.66,12.9482,74.8074,Moderate
Sasihithlu_Beach,2027-07-30,2.5238,9.3062,269.6375,11.3,8.7083,0.632,2.66,13.0189,74.7932,Moderate
Ullal_Beach,2027-07-30,2.3946,9.2412,270.65,6.6,9.4708,0.7858,1.85,12.8153,74.8451,High
Panambur_Beach,2027-07-31,2.5846,9.3317,271.1042,9.5,12.3125,0.6318,2.66,12.9482,74.8074,Moderate
Sasihithlu_Beach,2027-07-31,2.4592,9.2488,270.1458,10.3,11.7125,0.6318,2.66,13.0189,74.7932,Moderate
Ullal_Beach,2027-07-31,2.4754,9.2171,271.8208,6.3,12.1458,0.7879,1.85,12.8153,74.8451,High
Panambur_Beach,2027-08-01,2.6858,9.3342,270.925,9.4,13.9167,0.6317,2.66,12.9482,74.8074,Moderate
Sasihithlu_Beach,2027-08-01,2.6554,9.3754,270.425,10.0,13.4375,0.6317,2.66,13.0189,74.7932,Moderate
Ullal_Beach,2027-08-01,2.6171,9.2754,271.8958,7.8,13.6833,0.7912,1.85,12.8153,74.8451,High
Panambur_Beach,2027-08-02,0.5042,7.925,247.8917,8.3,7.3708,0.6664,2.66,12.9482,74.8074,Moderate
Sasihithlu_Beach,2027-08-02,0.4992,7.7267,251.1375,5.0,7.2708,0.6664,2.66,13.0189,74.7932,Low
Ullal_Beach,2027-08-02,0.5142,7.7246,246.2292,1.8,7.375,0.8079,1.85,12.8153,74.8451,High
Panambur_Beach,2027-08-03,0.5858,7.9546,249.5417,0.0,12.6333,0.6611,2.66,12.9482,74.8074,Moderate
Sasihithlu_Beach,2027-08-03,0.5688,7.6267,258.1333,0.0,11.2875,0.6611,2.66,13.0189,74.7932,Low
Ullal_Beach,2027-08-03,0.5912,7.5542,255.5917,0.0,13.8042,0.8138,1.85,12.8153,74.8451,High
Panambur_Beach,2027-08-04,0.57,7.9304,241.5875,0.0,9.7667,0.6563,2.66,12.9482,74.8074,Moderate
Sasihithlu_Beach,2027-08-04,0.5467,8.2271,234.575,0.0,9.4917,0.6563,2.66,13.0189,74.7932,Low
Ullal_Beach,2027-08-04,0.5588,7.8875,238.5958,0.0,10.2,0.8071,1.85,12.8153,74.8451,High
Panambur_Beach,2027-08-05,0.6283,9.0096,224.5417,1.6,9.2917,0.6511,2.66,12.9482,74.8074,Moderate
Sasihithlu_Beach,2027-08-05,0.6038,8.9138,228.0042,1.2,9.1208,0.6511,2.66,13.0189,74.7932,Low
Ullal_Beach,2027-08-05,0.635,8.5412,226.875,1.6,8.8167,0.8121,1.85,12.8153,74.8451,High
Panambur_Beach,2027-08-06,1.1225,7.9433,256.0208,25.6,5.6458,0.646,2.66,12.9482,74.8074,Moderate
Sasihithlu_Beach,2027-08-06,1.0675,7.9979,257.775,25.6,5.7,0.646,2.66,13.0189,74.7932,Low
Ullal_Beach,2027-08-06,1.1654,7.7058,254.9417,12.0,6.2583,0.8138,1.85,12.8153,74.8451,High
Panambur_Beach,2027-08-07,1.4033,8.885,253.3125,4.5,7.325,0.6407,2.66,12.9482,74.8074,High
Sasihithlu_Beach,2027-08-07,1.3725,8.8525,254.3917,4.2,6.8708,0.6407,2.66,13.0189,74.7932,Low
Ullal_Beach,2027-08-07,1.4442,8.8229,254.225,3.6,7.7542,0.8117,1.85,12.8153,74.8451,High
Panambur_Beach,2027-08-08,2.3529,9.2462,269.4833,15.2,8.7125,0.6356,2.66,12.9482,74.8074,Moderate
Sasihithlu_Beach,2027-08-08,2.3763,9.255,269.6083,15.1,8.35,0.6356,2.66,13.0189,74.7932,Moderate
Ullal_Beach,2027-08-08,2.4004,9.1392,271.0625,15.1,8.5667,0.8112,1.85,12.8153,74.8451,High
Panambur_Beach,2027-08-09,1.6888,8.5562,266.8875,14.6,8.2667,0.6303,2.66,12.9482,74.8074,High
Sasihithlu_Beach,2027-08-09,1.685,8.5192,266.5208,14.0,7.8583,0.6303,2.66,13.0189,74.7932,Low
Ullal_Beach,2027-08-09,1.8162,8.5846,268.3167,14.4,8.2833,0.805,1.85,12.8153,74.8451,High
Panambur_Beach,2027-08-10,1.6471,7.8342,260.9958,19.2,13.8542,0.625,2.66,12.9482,74.8074,Moderate
Sasihithlu_Beach,2027-08-10,1.5796,7.8783,259.6625,20.6,13.5125,0.625,2.66,13.0189,74.7932,Low
Ullal_Beach,2027-08-10,1.6233,7.6992,262.425,15.7,12.8583,0.795,1.85,12.8153,74.8451,High
Panambur_Beach,2027-08-11,0.8733,8.9833,216.0417,10.5,10.1167,0.6199,2.66,12.9482,74.8074,Moderate
Sasihithlu_Beach,2027-08-11,0.8333,8.9958,216.5833,12.2,10.1833,0.6199,2.66,13.0189,74.7932,Low
Ullal_Beach,2027-08-11,0.8983,8.8604,215.1667,12.2,10.2708,0.7929,1.85,12.8153,74.8451,High
Panambur_Beach,2027-08-12,0.865,7.2208,230.875,6.6,4.125,0.6146,2.66,12.9482,74.8074,Moderate
Sasihithlu_Beach,2027-08-12,0.84,7.2083,230.875,3.7,4.025,0.6146,2.66,13.0189,74.7932,Low
Ullal_Beach,2027-08-12,0.8575,7.1833,230.75,10.2,4.7167,0.7875,1.85,12.8153,74.8451,High
Panambur_Beach,2027-08-13,0.5142,7.1417,261.875,0.0,6.1708,0.6095,2.66,12.9482,74.8074,Low
Sasihithlu_Beach,2027-08-13,0.49,7.1042,261.5417,0.0,5.9792,0.6095,2.66,13.0189,74.7932,Low
Ullal_Beach,2027-08-13,0.5383,7.0729,263.7083,0.0,7.3542,0.7867,1.85,12.8153,74.8451,High
Panambur_Beach,2027-08-14,1.6446,8.5242,267.2542,4.9,11.6208,0.6294,2.66,12.9482,74.8074,Moderate
Sasihithlu_Beach,2027-08-14,1.5158,8.3696,266.2458,4.8,11.3958,0.6294,2.66,13.0189,74.7932,Low
Ullal_Beach,2027-08-14,1.65,8.525,266.4,4.4,11.3875,0.7862,1.85,12.8153,74.8451,High
Panambur_Beach,2027-08-15,1.68,8.5442,267.5042,8.9,10.3,0.6293,2.66,12.9482,74.8074,High
Sasihithlu_Beach,2027-08-15,1.81,8.5821,267.8083,9.7,9.9625,0.6293,2.66,13.0189,74.7932,Low
Ullal_Beach,2027-08-15,1.7738,8.4783,268.7958,9.0,10.9625,0.7879,1.85,12.8153,74.8451,High
Panambur_Beach,2027-08-16,1.4925,8.4483,263.7292,7.4,8.3917,0.6291,2.66,12.9482,74.8074,Moderate
Sasihithlu_Beach,2027-08-16,1.5679,8.55,264.6708,8.6,7.8583,0.6291,2.66,13.0189,74.7932,Low
Ullal_Beach,2027-08-16,1.5883,8.5617,264.6458,6.9,8.5042,0.7921,1.85,12.8153,74.8451,High
Panambur_Beach,2027-08-17,1.695,8.5329,267.0083,7.7,9.2833,0.6289,2.66,12.9482,74.8074,Moderate
Sasihithlu_Beach,2027-08-17,1.6383,8.5733,266.9833,8.0,8.775,0.6289,2.66,13.0189,74.7932,Low
Ullal_Beach,2027-08-17,1.5546,8.3992,266.1958,7.3,9.075,0.7983,1.85,12.8153,74.8451,High
Panambur_Beach,2027-08-18,1.5942,8.5942,264.6167,8.1,7.8458,0.6288,2.66,12.9482,74.8074,High
Sasihithlu_Beach,2027-08-18,1.6038,8.6367,263.8625,9.9,7.7875,0.6288,2.66,13.0189,74.7932,Low
Ullal_Beach,2027-08-18,1.4138,8.4279,263.5083,4.6,7.0875,0.8033,1.85,12.8153,74.8451,High
Panambur_Beach,2027-08-19,1.7383,8.51,266.7708,21.5,8.5333,0.6286,2.66,12.9482,74.8074,High
Sasihithlu_Beach,2027-08-19,1.7012,8.6963,264.85,19.1,8.1,0.6286,2.66,13.0189,74.7932,Low
Ullal_Beach,2027-08-19,1.7583,8.64,266.175,15.8,8.3583,0.8096,1.85,12.8153,74.8451,High
Panambur_Beach,2027-08-20,1.4954,8.4842,263.9208,6.4,7.1125,0.6284,2.66,12.9482,74.8074,Moderate
Sasihithlu_Beach,2027-08-20,1.4704,8.4283,263.8333,7.0,6.7792,0.6284,2.66,13.0189,74.7932,Low
Ullal_Beach,2027-08-20,1.5521,8.4275,264.5917,5.6,7.5417,0.8133,1.85,12.8153,74.8451,High
Panambur_Beach,2027-08-21,1.45,8.4912,263.8958,16.8,5.6333,0.6283,2.66,12.9482,74.8074,Moderate
Sasihithlu_Beach,2027-08-21,1.3433,8.5521,261.0125,11.3,5.2333,0.6283,2.66,13.0189,74.7932,Low
Ullal_Beach,2027-08-21,1.3867,8.3592,263.6375,14.4,5.2917,0.8142,1.85,12.8153,74.8451,High
Panambur_Beach,2027-08-22,1.4642,8.5612,263.125,3.5,5.7917,0.6281,2.66,12.9482,74.8074,Moderate
Sasihithlu_Beach,2027-08-22,1.3575,8.5258,261.1833,3.0,5.5,0.6281,2.66,13.0189,74.7932,Low
Ullal_Beach,2027-08-22,1.3204,8.5021,259.6292,2.1,5.7167,0.8121,1.85,12.8153,74.8451,High
Panambur_Beach,2027-08-23,1.3167,8.4992,261.2083,0.6,5.8292,0.6279,2.66,12.9482,74.8074,Moderate
Sasihithlu_Beach,2027-08-23,1.2892,8.5583,259.575,0.9,5.4875,0.6279,2.66,13.0189,74.7932,Low
Ullal_Beach,2027-08-23,1.2754,8.4871,259.7083,0.5,5.975,0.8079,1.85,12.8153,74.8451,High
Panambur_Beach,2027-08-24,1.3871,8.4988,262.6875,3.5,6.9792,0.6277,2.66,12.9482,74.8074,Moderate
Sasihithlu_Beach,2027-08-24,1.4683,8.5708,262.2833,3.6,6.7208,0.6277,2.66,13.0189,74.7932,Low
Ullal_Beach,2027-08-24,1.4575,8.52,262.9,3.4,6.6625,0.8033,1.85,12.8153,74.8451,High
Panambur_Beach,2027-08-25,1.4875,8.4238,264.675,11.6,8.9792,0.6276,2.66,12.9482,74.8074,Moderate
Sasihithlu_Beach,2027-08-25,1.4425,8.4762,263.3375,10.4,9.0167,0.6276,2.66,13.0189,74.7932,Low
Ullal_Beach,2027-08-25,1.6496,8.475,266.6667,12.2,8.8792,0.7975,1.85,12.8153,74.8451,High
Panambur_Beach,2027-08-26,1.6162,8.6142,264.8583,2.6,9.8792,0.6274,2.66,12.9482,74.8074,Moderate
Sasihithlu_Beach,2027-08-26,1.4579,8.5338,263.3917,4.8,10.15,0.6274,2.66,13.0189,74.7932,Low
Ullal_Beach,2027-08-26,1.5521,8.5017,265.4375,3.0,9.5417,0.7917,1.85,12.8153,74.8451,High
Panambur_Beach,2027-08-27,1.7525,8.7096,266.8708,15.3,9.3542,0.6272,2.66,12.9482,74.8074,High
Sasihithlu_Beach,2027-08-27,1.7338,8.5883,267.2333,21.5,9.2542,0.6272,2.66,13.0189,74.7932,Low
Ullal_Beach,2027-08-27,1.7188,8.5667,267.625,8.8,9.5375,0.7883,1.85,12.8153,74.8451,High
Panambur_Beach,2027-08-28,1.8908,8.4946,269.3417,39.3,7.7875,0.6271,2.66,12.9482,74.8074,High
Sasihithlu_Beach,2027-08-28,1.8692,8.7167,267.3708,43.6,7.4417,0.6271,2.66,13.0189,74.7932,Low
Ullal_Beach,2027-08-28,2.0088,8.7642,268.7583,33.8,8.1583,0.7858,1.85,12.8153,74.8451,High
Panambur_Beach,2027-08-29,2.1433,8.66,268.6042,59.0,13.1167,0.6269,2.66,12.9482,74.8074,High
Sasihithlu_Beach,2027-08-29,2.0825,8.5683,268.9208,55.9,12.7125,0.6269,2.66,13.0189,74.7932,Low
Ullal_Beach,2027-08-29,2.1438,8.4679,269.5625,55.2,12.8667,0.7871,1.85,12.8153,74.8451,High
Panambur_Beach,2027-08-30,1.9971,8.5342,267.6375,101.1,9.0458,0.6267,2.66,12.9482,74.8074,High
Sasihithlu_Beach,2027-08-30,1.9662,8.4688,268.5458,109.5,8.0125,0.6267,2.66,13.0189,74.7932,Low
Ullal_Beach,2027-08-30,2.1275,8.4433,269.6875,85.6,12.0333,0.79,1.85,12.8153,74.8451,High
Panambur_Beach,2027-08-31,1.6808,8.43,267.1208,38.9,7.9292,0.6265,2.66,12.9482,74.8074,High
Sasihithlu_Beach,2027-08-31,1.5875,8.4192,264.9458,40.4,7.7292,0.6265,2.66,13.0189,74.7932,Low
Ullal_Beach,2027-08-31,1.8871,8.5221,269.6042,38.5,7.4375,0.7946,1.85,12.8153,74.8451,High
Panambur_Beach,2027-09-01,1.4671,8.6579,262.4,5.8,5.0667,0.6264,2.66,12.9482,74.8074,Moderate
Sasihithlu_Beach,2027-09-01,1.4512,8.5117,263.6625,5.3,4.7792,0.6264,2.66,13.0189,74.7932,Low
Ullal_Beach,2027-09-01,1.4167,8.5317,261.7583,4.1,5.625,0.8,1.85,12.8153,74.8451,High
Panambur_Beach,2027-09-02,0.505,7.9192,245.5333,2.1,4.9125,0.6662,2.66,12.9482,74.8074,Moderate
Sasihithlu_Beach,2027-09-02,0.4746,7.7675,246.9833,4.6,4.6208,0.6662,2.66,13.0189,74.7932,Low
Ullal_Beach,2027-09-02,0.5042,7.7183,242.7583,3.5,5.5792,0.8121,1.85,12.8153,74.8451,High
Panambur_Beach,2027-09-03,0.5992,7.7483,257.6792,0.0,9.6917,0.6609,2.66,12.9482,74.8074,Moderate
Sasihithlu_Beach,2027-09-03,0.5442,7.7354,256.975,0.0,9.0208,0.6609,2.66,13.0189,74.7932,Low
Ullal_Beach,2027-09-03,0.6017,7.5588,257.975,0.0,10.2292,0.815,1.85,12.8153,74.8451,High
Panambur_Beach,2027-09-04,0.585,7.9083,244.1042,0.0,8.6458,0.6562,2.66,12.9482,74.8074,Moderate
Sasihithlu_Beach,2027-09-04,0.5383,8.1246,237.3375,0.0,8.125,0.6562,2.66,13.0189,74.7932,Low
Ullal_Beach,2027-09-04,0.5925,7.88,242.9208,0.0,8.925,0.8112,1.85,12.8153,74.8451,High
Panambur_Beach,2027-09-05,0.6279,8.9746,226.9125,0.4,8.6792,0.6509,2.66,12.9482,74.8074,Moderate
Sasihithlu_Beach,2027-09-05,0.5908,9.0992,226.1958,0.9,8.3625,0.6509,2.66,13.0189,74.7932,Low
Ullal_Beach,2027-09-05,0.6537,8.5196,228.6917,0.0,9.1792,0.8146,1.85,12.8153,74.8451,High
Panambur_Beach,2027-09-06,1.2475,7.7971,255.2792,12.2,6.0667,0.6458,2.66,12.9482,74.8074,Moderate
Sasihithlu_Beach,2027-09-06,1.1613,7.8592,257.8458,14.7,5.6625,0.6458,2.66,13.0189,74.7932,Low
Ullal_Beach,2027-09-06,1.1533,7.7192,255.6292,9.6,5.6208,0.8138,1.85,12.8153,74.8451,High
Panambur_Beach,2027-09-07,1.6412,8.9129,257.2958,10.5,7.3333,0.6405,2.66,12.9482,74.8074,High
Sasihithlu_Beach,2027-09-07,1.615,8.8467,256.9333,15.0,6.7,0.6405,2.66,13.0189,74.7932,Low
Ullal_Beach,2027-09-07,1.4133,8.81,252.7625,11.2,7.1167,0.8088,1.85,12.8153,74.8451,High
Panambur_Beach,2027-09-08,2.6375,9.2321,270.2,41.4,10.7042,0.6354,2.66,12.9482,74.8074,Moderate
Sasihithlu_Beach,2027-09-08,2.6275,9.2254,269.5708,38.5,9.9458,0.6354,2.66,13.0189,74.7932,Moderate
Ullal_Beach,2027-09-08,2.7075,9.2642,271.8167,31.3,11.0208,0.8075,1.85,12.8153,74.8451,High
Panambur_Beach,2027-09-09,1.6367,8.5858,265.9083,12.2,7.7167,0.6301,2.66,12.9482,74.8074,High
Sasihithlu_Beach,2027-09-09,1.6046,8.5579,265.2667,17.0,7.6375,0.6301,2.66,13.0189,74.7932,Low
Ullal_Beach,2027-09-09,1.6117,8.5717,264.975,12.8,7.2375,0.7983,1.85,12.8153,74.8451,High
Panambur_Beach,2027-09-10,1.3592,8.1329,257.3333,8.6,8.5042,0.6248,2.66,12.9482,74.8074,Moderate
Sasihithlu_Beach,2027-09-10,1.3858,8.0871,259.1458,8.8,8.1792,0.6248,2.66,13.0189,74.7932,Low
Ullal_Beach,2027-09-10,1.3992,8.0138,259.7625,6.2,8.1458,0.7904,1.85,12.8153,74.8451,High
Panambur_Beach,2027-09-11,0.8175,7.975,215.125,13.2,9.9,0.6197,2.66,12.9482,74.8074,Moderate
Sasihithlu_Beach,2027-09-11,0.7775,7.9792,215.25,15.2,9.9542,0.6197,2.66,13.0189,74.7932,Low
Ullal_Beach,2027-09-11,0.835,7.8438,214.7083,12.3,9.8125,0.7892,1.85,12.8153,74.8451,High
Panambur_Beach,2027-09-12,0.6708,7.1021,227.8333,0.2,4.7292,0.6145,2.66,12.9482,74.8074,Moderate
Sasihithlu_Beach,2027-09-12,0.6483,7.0521,228.1667,0.3,5.3125,0.6145,2.66,13.0189,74.7932,Low
Ullal_Beach,2027-09-12,0.6733,7.0979,227.3333,0.1,4.8667,0.7858,1.85,12.8153,74.8451,High
Panambur_Beach,2027-09-13,0.4192,8.7812,225.7083,0.0,6.9167,0.6093,2.66,12.9482,74.8074,Moderate
Sasihithlu_Beach,2027-09-13,0.3983,8.7708,226.5,0.0,6.6583,0.6093,2.66,13.0189,74.7932,Low
Ullal_Beach,2027-09-13,0.4333,8.5667,226.0417,0.0,8.1792,0.7867,1.85,12.8153,74.8451,High
Panambur_Beach,2027-09-14,1.7383,7.6096,261.3167,31.3,16.6875,0.6242,2.66,12.9482,74.8074,Moderate
Sasihithlu_Beach,2027-09-14,1.6363,7.6629,260.6125,34.4,16.2292,0.6242,2.66,13.0189,74.7932,Low
Ullal_Beach,2027-09-14,1.6733,7.7096,262.4583,13.2,15.7792,0.7904,1.85,12.8153,74.8451,High
Panambur_Beach,2027-09-15,1.5017,8.0496,259.7792,10.8,9.65,0.624,2.66,12.9482,74.8074,Moderate
Sasihithlu_Beach,2027-09-15,1.3913,8.1058,256.5792,10.2,9.4792,0.624,2.66,13.0189,74.7932,Low
Ullal_Beach,2027-09-15,1.4446,7.945,260.2375,7.4,9.1167,0.7954,1.85,12.8153,74.8451,High
Panambur_Beach,2027-09-16,1.3317,8.2012,256.3542,7.4,8.6875,0.6238,2.66,12.9482,74.8074,Moderate
Sasihithlu_Beach,2027-09-16,1.2888,8.1846,257.15,5.5,8.5125,0.6238,2.66,13.0189,74.7932,Low
Ullal_Beach,2027-09-16,1.3875,8.0508,258.0333,6.0,8.5292,0.8017,1.85,12.8153,74.8451,High
Panambur_Beach,2027-09-17,1.2271,8.3688,255.5,3.2,6.7917,0.6237,2.66,12.9482,74.8074,Moderate
Sasihithlu_Beach,2027-09-17,1.1796,8.4379,253.0083,2.5,6.5833,0.6237,2.66,13.0189,74.7932,Low
Ullal_Beach,2027-09-17,1.2508,8.2075,255.7083,3.1,7.0917,0.8062,1.85,12.8153,74.8451,High
Panambur_Beach,2027-09-18,1.1842,8.4846,253.7542,1.1,6.5292,0.6235,2.66,12.9482,74.8074,Moderate
Sasihithlu_Beach,2027-09-18,1.1496,8.4017,253.7208,1.8,6.1,0.6235,2.66,13.0189,74.7932,Low
Ullal_Beach,2027-09-18,1.1875,8.2883,255.3083,1.1,6.6167,0.8104,1.85,12.8153,74.8451,High
Panambur_Beach,2027-09-19,1.1888,8.4554,254.9125,1.5,7.8125,0.6233,2.66,12.9482,74.8074,Moderate
Sasihithlu_Beach,2027-09-19,1.1792,8.4988,255.4375,1.2,7.4958,0.6233,2.66,13.0189,74.7932,Low
Ullal_Beach,2027-09-19,1.2083,8.3021,255.8458,1.0,8.0208,0.8142,1.85,12.8153,74.8451,High
Panambur_Beach,2027-09-20,1.2104,8.5971,256.1792,0.0,10.2,0.6231,2.66,12.9482,74.8074,Moderate
Sasihithlu_Beach,2027-09-20,1.1621,8.5862,254.4958,0.1,9.975,0.6231,2.66,13.0189,74.7932,Low
Ullal_Beach,2027-09-20,1.2088,8.4133,256.4167,0.0,10.3125,0.8138,1.85,12.8153,74.8451,High
Panambur_Beach,2027-09-21,1.1979,8.5458,254.5583,0.4,10.55,0.623,2.66,12.9482,74.8074,Moderate
Sasihithlu_Beach,2027-09-21,1.1912,8.4975,254.7042,0.5,10.2458,0.623,2.66,13.0189,74.7932,Low
Ullal_Beach,2027-09-21,1.1883,8.4158,255.1833,0.3,10.3458,0.8104,1.85,12.8153,74.8451,High
Panambur_Beach,2027-09-22,1.2442,8.3596,256.2875,3.3,10.45,0.6228,2.66,12.9482,74.8074,Moderate
Sasihithlu_Beach,2027-09-22,1.1696,8.415,254.1083,3.0,9.9042,0.6228,2.66,13.0189,74.7932,Low
Ullal_Beach,2027-09-22,1.34,8.055,259.3083,4.4,10.6083,0.8067,1.85,12.8153,74.8451,High
Panambur_Beach,2027-09-23,1.3217,8.3221,257.025,4.0,11.2667,0.6226,2.66,12.9482,74.8074,Moderate
Sasihithlu_Beach,2027-09-23,1.2696,8.3679,254.9583,4.0,11.0125,0.6226,2.66,13.0189,74.7932,Low
Ullal_Beach,2027-09-23,1.335,8.1304,259.1458,4.2,11.3583,0.8004,1.85,12.8153,74.8451,High
Panambur_Beach,2027-09-24,1.3383,8.2871,257.05,4.5,10.3583,0.6225,2.66,12.9482,74.8074,Moderate
Sasihithlu_Beach,2027-09-24,1.2788,8.26,256.0292,4.2,10.025,0.6225,2.66,13.0189,74.7932,Low
Ullal_Beach,2027-09-24,1.3508,8.1967,259.7,4.9,10.4125,0.7942,1.85,12.8153,74.8451,High
Panambur_Beach,2027-09-25,1.2442,8.4438,256.0792,1.8,9.9708,0.6223,2.66,12.9482,74.8074,Moderate
Sasihithlu_Beach,2027-09-25,1.2279,8.3892,256.3875,1.8,9.5625,0.6223,2.66,13.0189,74.7932,Low
Ullal_Beach,2027-09-25,1.2475,8.2921,256.9,1.5,9.7958,0.7892,1.85,12.8153,74.8451,High
Panambur_Beach,2027-09-26,1.2142,8.3517,255.4625,2.4,8.4292,0.6221,2.66,12.9482,74.8074,Moderate
Sasihithlu_Beach,2027-09-26,1.1438,8.3996,253.6292,1.1,7.9667,0.6221,2.66,13.0189,74.7932,Low
Ullal_Beach,2027-09-26,1.1908,8.3625,253.5333,1.2,8.3792,0.7871,1.85,12.8153,74.8451,High
Panambur_Beach,2027-09-27,1.2412,8.3517,255.9167,3.1,9.7417,0.6219,2.66,12.9482,74.8074,Moderate
Sasihithlu_Beach,2027-09-27,1.2375,8.4233,255.4708,3.0,9.3542,0.6219,2.66,13.0189,74.7932,Low
Ullal_Beach,2027-09-27,1.3158,8.2496,257.3708,3.0,9.8208,0.7858,1.85,12.8153,74.8451,High
Panambur_Beach,2027-09-28,1.4575,7.9892,259.275,15.7,10.8917,0.6218,2.66,12.9482,74.8074,Moderate
Sasihithlu_Beach,2027-09-28,1.4612,7.9879,257.7833,17.8,10.475,0.6218,2.66,13.0189,74.7932,Low
Ullal_Beach,2027-09-28,1.5471,7.84,261.4667,13.0,11.3792,0.7875,1.85,12.8153,74.8451,High
Panambur_Beach,2027-09-29,1.4196,8.1175,257.5708,11.9,9.975,0.6216,2.66,12.9482,74.8074,Moderate
Sasihithlu_Beach,2027-09-29,1.3662,8.0838,257.3958,11.9,9.9208,0.6216,2.66,13.0189,74.7932,Low
Ullal_Beach,2027-09-29,1.4138,8.1058,258.1125,9.1,9.4583,0.7912,1.85,12.8153,74.8451,High
Panambur_Beach,2027-09-30,1.3829,8.1275,258.7958,8.0,8.7167,0.6214,2.66,12.9482,74.8074,Moderate
Sasihithlu_Beach,2027-09-30,1.2533,8.1767,257.0583,7.1,8.7833,0.6214,2.66,13.0189,74.7932,Low
Ullal_Beach,2027-09-30,1.3708,8.0942,257.9875,7.8,8.4125,0.7962,1.85,12.8153,74.8451,High
Panambur_Beach,2027-10-01,1.3108,8.4671,255.8833,3.5,6.8833,0.6213,2.66,12.9482,74.8074,Moderate
Sasihithlu_Beach,2027-10-01,1.2342,8.3879,255.3667,3.8,6.9875,0.6213,2.66,13.0189,74.7932,Low
Ullal_Beach,2027-10-01,1.2796,8.1454,257.5667,3.5,6.7125,0.8038,1.85,12.8153,74.8451,High
Panambur_Beach,2027-10-02,0.5079,7.9746,242.7292,0.9,7.4167,0.6661,2.66,12.9482,74.8074,Moderate
Sasihithlu_Beach,2027-10-02,0.4854,7.7542,250.225,0.8,7.0,0.6661,2.66,13.0189,74.7932,Low
Ullal_Beach,2027-10-02,0.5138,7.5925,248.4958,0.5,7.9167,0.8146,1.85,12.8153,74.8451,High
Panambur_Beach,2027-10-03,0.5808,7.6767,256.3083,0.0,10.2917,0.6608,2.66,12.9482,74.8074,Moderate
Sasihithlu_Beach,2027-10-03,0.5558,7.7621,254.5,0.0,10.1167,0.6608,2.66,13.0189,74.7932,Low
Ullal_Beach,2027-10-03,0.5967,7.345,261.8458,0.0,10.2333,0.8129,1.85,12.8153,74.8451,High
Panambur_Beach,2027-10-04,0.5617,8.1996,237.5125,0.2,8.35,0.656,2.66,12.9482,74.8074,Moderate
Sasihithlu_Beach,2027-10-04,0.5283,8.1179,235.7792,0.1,7.7125,0.656,2.66,13.0189,74.7932,Low
Ullal_Beach,2027-10-04,0.5717,8.1117,234.1458,0.3,8.7167,0.8138,1.85,12.8153,74.8451,High
Panambur_Beach,2027-10-05,0.6225,9.16,221.9875,1.9,8.0667,0.6507,2.66,12.9482,74.8074,Moderate
Sasihithlu_Beach,2027-10-05,0.5967,8.9508,225.6333,2.2,7.7833,0.6507,2.66,13.0189,74.7932,Low
Ullal_Beach,2027-10-05,0.6254,8.7938,223.7958,2.2,8.15,0.8129,1.85,12.8153,74.8451,High
Panambur_Beach,2027-10-06,1.215,7.7712,255.6417,21.8,5.7958,0.6456,2.66,12.9482,74.8074,Moderate
Sasihithlu_Beach,2027-10-06,1.2021,7.7562,258.15,10.0,5.6458,0.6456,2.66,13.0189,74.7932,Low
Ullal_Beach,2027-10-06,1.18,7.7692,255.7458,9.6,6.375,0.8112,1.85,12.8153,74.8451,High
Panambur_Beach,2027-10-07,1.4208,8.905,254.95,7.3,6.6042,0.6403,2.66,12.9482,74.8074,High
Sasihithlu_Beach,2027-10-07,1.4975,8.8521,256.3625,6.7,5.9,0.6403,2.66,13.0189,74.7932,Low
Ullal_Beach,2027-10-07,1.3358,8.7333,253.0917,8.5,6.7292,0.8033,1.85,12.8153,74.8451,High
Panambur_Beach,2027-10-08,2.7642,9.2829,269.925,86.3,13.2875,0.6352,2.66,12.9482,74.8074,Moderate
Sasihithlu_Beach,2027-10-08,2.6154,9.1896,268.725,87.6,12.4458,0.6352,2.66,13.0189,74.7932,Moderate
Ullal_Beach,2027-10-08,2.7604,9.1754,270.8292,88.4,14.0833,0.8012,1.85,12.8153,74.8451,High
Panambur_Beach,2027-10-09,1.4971,8.6308,263.2958,11.8,7.95,0.63,2.66,12.9482,74.8074,Moderate
Sasihithlu_Beach,2027-10-09,1.4158,8.5054,262.4833,12.1,7.4708,0.63,2.66,13.0189,74.7932,Low
Ullal_Beach,2027-10-09,1.7625,8.6846,267.4375,20.2,8.6167,0.7933,1.85,12.8153,74.8451,High
Panambur_Beach,2027-10-10,1.3712,8.1562,257.725,7.8,8.6167,0.6247,2.66,12.9482,74.8074,Moderate
Sasihithlu_Beach,2027-10-10,1.3325,8.1408,257.9667,8.2,8.3042,0.6247,2.66,13.0189,74.7932,Low
Ullal_Beach,2027-10-10,1.2996,8.1846,256.7667,5.2,8.875,0.7875,1.85,12.8153,74.8451,High
Panambur_Beach,2027-10-11,0.7917,7.3188,218.375,9.9,6.4542,0.6196,2.66,12.9482,74.8074,Moderate
Sasihithlu_Beach,2027-10-11,0.7583,7.3,218.375,10.0,6.4083,0.6196,2.66,13.0189,74.7932,Low
Ullal_Beach,2027-10-11,0.8017,7.2646,218.125,10.4,6.3917,0.7862,1.85,12.8153,74.8451,High
Panambur_Beach,2027-10-12,0.555,7.4792,221.375,0.0,5.675,0.6143,2.66,12.9482,74.8074,Moderate
Sasihithlu_Beach,2027-10-12,0.5325,7.4438,222.125,0.0,5.7292,0.6143,2.66,13.0189,74.7932,Low
Ullal_Beach,2027-10-12,0.565,7.4021,221.25,0.2,5.4833,0.7867,1.85,12.8153,74.8451,High
Panambur_Beach,2027-10-13,0.4233,8.0625,253.2083,1.8,9.3417,0.6092,2.66,12.9482,74.8074,Moderate
Sasihithlu_Beach,2027-10-13,0.4075,8.0979,255.6667,3.5,7.8625,0.6092,2.66,13.0189,74.7932,Low
Ullal_Beach,2027-10-13,0.4292,7.9104,254.9583,0.1,9.1,0.7887,1.85,12.8153,74.8451,High
Panambur_Beach,2027-10-14,1.4033,6.8938,245.0417,61.4,10.9083,0.6191,2.66,12.9482,74.8074,Moderate
Sasihithlu_Beach,2027-10-14,1.365,6.9479,244.75,64.5,11.2708,0.6191,2.66,13.0189,74.7932,Low
Ullal_Beach,2027-10-14,1.3975,6.825,245.4583,51.1,10.975,0.7929,1.85,12.8153,74.8451,High
Panambur_Beach,2027-10-15,1.2583,7.2562,236.5833,7.1,11.2042,0.6189,2.66,12.9482,74.8074,Moderate
Sasihithlu_Beach,2027-10-15,1.2083,7.2958,236.5417,6.4,11.0417,0.6189,2.66,13.0189,74.7932,Low
Ullal_Beach,2027-10-15,1.275,7.2021,236.3333,3.8,11.8167,0.7975,1.85,12.8153,74.8451,High
Panambur_Beach,2027-10-16,1.185,7.5312,228.5,12.0,6.6917,0.6187,2.66,12.9482,74.8074,Moderate
Sasihithlu_Beach,2027-10-16,1.1375,7.6104,229.0417,11.8,6.5333,0.6187,2.66,13.0189,74.7932,Low
Ullal_Beach,2027-10-16,1.2217,7.3771,227.25,10.4,7.2125,0.805,1.85,12.8153,74.8451,High
Panambur_Beach,2027-10-17,1.0208,7.4729,235.625,23.0,8.225,0.6185,2.66,12.9482,74.8074,Moderate
Sasihithlu_Beach,2027-10-17,0.9792,7.5083,235.5,20.6,8.3333,0.6185,2.66,13.0189,74.7932,Low
Ullal_Beach,2027-10-17,1.0367,7.3646,235.7083,8.8,8.3792,0.8096,1.85,12.8153,74.8451,High
Panambur_Beach,2027-10-18,1.0542,7.5958,243.3333,3.6,6.0625,0.6184,2.66,12.9482,74.8074,Moderate
Sasihithlu_Beach,2027-10-18,1.0133,7.6354,242.75,6.2,6.1292,0.6184,2.66,13.0189,74.7932,Low
Ullal_Beach,2027-10-18,1.07,7.4083,244.0,7.6,6.425,0.8133,1.85,12.8153,74.8451,High
Panambur_Beach,2027-10-19,1.1342,8.15,231.7083,2.1,7.3167,0.6182,2.66,12.9482,74.8074,Moderate
Sasihithlu_Beach,2027-10-19,1.0942,8.1729,231.6667,5.6,7.2083,0.6182,2.66,13.0189,74.7932,Low
Ullal_Beach,2027-10-19,1.1483,7.9604,231.8333,3.4,6.4167,0.8146,1.85,12.8153,74.8451,High
Panambur_Beach,2027-10-20,1.0208,7.8083,233.2917,0.6,9.1708,0.618,2.66,12.9482,74.8074,Moderate
Sasihithlu_Beach,2027-10-20,0.9808,7.8188,233.4167,0.8,9.05,0.618,2.66,13.0189,74.7932,Low
Ullal_Beach,2027-10-20,1.0358,7.6979,233.75,0.2,8.9333,0.8129,1.85,12.8153,74.8451,High
Panambur_Beach,2027-10-21,0.94,7.3271,243.5833,0.0,10.975,0.6179,2.66,12.9482,74.8074,Moderate
Sasihithlu_Beach,2027-10-21,0.9,7.2979,243.8333,0.0,10.6542,0.6179,2.66,13.0189,74.7932,Low
Ullal_Beach,2027-10-21,0.9625,7.2521,244.0833,0.0,10.6917,0.8108,1.85,12.8153,74.8451,High
Panambur_Beach,2027-10-22,0.7717,6.9104,253.7917,23.4,6.3125,0.6177,2.66,12.9482,74.8074,Moderate
Sasihithlu_Beach,2027-10-22,0.7433,6.8854,254.0,21.2,5.9833,0.6177,2.66,13.0189,74.7932,Low
Ullal_Beach,2027-10-22,0.7917,6.8646,254.8333,26.0,6.6542,0.8033,1.85,12.8153,74.8451,High
Panambur_Beach,2027-10-23,0.5917,7.6958,229.6667,8.4,4.2208,0.6175,2.66,12.9482,74.8074,Moderate
Sasihithlu_Beach,2027-10-23,0.5575,7.6083,231.25,2.2,4.3333,0.6175,2.66,13.0189,74.7932,Low
Ullal_Beach,2027-10-23,0.6042,7.6833,228.0417,13.0,4.6,0.7979,1.85,12.8153,74.8451,High
Panambur_Beach,2027-10-24,0.6358,9.7083,193.3333,27.5,6.9667,0.6174,2.66,12.9482,74.8074,Moderate
Sasihithlu_Beach,2027-10-24,0.5908,9.6375,194.875,27.9,7.1417,0.6174,2.66,13.0189,74.7932,Low
Ullal_Beach,2027-10-24,0.67,9.6458,191.0417,31.3,6.7167,0.7921,1.85,12.8153,74.8451,High
Panambur_Beach,2027-10-25,0.6525,10.2687,189.8333,16.3,6.0625,0.6172,2.66,12.9482,74.8074,Moderate
Sasihithlu_Beach,2027-10-25,0.6025,10.2958,190.9583,17.0,6.1333,0.6172,2.66,13.0189,74.7932,Low
Ullal_Beach,2027-10-25,0.6658,10.1,187.9167,19.7,5.8208,0.7883,1.85,12.8153,74.8451,High
Panambur_Beach,2027-10-26,0.5917,9.1479,209.1667,2.5,5.5083,0.617,2.66,12.9482,74.8074,Moderate
Sasihithlu_Beach,2027-10-26,0.5608,9.1562,210.8333,1.3,5.5042,0.617,2.66,13.0189,74.7932,Low
Ullal_Beach,2027-10-26,0.6142,8.9708,207.5,1.6,5.5625,0.7867,1.85,12.8153,74.8451,High
Panambur_Beach,2027-10-27,0.7317,7.2729,270.875,2.9,5.6792,0.6168,2.66,12.9482,74.8074,Low
Sasihithlu_Beach,2027-10-27,0.6958,7.2292,271.125,10.2,5.6458,0.6168,2.66,13.0189,74.7932,Low
Ullal_Beach,2027-10-27,0.7542,7.1854,271.625,1.4,5.5417,0.7871,1.85,12.8153,74.8451,High
Panambur_Beach,2027-10-28,0.5283,7.7167,253.25,3.8,6.3333,0.6167,2.66,12.9482,74.8074,Moderate
Sasihithlu_Beach,2027-10-28,0.5017,7.6938,253.7917,1.8,5.8917,0.6167,2.66,13.0189,74.7932,Low
Ullal_Beach,2027-10-28,0.5483,7.5729,254.75,5.4,6.4333,0.7887,1.85,12.8153,74.8451,High
Panambur_Beach,2027-10-29,0.49,8.8292,216.4167,0.3,5.9792,0.6165,2.66,12.9482,74.8074,Moderate
Sasihithlu_Beach,2027-10-29,0.4708,8.8083,218.5417,0.7,6.1417,0.6165,2.66,13.0189,74.7932,Low
Ullal_Beach,2027-10-29,0.5025,8.7271,215.75,0.6,6.2167,0.7938,1.85,12.8153,74.8451,High
Panambur_Beach,2027-10-30,0.5367,9.3854,203.125,0.4,5.175,0.6163,2.66,12.9482,74.8074,Moderate
Sasihithlu_Beach,2027-10-30,0.5067,9.3396,205.0417,0.4,5.4083,0.6163,2.66,13.0189,74.7932,Low
Ullal_Beach,2027-10-30,0.5617,9.2854,201.25,1.1,5.45,0.8004,1.85,12.8153,74.8451,High
Panambur_Beach,2027-10-31,0.5217,9.4375,196.625,11.7,5.4708,0.6162,2.66,12.9482,74.8074,Moderate
Sasihithlu_Beach,2027-10-31,0.4817,9.4083,199.0,13.8,4.7417,0.6162,2.66,13.0189,74.7932,Low
Ullal_Beach,2027-10-31,0.5442,9.3125,194.5417,7.8,5.725,0.805,1.85,12.8153,74.8451,High
Panambur_Beach,2027-11-01,0.5333,9.3604,211.9583,11.1,5.2625,0.616,2.66,12.9482,74.8074,Moderate
Sasihithlu_Beach,2027-11-01,0.5083,9.4521,213.5,15.9,5.0583,0.616,2.66,13.0189,74.7932,Low
Ullal_Beach,2027-11-01,0.5583,9.0354,210.5,10.8,5.9083,0.8104,1.85,12.8153,74.8451,High
Panambur_Beach,2027-11-02,0.5054,7.9417,244.7292,0.7,5.8583,0.6659,2.66,12.9482,74.8074,Moderate
Sasihithlu_Beach,2027-11-02,0.4929,8.0817,244.7667,2.2,5.3833,0.6659,2.66,13.0189,74.7932,Low
Ullal_Beach,2027-11-02,0.5158,7.825,245.9417,2.9,7.2833,0.8142,1.85,12.8153,74.8451,High
Panambur_Beach,2027-11-03,0.5825,7.8104,254.6417,0.0,9.7583,0.6606,2.66,12.9482,74.8074,Moderate
Sasihithlu_Beach,2027-11-03,0.5479,7.8046,255.025,0.0,9.2667,0.6606,2.66,13.0189,74.7932,Low
Ullal_Beach,2027-11-03,0.6054,7.2238,267.2917,0.0,9.9542,0.8088,1.85,12.8153,74.8451,High
Panambur_Beach,2027-11-04,0.5383,8.0862,233.875,6.1,7.5542,0.6558,2.66,12.9482,74.8074,Moderate
Sasihithlu_Beach,2027-11-04,0.5133,8.0704,235.1917,7.2,7.7458,0.6558,2.66,13.0189,74.7932,Low
Ullal_Beach,2027-11-04,0.5771,8.1008,238.3292,1.6,7.6333,0.8133,1.85,12.8153,74.8451,High
Panambur_Beach,2027-11-05,0.5988,9.0021,221.85,15.5,7.3667,0.6506,2.66,12.9482,74.8074,Moderate
Sasihithlu_Beach,2027-11-05,0.5575,9.19,219.3125,12.9,7.0708,0.6506,2.66,13.0189,74.7932,Low
Ullal_Beach,2027-11-05,0.6038,8.9692,219.3458,9.4,6.6833,0.8088,1.85,12.8153,74.8451,High
Panambur_Beach,2027-11-06,1.2683,7.895,252.9625,17.1,7.5792,0.6454,2.66,12.9482,74.8074,Moderate
Sasihithlu_Beach,2027-11-06,1.2846,7.7567,258.8667,17.4,7.675,0.6454,2.66,13.0189,74.7932,Low
Ullal_Beach,2027-11-06,1.2996,7.8158,254.1875,14.6,7.1833,0.8071,1.85,12.8153,74.8451,High
Panambur_Beach,2027-11-07,1.6067,8.8704,256.8375,8.2,9.3458,0.6402,2.66,12.9482,74.8074,High
Sasihithlu_Beach,2027-11-07,1.5792,8.8462,255.9458,9.6,9.55,0.6402,2.66,13.0189,74.7932,Low
Ullal_Beach,2027-11-07,1.4442,8.8183,254.0542,5.6,8.2667,0.7983,1.85,12.8153,74.8451,High
Panambur_Beach,2027-11-08,2.87,9.2725,270.5417,67.0,15.3458,0.6351,2.66,12.9482,74.8074,Moderate
Sasihithlu_Beach,2027-11-08,2.7896,9.3342,269.675,68.6,14.625,0.6351,2.66,13.0189,74.7932,Moderate
Ullal_Beach,2027-11-08,2.7783,9.1942,271.7833,59.1,15.2208,0.7967,1.85,12.8153,74.8451,High
Panambur_Beach,2027-11-09,1.7867,8.6946,267.0833,12.4,10.8458,0.6298,2.66,12.9482,74.8074,High
Sasihithlu_Beach,2027-11-09,1.7879,8.6396,267.7292,12.0,10.5042,0.6298,2.66,13.0189,74.7932,Low
Ullal_Beach,2027-11-09,1.825,8.6375,267.6167,11.5,10.9667,0.7875,1.85,12.8153,74.8451,High
Panambur_Beach,2027-11-10,1.485,8.0279,258.55,17.3,10.8958,0.6245,2.66,12.9482,74.8074,Moderate
Sasihithlu_Beach,2027-11-10,1.3946,8.0767,256.5417,18.4,10.5625,0.6245,2.66,13.0189,74.7932,Low
Ullal_Beach,2027-11-10,1.5617,7.9058,260.0958,14.5,10.45,0.7858,1.85,12.8153,74.8451,High
Panambur_Beach,2027-11-11,0.7117,7.375,230.375,15.7,6.05,0.6194,2.66,12.9482,74.8074,Moderate
Sasihithlu_Beach,2027-11-11,0.6892,7.3708,230.5,16.4,5.9458,0.6194,2.66,13.0189,74.7932,Low
Ullal_Beach,2027-11-11,0.7142,7.3208,230.25,15.9,6.1917,0.7862,1.85,12.8153,74.8451,High
Panambur_Beach,2027-11-12,0.5325,7.5521,231.3333,0.2,4.65,0.6141,2.66,12.9482,74.8074,Moderate
Sasihithlu_Beach,2027-11-12,0.5125,7.4854,232.875,0.0,4.2167,0.6141,2.66,13.0189,74.7932,Low
Ullal_Beach,2027-11-12,0.5342,7.5083,230.125,0.0,4.1583,0.7904,1.85,12.8153,74.8451,High
Panambur_Beach,2027-11-13,0.5158,8.4354,264.875,0.0,10.15,0.609,2.66,12.9482,74.8074,Low
Sasihithlu_Beach,2027-11-13,0.4875,8.5792,260.875,0.0,9.3708,0.609,2.66,13.0189,74.7932,Low
Ullal_Beach,2027-11-13,0.5383,8.0542,272.5833,0.6,10.6917,0.7929,1.85,12.8153,74.8451,High
Panambur_Beach,2027-11-14,0.8092,7.9083,220.375,10.7,6.15,0.6138,2.66,12.9482,74.8074,Moderate
Sasihithlu_Beach,2027-11-14,0.77,7.9125,220.5,8.9,6.0083,0.6138,2.66,13.0189,74.7932,Low
Ullal_Beach,2027-11-14,0.8342,7.85,220.4583,18.9,6.9,0.8021,1.85,12.8153,74.8451,High
Panambur_Beach,2027-11-15,1.1292,8.1021,216.0,15.1,7.1292,0.6136,2.66,12.9482,74.8074,Moderate
Sasihithlu_Beach,2027-11-15,1.07,8.1375,215.7917,8.0,7.1875,0.6136,2.66,13.0189,74.7932,Moderate
Ullal_Beach,2027-11-15,1.1717,8.0229,216.0417,18.0,6.9833,0.8079,1.85,12.8153,74.8451,High
Panambur_Beach,2027-11-16,1.0608,7.1458,214.7917,17.8,7.1167,0.6134,2.66,12.9482,74.8074,Moderate
Sasihithlu_Beach,2027-11-16,0.995,7.2354,214.625,9.1,6.7333,0.6134,2.66,13.0189,74.7932,Moderate
Ullal_Beach,2027-11-16,1.1192,6.9667,214.375,11.1,7.6333,0.8108,1.85,12.8153,74.8451,High
Panambur_Beach,2027-11-17,0.9367,5.8042,217.7917,37.3,11.8375,0.6133,2.66,12.9482,74.8074,Moderate
Sasihithlu_Beach,2027-11-17,0.8817,5.8542,217.625,26.9,11.8583,0.6133,2.66,13.0189,74.7932,Low
Ullal_Beach,2027-11-17,0.9758,5.7,218.5,21.9,11.8,0.8142,1.85,12.8153,74.8451,High
Panambur_Beach,2027-11-18,0.9733,5.5646,219.4167,5.8,12.2417,0.6131,2.66,12.9482,74.8074,Moderate
Sasihithlu_Beach,2027-11-18,0.94,5.5917,218.5833,2.8,12.5375,0.6131,2.66,13.0189,74.7932,Low
Ullal_Beach,2027-11-18,0.9842,5.5063,219.7083,6.4,11.9167,0.8133,1.85,12.8153,74.8451,High
Panambur_Beach,2027-11-19,0.6625,6.4292,225.7083,19.4,4.1875,0.6129,2.66,12.9482,74.8074,Moderate
Sasihithlu_Beach,2027-11-19,0.6375,6.3771,225.0,16.2,4.125,0.6129,2.66,13.0189,74.7932,Low
Ullal_Beach,2027-11-19,0.6717,6.375,226.3333,5.6,4.3375,0.8108,1.85,12.8153,74.8451,High
Panambur_Beach,2027-11-20,0.7158,6.2646,245.0833,6.8,9.8292,0.6128,2.66,12.9482,74.8074,Moderate
Sasihithlu_Beach,2027-11-20,0.6817,6.2667,244.6667,7.3,9.7208,0.6128,2.66,13.0189,74.7932,Low
Ullal_Beach,2027-11-20,0.7325,6.175,246.0417,6.0,8.95,0.8071,1.85,12.8153,74.8451,High
Panambur_Beach,2027-11-21,0.9192,6.1229,252.1667,42.4,8.3542,0.6126,2.66,12.9482,74.8074,Moderate
Sasihithlu_Beach,2027-11-21,0.8842,6.0958,251.6667,43.0,8.7042,0.6126,2.66,13.0189,74.7932,Low
Ullal_Beach,2027-11-21,0.945,6.0375,252.5,34.4,8.1333,0.8021,1.85,12.8153,74.8451,High
Panambur_Beach,2027-11-22,1.145,6.7,252.6667,11.2,10.4792,0.6124,2.66,12.9482,74.8074,Moderate
Sasihithlu_Beach,2027-11-22,1.1042,6.7375,251.9583,13.4,10.8458,0.6124,2.66,13.0189,74.7932,Low
Ullal_Beach,2027-11-22,1.1458,6.65,253.125,15.8,9.7458,0.795,1.85,12.8153,74.8451,High
Panambur_Beach,2027-11-23,0.9775,7.15,240.5833,2.3,7.5583,0.6122,2.66,12.9482,74.8074,Moderate
Sasihithlu_Beach,2027-11-23,0.9433,7.1229,240.4167,3.8,7.3583,0.6122,2.66,13.0189,74.7932,Low
Ullal_Beach,2027-11-23,0.99,7.1833,241.125,2.5,7.1958,0.7904,1.85,12.8153,74.8451,High
Panambur_Beach,2027-11-24,0.8992,7.3354,237.7917,2.4,6.0333,0.6121,2.66,12.9482,74.8074,Moderate
Sasihithlu_Beach,2027-11-24,0.8667,7.3375,237.2083,2.2,6.1833,0.6121,2.66,13.0189,74.7932,Low
Ullal_Beach,2027-11-24,0.9133,7.2583,238.625,2.0,6.1417,0.7867,1.85,12.8153,74.8451,High
Panambur_Beach,2027-11-25,0.7692,7.1104,252.125,6.1,5.5375,0.6119,2.66,12.9482,74.8074,Moderate
Sasihithlu_Beach,2027-11-25,0.7408,7.1083,251.75,5.4,5.2625,0.6119,2.66,13.0189,74.7932,Low
Ullal_Beach,2027-11-25,0.7808,7.0042,253.25,4.9,5.85,0.7867,1.85,12.8153,74.8451,High
Panambur_Beach,2027-11-26,0.6267,7.3062,257.4583,0.0,6.8583,0.6117,2.66,12.9482,74.8074,Low
Sasihithlu_Beach,2027-11-26,0.5917,7.3208,256.4583,0.0,6.4042,0.6117,2.66,13.0189,74.7932,Low
Ullal_Beach,2027-11-26,0.6467,7.15,259.6667,0.0,7.7083,0.7879,1.85,12.8153,74.8451,High
Panambur_Beach,2027-11-27,0.4525,7.8958,230.0417,0.0,7.125,0.6116,2.66,12.9482,74.8074,Moderate
Sasihithlu_Beach,2027-11-27,0.4325,7.8188,231.0833,0.0,7.3208,0.6116,2.66,13.0189,74.7932,Low
Ullal_Beach,2027-11-27,0.4642,7.8688,228.875,0.0,7.9,0.7921,1.85,12.8153,74.8451,High
Panambur_Beach,2027-11-28,0.4808,7.7771,253.125,0.0,6.2792,0.6114,2.66,12.9482,74.8074,Moderate
Sasihithlu_Beach,2027-11-28,0.4608,7.8021,253.6667,0.0,5.8958,0.6114,2.66,13.0189,74.7932,Low
Ullal_Beach,2027-11-28,0.5017,7.5021,253.2917,0.0,7.925,0.7971,1.85,12.8153,74.8451,High
Panambur_Beach,2027-11-29,0.465,8.4188,243.9167,3.6,5.0333,0.6112,2.66,12.9482,74.8074,Moderate
Sasihithlu_Beach,2027-11-29,0.4417,8.5187,242.8333,2.5,4.1417,0.6112,2.66,13.0189,74.7932,Low
Ullal_Beach,2027-11-29,0.485,8.0417,246.125,1.5,7.4208,0.8033,1.85,12.8153,74.8451,High
Panambur_Beach,2027-11-30,0.4408,8.925,201.0417,33.7,6.65,0.6111,2.66,12.9482,74.8074,Moderate
Sasihithlu_Beach,2027-11-30,0.4125,9.1708,202.7917,31.2,6.6375,0.6111,2.66,13.0189,74.7932,Moderate
Ullal_Beach,2027-11-30,0.4642,8.3854,199.375,37.5,6.0958,0.8075,1.85,12.8153,74.8451,High
Panambur_Beach,2027-12-01,0.4658,7.8854,195.375,6.2,4.9917,0.6109,2.66,12.9482,74.8074,Moderate
Sasihithlu_Beach,2027-12-01,0.4258,8.0083,196.5417,7.6,4.4167,0.6109,2.66,13.0189,74.7932,Moderate
Ullal_Beach,2027-12-01,0.4858,7.5771,194.3333,8.8,6.0917,0.8121,1.85,12.8153,74.8451,High
Panambur_Beach,2027-12-02,0.5079,8.0692,242.0333,0.0,6.1375,0.6657,2.66,12.9482,74.8074,Moderate
Sasihithlu_Beach,2027-12-02,0.4833,8.0388,242.0708,0.0,5.4625,0.6657,2.66,13.0189,74.7932,Low
Ullal_Beach,2027-12-02,0.5158,7.8683,244.9958,0.0,6.4167,0.8125,1.85,12.8153,74.8451,High
Panambur_Beach,2027-12-03,0.5758,7.6567,257.9375,0.0,10.1292,0.6604,2.66,12.9482,74.8074,Moderate
Sasihithlu_Beach,2027-12-03,0.5471,7.8175,254.2542,0.0,9.5292,0.6604,2.66,13.0189,74.7932,Low
Ullal_Beach,2027-12-03,0.6121,7.1658,268.1875,0.0,10.125,0.8046,1.85,12.8153,74.8451,High
Panambur_Beach,2027-12-04,0.5592,8.4521,233.2208,8.1,6.7208,0.6557,2.66,12.9482,74.8074,Moderate
Sasihithlu_Beach,2027-12-04,0.5138,8.6267,229.5833,4.6,6.4083,0.6557,2.66,13.0189,74.7932,Low
Ullal_Beach,2027-12-04,0.5754,7.8558,239.0917,0.1,7.2375,0.81,1.85,12.8153,74.8451,High
Panambur_Beach,2027-12-05,0.6025,9.1583,221.1375,4.9,7.1583,0.6504,2.66,12.9482,74.8074,Moderate
Sasihithlu_Beach,2027-12-05,0.5858,8.9496,226.9292,7.7,6.8083,0.6504,2.66,13.0189,74.7932,Low
Ullal_Beach,2027-12-05,0.6271,8.9579,218.8583,0.8,7.1125,0.8038,1.85,12.8153,74.8451,High
Panambur_Beach,2027-12-06,1.2117,7.7538,255.275,34.9,6.6583,0.6453,2.66,12.9482,74.8074,Moderate
Sasihithlu_Beach,2027-12-06,1.1854,7.7408,257.2542,27.9,6.75,0.6453,2.66,13.0189,74.7932,Low
Ullal_Beach,2027-12-06,1.2179,7.5946,256.0708,29.5,6.5417,0.8008,1.85,12.8153,74.8451,High
Panambur_Beach,2027-12-07,2.3567,8.8667,260.6833,83.0,15.725,0.64,2.66,12.9482,74.8074,High
Sasihithlu_Beach,2027-12-07,2.3883,9.2121,261.2542,85.6,15.1208,0.64,2.66,13.0189,74.7932,Moderate
Ullal_Beach,2027-12-07,2.3454,9.0617,261.0,68.1,15.5083,0.7942,1.85,12.8153,74.8451,High
Panambur_Beach,2027-12-08,2.7988,9.1812,270.4167,51.9,14.9167,0.6349,2.66,12.9482,74.8074,Moderate
Sasihithlu_Beach,2027-12-08,2.7904,9.3008,269.3958,52.7,14.1708,0.6349,2.66,13.0189,74.7932,Moderate
Ullal_Beach,2027-12-08,2.7933,9.1433,271.3125,59.4,15.3667,0.7904,1.85,12.8153,74.8451,High
Panambur_Beach,2027-12-09,1.6029,8.5438,265.5167,14.0,10.2042,0.6296,2.66,12.9482,74.8074,Moderate
Sasihithlu_Beach,2027-12-09,1.6662,8.4475,266.8875,15.4,9.8042,0.6296,2.66,13.0189,74.7932,Low
Ullal_Beach,2027-12-09,1.7717,8.5112,267.8458,17.0,10.2042,0.7858,1.85,12.8153,74.8451,High
Panambur_Beach,2027-12-10,1.6833,7.6062,261.625,35.3,15.2667,0.6243,2.66,12.9482,74.8074,Moderate
Sasihithlu_Beach,2027-12-10,1.5833,7.7438,259.4667,38.1,14.8583,0.6243,2.66,13.0189,74.7932,Low
Ullal_Beach,2027-12-10,1.6421,7.6246,262.325,18.5,14.8875,0.7862,1.85,12.8153,74.8451,High
Panambur_Beach,2027-12-11,0.9283,6.9438,238.875,43.2,6.0583,0.6192,2.66,12.9482,74.8074,Moderate
Sasihithlu_Beach,2027-12-11,0.895,6.9688,238.5417,46.4,6.2792,0.6192,2.66,13.0189,74.7932,Low
Ullal_Beach,2027-12-11,0.96,6.8146,239.0833,46.7,6.6,0.7883,1.85,12.8153,74.8451,High
Panambur_Beach,2027-12-12,0.5817,6.8875,245.2083,12.9,6.2625,0.6139,2.66,12.9482,74.8074,Moderate
Sasihithlu_Beach,2027-12-12,0.5492,6.9542,243.0833,8.8,7.8042,0.6139,2.66,13.0189,74.7932,Low
Ullal_Beach,2027-12-12,0.5942,6.7562,244.9167,4.2,5.0042,0.7958,1.85,12.8153,74.8451,High
Panambur_Beach,2027-12-13,0.54,8.8104,259.625,0.7,8.6958,0.6088,2.66,12.9482,74.8074,Low
Sasihithlu_Beach,2027-12-13,0.51,8.9625,256.625,0.4,7.525,0.6088,2.66,13.0189,74.7932,Low
Ullal_Beach,2027-12-13,0.5592,8.1979,265.875,0.0,9.9,0.7988,1.85,12.8153,74.8451,High
Panambur_Beach,2027-12-14,0.4808,9.8229,224.5833,0.0,8.5708,0.6087,2.66,12.9482,74.8074,Moderate
Sasihithlu_Beach,2027-12-14,0.4575,9.9,224.9583,0.0,7.2958,0.6087,2.66,13.0189,74.7932,Low
Ullal_Beach,2027-12-14,0.49,9.3583,225.875,0.1,9.2958,0.8042,1.85,12.8153,74.8451,High
Panambur_Beach,2027-12-15,0.565,9.2583,235.8333,0.0,9.8083,0.6085,2.66,12.9482,74.8074,Moderate
Sasihithlu_Beach,2027-12-15,0.5308,9.4208,235.5,0.0,8.1125,0.6085,2.66,13.0189,74.7932,Low
Ullal_Beach,2027-12-15,0.5758,8.7104,235.875,0.0,11.2125,0.8096,1.85,12.8153,74.8451,High
Panambur_Beach,2027-12-16,0.6567,8.0167,272.75,0.2,9.5333,0.6083,2.66,12.9482,74.8074,Low
Sasihithlu_Beach,2027-12-16,0.62,8.075,270.5833,0.2,8.6167,0.6083,2.66,13.0189,74.7932,Low
Ullal_Beach,2027-12-16,0.6708,7.8125,276.9167,0.0,9.6458,0.8138,1.85,12.8153,74.8451,High
Panambur_Beach,2027-12-17,0.5725,7.6771,272.625,0.0,8.15,0.6082,2.66,12.9482,74.8074,Low
Sasihithlu_Beach,2027-12-17,0.5375,7.8062,268.25,0.0,7.7833,0.6082,2.66,13.0189,74.7932,Low
Ullal_Beach,2027-12-17,0.5975,7.4229,278.875,0.0,9.1875,0.815,1.85,12.8153,74.8451,High
Panambur_Beach,2027-12-18,0.6525,6.8146,292.8333,0.0,9.3042,0.608,2.66,12.9482,74.8074,Low
Sasihithlu_Beach,2027-12-18,0.6192,6.8333,290.75,0.0,8.9458,0.608,2.66,13.0189,74.7932,Low
Ullal_Beach,2027-12-18,0.6842,6.6562,296.7917,0.0,9.625,0.8142,1.85,12.8153,74.8451,Moderate
Panambur_Beach,2027-12-19,0.7217,6.9875,297.125,0.0,10.6417,0.6078,2.66,12.9482,74.8074,Low
Sasihithlu_Beach,2027-12-19,0.6758,7.0042,295.7917,0.0,9.6833,0.6078,2.66,13.0189,74.7932,Low
Ullal_Beach,2027-12-19,0.7567,6.8583,299.9167,0.0,11.6167,0.8096,1.85,12.8153,74.8451,Moderate
Panambur_Beach,2027-12-20,0.5858,7.2042,279.75,0.0,10.7,0.6076,2.66,12.9482,74.8074,Low
Sasihithlu_Beach,2027-12-20,0.5525,7.2,279.125,0.0,10.1625,0.6076,2.66,13.0189,74.7932,Low
Ullal_Beach,2027-12-20,0.62,6.9958,284.0,0.0,11.3958,0.8046,1.85,12.8153,74.8451,High
Panambur_Beach,2027-12-21,0.515,7.6021,240.375,0.0,12.0333,0.6075,2.66,12.9482,74.8074,Moderate
Sasihithlu_Beach,2027-12-21,0.4792,7.6271,239.8333,0.0,11.4125,0.6075,2.66,13.0189,74.7932,Low
Ullal_Beach,2027-12-21,0.5325,7.4333,248.0,0.0,12.4208,0.7988,1.85,12.8153,74.8451,High
Panambur_Beach,2027-12-22,0.5175,8.5,234.0,0.0,9.3,0.6073,2.66,12.9482,74.8074,Moderate
Sasihithlu_Beach,2027-12-22,0.4908,8.4292,234.375,0.0,9.3875,0.6073,2.66,13.0189,74.7932,Low
Ullal_Beach,2027-12-22,0.53,8.4188,234.2917,0.0,9.2542,0.7938,1.85,12.8153,74.8451,High
Panambur_Beach,2027-12-23,0.4667,8.6458,216.0417,0.0,6.4792,0.6071,2.66,12.9482,74.8074,Moderate
Sasihithlu_Beach,2027-12-23,0.44,8.6333,216.4583,0.0,6.55,0.6071,2.66,13.0189,74.7932,Low
Ullal_Beach,2027-12-23,0.4792,8.5375,216.2083,0.0,6.8833,0.7879,1.85,12.8153,74.8451,High
Panambur_Beach,2027-12-24,0.4033,9.0187,201.0417,0.0,7.9708,0.607,2.66,12.9482,74.8074,Moderate
Sasihithlu_Beach,2027-12-24,0.3833,9.0042,202.2917,0.0,7.6833,0.607,2.66,13.0189,74.7932,Low
Ullal_Beach,2027-12-24,0.4225,8.8729,199.6667,0.0,7.8,0.7862,1.85,12.8153,74.8451,High
Panambur_Beach,2027-12-25,0.3867,9.0167,206.7083,0.0,8.2708,0.6068,2.66,12.9482,74.8074,Moderate
Sasihithlu_Beach,2027-12-25,0.3642,9.0875,207.5833,0.0,7.8792,0.6068,2.66,13.0189,74.7932,Low
Ullal_Beach,2027-12-25,0.3975,8.7562,205.625,0.0,8.7708,0.7862,1.85,12.8153,74.8451,High
Panambur_Beach,2027-12-26,0.5892,6.6292,278.1667,0.0,10.4875,0.6066,2.66,12.9482,74.8074,Low
Sasihithlu_Beach,2027-12-26,0.5667,6.6021,279.8333,0.0,9.9917,0.6066,2.66,13.0189,74.7932,Low
Ullal_Beach,2027-12-26,0.5967,6.5167,278.2917,0.0,10.8125,0.79,1.85,12.8153,74.8451,High
Panambur_Beach,2027-12-27,0.6625,6.3854,288.0417,0.0,8.2458,0.6065,2.66,12.9482,74.8074,Low
Sasihithlu_Beach,2027-12-27,0.6358,6.3833,287.2083,0.0,8.1167,0.6065,2.66,13.0189,74.7932,Low
Ullal_Beach,2027-12-27,0.675,6.2917,290.5,0.0,8.7083,0.7946,1.85,12.8153,74.8451,Moderate
Panambur_Beach,2027-12-28,0.5125,7.1146,260.125,0.0,9.075,0.6063,2.66,12.9482,74.8074,Moderate
Sasihithlu_Beach,2027-12-28,0.4917,7.0625,260.9583,0.0,8.4958,0.6063,2.66,13.0189,74.7932,Low
Ullal_Beach,2027-12-28,0.5292,7.0229,261.2917,0.0,9.3958,0.8,1.85,12.8153,74.8451,High
Panambur_Beach,2027-12-29,0.4933,8.4729,230.5,0.0,7.9667,0.6061,2.66,12.9482,74.8074,Moderate
Sasihithlu_Beach,2027-12-29,0.4725,8.5083,231.3333,0.0,7.0458,0.6061,2.66,13.0189,74.7932,Low
Ullal_Beach,2027-12-29,0.5033,8.1688,230.9167,0.0,8.3542,0.8062,1.85,12.8153,74.8451,High
Panambur_Beach,2027-12-30,0.4883,8.3708,236.2917,0.0,8.8167,0.6059,2.66,12.9482,74.8074,Moderate
Sasihithlu_Beach,2027-12-30,0.4642,8.4333,236.9583,0.0,8.4167,0.6059,2.66,13.0189,74.7932,Low
Ullal_Beach,2027-12-30,0.4917,8.0646,236.875,0.0,9.0417,0.8108,1.85,12.8153,74.8451,High
Panambur_Beach,2027-12-31,0.5983,7.5083,274.9583,0.0,9.1417,0.6058,2.66,12.9482,74.8074,Low
Sasihithlu_Beach,2027-12-31,0.5742,7.5854,274.5,0.0,8.8583,0.6058,2.66,13.0189,74.7932,Low
Ullal_Beach,2027-12-31,0.6075,7.1708,277.25,0.0,9.1625,0.8142,1.85,12.8153,74.8451,High
Panambur_Beach,2028-01-01,0.5567,8.2229,272.0833,0.0,8.4417,0.6056,2.66,12.9482,74.8074,Low
Sasihithlu_Beach,2028-01-01,0.5267,8.2438,270.8333,0.0,7.1917,0.6056,2.66,13.0189,74.7932,Low
Ullal_Beach,2028-01-01,0.58,7.9354,275.9583,0.0,9.5583,0.8154,1.85,12.8153,74.8451,High
Panambur_Beach,2028-01-02,0.4517,8.9854,241.1667,0.1,8.9,0.6054,2.66,12.9482,74.8074,Moderate
Sasihithlu_Beach,2028-01-02,0.4308,9.1875,239.375,0.0,8.0917,0.6054,2.66,13.0189,74.7932,Low
Ullal_Beach,2028-01-02,0.4717,8.4833,246.0833,0.1,9.2792,0.8112,1.85,12.8153,74.8451,High
Panambur_Beach,2028-01-03,0.6883,7.3896,266.0833,0.0,7.3583,0.6002,2.66,12.9482,74.8074,Moderate
Sasihithlu_Beach,2028-01-03,0.6625,7.3812,266.125,0.0,7.3,0.6002,2.66,13.0189,74.7932,Low
Ullal_Beach,2028-01-03,0.6967,7.2271,267.9167,0.0,7.6792,0.8071,1.85,12.8153,74.8451,High
Panambur_Beach,2028-01-04,0.555,6.675,262.75,0.0,8.2917,0.5954,2.66,12.9482,74.8074,Moderate
Sasihithlu_Beach,2028-01-04,0.5283,6.6167,263.375,0.0,7.875,0.5954,2.66,13.0189,74.7932,Low
Ullal_Beach,2028-01-04,0.5667,6.5938,263.375,0.0,8.7625,0.8125,1.85,12.8153,74.8451,High
Panambur_Beach,2028-01-05,0.5775,9.4104,249.3333,3.5,6.2125,0.5901,2.66,12.9482,74.8074,Moderate
Sasihithlu_Beach,2028-01-05,0.5533,9.3896,249.75,2.6,5.9458,0.5901,2.66,13.0189,74.7932,Low
Ullal_Beach,2028-01-05,0.5825,9.2125,250.5833,7.7,5.7083,0.8062,1.85,12.8153,74.8451,High
Panambur_Beach,2028-01-06,0.6883,9.45,201.1667,7.6,7.3292,0.585,2.66,12.9482,74.8074,Moderate
Sasihithlu_Beach,2028-01-06,0.6567,9.4125,201.875,11.3,7.2042,0.585,2.66,13.0189,74.7932,Moderate
Ullal_Beach,2028-01-06,0.7042,9.3062,200.0833,5.9,7.4542,0.8042,1.85,12.8153,74.8451,High
Panambur_Beach,2028-01-07,1.2092,8.9083,250.125,3.7,6.5417,0.5797,2.66,12.9482,74.8074,Moderate
Sasihithlu_Beach,2028-01-07,1.175,8.9396,250.0,2.7,6.5667,0.5797,2.66,13.0189,74.7932,Low
Ullal_Beach,2028-01-07,1.2008,8.7271,250.2083,2.7,6.425,0.7946,1.85,12.8153,74.8451,High
Panambur_Beach,2028-01-08,2.8375,10.0896,267.375,31.4,9.625,0.5746,2.66,12.9482,74.8074,Moderate
Sasihithlu_Beach,2028-01-08,2.78,10.1146,266.625,25.8,9.1792,0.5746,2.66,13.0189,74.7932,Moderate
Ullal_Beach,2028-01-08,2.8067,9.9354,268.4583,42.2,9.5833,0.7921,1.85,12.8153,74.8451,High
Panambur_Beach,2028-01-09,1.54,7.1917,274.7083,23.6,16.95,0.5693,2.66,12.9482,74.8074,Moderate
Sasihithlu_Beach,2028-01-09,1.4958,7.2333,274.2083,23.7,16.3792,0.5693,2.66,13.0189,74.7932,Low
Ullal_Beach,2028-01-09,1.5633,7.0938,276.125,29.2,16.7958,0.7862,1.85,12.8153,74.8451,High
Panambur_Beach,2028-01-10,1.0592,8.0208,256.625,24.8,5.9208,0.5641,2.66,12.9482,74.8074,Moderate
Sasihithlu_Beach,2028-01-10,1.025,7.9708,256.875,19.8,5.7167,0.5641,2.66,13.0189,74.7932,Low
Ullal_Beach,2028-01-10,1.0725,7.9812,256.7917,26.1,5.9458,0.7858,1.85,12.8153,74.8451,High
Panambur_Beach,2028-01-11,0.8675,7.8896,240.0417,10.2,6.5,0.5589,2.66,12.9482,74.8074,Moderate
Sasihithlu_Beach,2028-01-11,0.8342,7.7792,241.5417,8.4,6.5,0.5589,2.66,13.0189,74.7932,Low
Ullal_Beach,2028-01-11,0.8792,7.8583,238.6667,10.0,5.5333,0.7887,1.85,12.8153,74.8451,High
Panambur_Beach,2028-01-12,0.5617,10.2062,204.0417,0.2,7.325,0.5537,2.66,12.9482,74.8074,Moderate
Sasihithlu_Beach,2028-01-12,0.5333,10.3229,205.5417,0.5,7.2667,0.5537,2.66,13.0189,74.7932,Low
Ullal_Beach,2028-01-12,0.5642,9.8229,203.0,0.3,7.9625,0.7925,1.85,12.8153,74.8451,High
Panambur_Beach,2028-01-13,0.4342,10.4917,209.5833,0.0,6.9583,0.5396,2.66,12.9482,74.8074,Moderate
Sasihithlu_Beach,2028-01-13,0.4167,10.6104,209.3333,0.0,6.6083,0.5396,2.66,13.0189,74.7932,Low
Ullal_Beach,2028-01-13,0.4367,10.1208,209.8333,0.0,7.4208,0.5396,1.85,12.8153,74.8451,High
Panambur_Beach,2028-01-14,0.5508,7.0771,291.75,0.0,10.0667,0.6034,2.66,12.9482,74.8074,Low
Sasihithlu_Beach,2028-01-14,0.5208,7.1062,291.625,0.0,9.4875,0.6034,2.66,13.0189,74.7932,Low
Ullal_Beach,2028-01-14,0.5783,6.8083,293.8333,0.0,9.6375,0.8112,1.85,12.8153,74.8451,High
Panambur_Beach,2028-01-15,0.5842,7.2542,297.5417,0.0,10.7667,0.6032,2.66,12.9482,74.8074,Low
Sasihithlu_Beach,2028-01-15,0.5442,7.3188,295.7083,0.0,10.05,0.6032,2.66,13.0189,74.7932,Low
Ullal_Beach,2028-01-15,0.605,7.0062,300.25,0.0,10.6125,0.8142,1.85,12.8153,74.8451,Moderate
Panambur_Beach,2028-01-16,0.5058,6.6062,288.8333,0.0,11.5833,0.603,2.66,12.9482,74.8074,Low
Sasihithlu_Beach,2028-01-16,0.4758,6.7479,285.5833,0.0,10.9208,0.603,2.66,13.0189,74.7932,Low
Ullal_Beach,2028-01-16,0.5425,6.2125,293.625,0.0,11.1583,0.8129,1.85,12.8153,74.8451,Moderate
Panambur_Beach,2028-01-17,0.47,7.8354,256.875,0.0,9.3583,0.6029,2.66,12.9482,74.8074,Moderate
Sasihithlu_Beach,2028-01-17,0.4392,7.9896,254.375,0.0,9.1042,0.6029,2.66,13.0189,74.7932,Low
Ullal_Beach,2028-01-17,0.4908,7.35,261.4167,0.0,9.4917,0.8112,1.85,12.8153,74.8451,High
Panambur_Beach,2028-01-18,0.47,7.8083,264.125,0.4,7.5458,0.6027,2.66,12.9482,74.8074,Moderate
Sasihithlu_Beach,2028-01-18,0.4558,7.7604,264.875,0.4,7.3917,0.6027,2.66,13.0189,74.7932,Low
Ullal_Beach,2028-01-18,0.48,7.6375,265.25,0.0,8.3125,0.8088,1.85,12.8153,74.8451,High
Panambur_Beach,2028-01-19,0.55,6.9917,267.875,0.0,11.9625,0.6025,2.66,12.9482,74.8074,Low
Sasihithlu_Beach,2028-01-19,0.5192,6.9729,267.2083,0.0,10.7542,0.6025,2.66,13.0189,74.7932,Low
Ullal_Beach,2028-01-19,0.5692,6.9042,269.9583,0.0,11.95,0.8021,1.85,12.8153,74.8451,High
Panambur_Beach,2028-01-20,0.5175,6.1583,282.375,0.0,11.3833,0.6024,2.66,12.9482,74.8074,Low
Sasihithlu_Beach,2028-01-20,0.4975,6.0333,284.8333,0.0,10.6458,0.6024,2.66,13.0189,74.7932,Low
Ullal_Beach,2028-01-20,0.5208,6.2,280.9583,0.0,10.0458,0.7962,1.85,12.8153,74.8451,High
Panambur_Beach,2028-01-21,0.6008,5.9958,297.8333,0.0,9.3042,0.6022,2.66,12.9482,74.8074,Low
Sasihithlu_Beach,2028-01-21,0.5758,6.0229,296.25,0.0,9.1333,0.6022,2.66,13.0189,74.7932,Low
Ullal_Beach,2028-01-21,0.6233,5.9062,299.6667,0.0,8.85,0.7917,1.85,12.8153,74.8451,Moderate
Panambur_Beach,2028-01-22,0.6233,5.9,295.2083,0.0,8.3375,0.602,2.66,12.9482,74.8074,Low
Sasihithlu_Beach,2028-01-22,0.6008,5.8333,294.8333,0.0,7.8375,0.602,2.66,13.0189,74.7932,Low
Ullal_Beach,2028-01-22,0.6383,5.8333,296.7083,0.0,8.7042,0.7879,1.85,12.8153,74.8451,Moderate
Panambur_Beach,2028-01-23,0.5133,6.6812,276.0,0.0,10.8208,0.6019,2.66,12.9482,74.8074,Low
Sasihithlu_Beach,2028-01-23,0.4933,6.6708,275.8333,0.2,10.2208,0.6019,2.66,13.0189,74.7932,Low
Ullal_Beach,2028-01-23,0.5308,6.4292,278.5417,0.0,11.2917,0.7862,1.85,12.8153,74.8451,High
Panambur_Beach,2028-01-24,0.5925,7.9958,279.75,0.2,11.0458,0.6017,2.66,12.9482,74.8074,Low
Sasihithlu_Beach,2028-01-24,0.5725,8.0417,279.375,0.4,10.7417,0.6017,2.66,13.0189,74.7932,Low
Ullal_Beach,2028-01-24,0.6133,7.7229,281.5417,0.0,10.9208,0.7875,1.85,12.8153,74.8451,High
Panambur_Beach,2028-01-25,1.2675,8.5646,306.4167,0.0,13.1375,0.6015,2.66,12.9482,74.8074,Low
Sasihithlu_Beach,2028-01-25,1.205,8.5125,306.0833,0.0,12.225,0.6015,2.66,13.0189,74.7932,Low
Ullal_Beach,2028-01-25,1.2958,8.5875,307.25,0.0,13.3792,0.7912,1.85,12.8153,74.8451,High
Panambur_Beach,2028-01-26,1.1425,8.1604,297.9167,0.0,11.825,0.6013,2.66,12.9482,74.8074,Low
Sasihithlu_Beach,2028-01-26,1.0883,8.1167,297.5417,0.0,11.4708,0.6013,2.66,13.0189,74.7932,Low
Ullal_Beach,2028-01-26,1.19,8.125,298.9167,0.0,11.8458,0.7962,1.85,12.8153,74.8451,High
Panambur_Beach,2028-01-27,0.7925,7.0917,292.5417,0.0,11.8792,0.6012,2.66,12.9482,74.8074,Low
Sasihithlu_Beach,2028-01-27,0.7567,7.0729,291.9583,0.0,11.5042,0.6012,2.66,13.0189,74.7932,Low
Ullal_Beach,2028-01-27,0.8183,6.9833,293.875,0.0,11.7542,0.8012,1.85,12.8153,74.8451,High
Panambur_Beach,2028-01-28,0.7525,6.9229,289.625,0.0,12.3333,0.601,2.66,12.9482,74.8074,Low
Sasihithlu_Beach,2028-01-28,0.7158,7.0021,288.2917,0.0,12.275,0.601,2.66,13.0189,74.7932,Low
Ullal_Beach,2028-01-28,0.7758,6.6375,292.4167,0.0,11.625,0.8092,1.85,12.8153,74.8451,High
Panambur_Beach,2028-01-29,0.7717,7.1938,290.5417,0.0,11.7875,0.6008,2.66,12.9482,74.8074,Low
Sasihithlu_Beach,2028-01-29,0.7433,7.2625,289.4583,0.0,10.3958,0.6008,2.66,13.0189,74.7932,Low
Ullal_Beach,2028-01-29,0.7983,6.8667,292.9583,0.0,10.4708,0.8117,1.85,12.8153,74.8451,High
Panambur_Beach,2028-01-30,0.5633,8.2438,260.625,0.0,9.95,0.6007,2.66,12.9482,74.8074,Moderate
Sasihithlu_Beach,2028-01-30,0.5417,8.4292,259.75,0.0,8.5667,0.6007,2.66,13.0189,74.7932,Low
Ullal_Beach,2028-01-30,0.5842,7.8375,263.875,0.0,11.4917,0.8146,1.85,12.8153,74.8451,High
Panambur_Beach,2028-01-31,0.645,8.7062,246.6667,0.0,9.3708,0.6005,2.66,12.9482,74.8074,Moderate
Sasihithlu_Beach,2028-01-31,0.6242,8.7313,247.625,0.0,8.9833,0.6005,2.66,13.0189,74.7932,Low
Ullal_Beach,2028-01-31,0.6375,8.4521,248.1667,0.0,9.7542,0.8138,1.85,12.8153,74.8451,High
Panambur_Beach,2028-02-01,0.6467,8.3563,248.5833,0.0,7.425,0.6003,2.66,12.9482,74.8074,Moderate
Sasihithlu_Beach,2028-02-01,0.6225,8.3937,248.9167,0.1,7.4292,0.6003,2.66,13.0189,74.7932,Low
Ullal_Beach,2028-02-01,0.655,8.1208,250.2917,0.0,8.4833,0.8117,1.85,12.8153,74.8451,High
Panambur_Beach,2028-02-02,0.415,7.9312,235.2083,0.0,10.7333,0.6053,2.66,12.9482,74.8074,Moderate
Sasihithlu_Beach,2028-02-02,0.39,8.1063,231.75,0.0,9.3292,0.6053,2.66,13.0189,74.7932,Low
Ullal_Beach,2028-02-02,0.435,7.5917,240.5,0.0,11.1625,0.8083,1.85,12.8153,74.8451,High
Panambur_Beach,2028-02-03,0.6267,6.4979,280.0417,0.0,9.3333,0.6,2.66,12.9482,74.8074,Low
Sasihithlu_Beach,2028-02-03,0.5983,6.4688,279.7083,0.0,9.4875,0.6,2.66,13.0189,74.7932,Low
Ullal_Beach,2028-02-03,0.6392,6.3771,282.25,0.0,8.8708,0.8004,1.85,12.8153,74.8451,High
Panambur_Beach,2028-02-04,0.5575,7.2104,268.5417,0.0,9.2833,0.5952,2.66,12.9482,74.8074,Moderate
Sasihithlu_Beach,2028-02-04,0.5225,7.1604,268.0833,0.0,9.1583,0.5952,2.66,13.0189,74.7932,Low
Ullal_Beach,2028-02-04,0.5758,6.9812,271.125,0.0,9.4958,0.8096,1.85,12.8153,74.8451,High
Panambur_Beach,2028-02-05,0.5092,8.9604,249.5,9.8,6.0583,0.5899,2.66,12.9482,74.8074,Moderate
Sasihithlu_Beach,2028-02-05,0.4875,8.9729,249.875,6.8,6.45,0.5899,2.66,13.0189,74.7932,Low
Ullal_Beach,2028-02-05,0.5208,8.7292,251.0,8.3,5.8458,0.8004,1.85,12.8153,74.8451,High
Panambur_Beach,2028-02-06,0.6517,8.1063,224.5833,0.6,9.9292,0.5848,2.66,12.9482,74.8074,Moderate
Sasihithlu_Beach,2028-02-06,0.6183,8.0708,225.8333,1.0,9.475,0.5848,2.66,13.0189,74.7932,Low
Ullal_Beach,2028-02-06,0.6658,7.875,224.4167,0.6,10.6292,0.7971,1.85,12.8153,74.8451,High
Panambur_Beach,2028-02-07,1.5892,9.6437,251.0,6.5,7.5042,0.5795,2.66,12.9482,74.8074,Moderate
Sasihithlu_Beach,2028-02-07,1.5567,9.6688,250.75,8.4,7.3542,0.5795,2.66,13.0189,74.7932,Low
Ullal_Beach,2028-02-07,1.5683,9.4854,251.625,4.9,7.6375,0.79,1.85,12.8153,74.8451,High
Panambur_Beach,2028-02-08,2.9925,10.8125,265.7083,23.0,10.3708,0.5744,2.66,12.9482,74.8074,Moderate
Sasihithlu_Beach,2028-02-08,2.9375,10.8563,264.625,25.3,10.0542,0.5744,2.66,13.0189,74.7932,Moderate
Ullal_Beach,2028-02-08,2.9333,10.5812,267.375,19.0,9.175,0.7883,1.85,12.8153,74.8451,High
Panambur_Beach,2028-02-09,2.0642,7.2792,279.2917,32.9,17.275,0.5692,2.66,12.9482,74.8074,Moderate
Sasihithlu_Beach,2028-02-09,1.9933,7.3104,279.1667,29.8,16.6625,0.5692,2.66,13.0189,74.7932,Low
Ullal_Beach,2028-02-09,2.1175,7.2604,280.5833,34.0,17.375,0.785,1.85,12.8153,74.8451,High
Panambur_Beach,2028-02-10,1.1033,8.2021,248.0417,21.4,11.4167,0.5639,2.66,12.9482,74.8074,Moderate
Sasihithlu_Beach,2028-02-10,1.0708,8.2062,248.625,35.7,11.0208,0.5639,2.66,13.0189,74.7932,Low
Ullal_Beach,2028-02-10,1.1192,8.0625,247.3333,17.7,10.8667,0.7892,1.85,12.8153,74.8451,High
Panambur_Beach,2028-02-11,0.885,7.4896,239.0833,3.8,8.0917,0.5588,2.66,12.9482,74.8074,Moderate
Sasihithlu_Beach,2028-02-11,0.8483,7.5062,239.0,3.7,8.3125,0.5588,2.66,13.0189,74.7932,Low
Ullal_Beach,2028-02-11,0.8942,7.4021,239.125,9.6,7.5,0.7908,1.85,12.8153,74.8451,High
Panambur_Beach,2028-02-12,0.5233,11.0229,202.4167,12.9,6.2042,0.5535,2.66,12.9482,74.8074,Moderate
Sasihithlu_Beach,2028-02-12,0.4967,11.1604,202.5833,15.5,6.4875,0.5535,2.66,13.0189,74.7932,Low
Ullal_Beach,2028-02-12,0.5233,10.5333,201.8333,5.1,6.3583,0.7992,1.85,12.8153,74.8451,High
Panambur_Beach,2028-02-13,0.3833,10.4792,201.5,0.3,6.6042,0.5596,2.66,12.9482,74.8074,Moderate
Sasihithlu_Beach,2028-02-13,0.3633,10.5625,201.8333,0.2,6.1708,0.5596,2.66,13.0189,74.7932,Low
Ullal_Beach,2028-02-13,0.3883,10.25,201.1667,0.3,7.4833,0.5596,1.85,12.8153,74.8451,High
Panambur_Beach,2028-02-14,0.635,8.0104,277.3333,0.0,8.2042,0.5981,2.66,12.9482,74.8074,Low
Sasihithlu_Beach,2028-02-14,0.605,7.9646,276.7083,0.0,7.6042,0.5981,2.66,13.0189,74.7932,Low
Ullal_Beach,2028-02-14,0.66,7.8875,279.1667,0.0,8.7,0.8146,1.85,12.8153,74.8451,High
Panambur_Beach,2028-02-15,0.5775,8.1417,257.5417,0.0,8.2708,0.5979,2.66,12.9482,74.8074,Moderate
Sasihithlu_Beach,2028-02-15,0.5408,8.0854,257.2917,0.1,7.8792,0.5979,2.66,13.0189,74.7932,Low
Ullal_Beach,2028-02-15,0.59,7.9979,260.3333,0.0,8.3542,0.8138,1.85,12.8153,74.8451,High
Panambur_Beach,2028-02-16,0.6025,7.1083,287.6667,0.4,8.4208,0.5978,2.66,12.9482,74.8074,Low
Sasihithlu_Beach,2028-02-16,0.5792,7.0354,288.5,0.0,8.1667,0.5978,2.66,13.0189,74.7932,Low
Ullal_Beach,2028-02-16,0.6125,7.05,288.125,0.5,8.7042,0.8092,1.85,12.8153,74.8451,High
Panambur_Beach,2028-02-17,0.755,7.1854,299.9167,0.1,8.0125,0.5976,2.66,12.9482,74.8074,Low
Sasihithlu_Beach,2028-02-17,0.72,7.1896,299.4583,0.0,8.1625,0.5976,2.66,13.0189,74.7932,Low
Ullal_Beach,2028-02-17,0.7842,7.0729,301.7083,0.1,8.1083,0.805,1.85,12.8153,74.8451,High
Panambur_Beach,2028-02-18,0.7975,6.6125,299.375,0.1,9.45,0.5974,2.66,12.9482,74.8074,Low
Sasihithlu_Beach,2028-02-18,0.7617,6.6083,298.5833,0.2,9.0958,0.5974,2.66,13.0189,74.7932,Low
Ullal_Beach,2028-02-18,0.8258,6.4917,301.3333,0.3,9.2667,0.7992,1.85,12.8153,74.8451,High
Panambur_Beach,2028-02-19,0.7917,6.8521,293.0417,0.0,8.4542,0.5973,2.66,12.9482,74.8074,Low
Sasihithlu_Beach,2028-02-19,0.7642,6.8375,292.3333,0.0,8.2542,0.5973,2.66,13.0189,74.7932,Low
Ullal_Beach,2028-02-19,0.8083,6.6625,295.2917,0.0,8.6833,0.7929,1.85,12.8153,74.8451,High
Panambur_Beach,2028-02-20,0.7258,7.3312,281.6667,0.0,9.4375,0.5971,2.66,12.9482,74.8074,Low
Sasihithlu_Beach,2028-02-20,0.6942,7.375,280.4167,0.0,9.1458,0.5971,2.66,13.0189,74.7932,Low
Ullal_Beach,2028-02-20,0.7558,7.0583,284.625,0.0,9.1417,0.7883,1.85,12.8153,74.8451,High
Panambur_Beach,2028-02-21,0.6025,7.6375,262.125,0.0,9.1708,0.5969,2.66,12.9482,74.8074,Moderate
Sasihithlu_Beach,2028-02-21,0.5867,7.6146,262.4167,0.0,8.8125,0.5969,2.66,13.0189,74.7932,Low
Ullal_Beach,2028-02-21,0.6158,7.4458,263.375,0.0,9.7667,0.7867,1.85,12.8153,74.8451,High
Panambur_Beach,2028-02-22,0.5958,7.1729,274.7917,0.0,9.6792,0.5967,2.66,12.9482,74.8074,Low
Sasihithlu_Beach,2028-02-22,0.5658,7.125,275.75,0.0,9.2208,0.5967,2.66,13.0189,74.7932,Low
Ullal_Beach,2028-02-22,0.62,7.0604,275.3333,0.0,9.7583,0.7867,1.85,12.8153,74.8451,High
Panambur_Beach,2028-02-23,0.5817,6.0688,285.7083,0.0,9.5542,0.5966,2.66,12.9482,74.8074,Low
Sasihithlu_Beach,2028-02-23,0.5567,6.0354,285.625,0.0,9.5208,0.5966,2.66,13.0189,74.7932,Low
Ullal_Beach,2028-02-23,0.6133,5.9438,287.0417,0.0,9.0042,0.79,1.85,12.8153,74.8451,High
Panambur_Beach,2028-02-24,0.52,6.7917,263.1667,0.0,8.5458,0.5964,2.66,12.9482,74.8074,Moderate
Sasihithlu_Beach,2028-02-24,0.4933,6.675,264.6667,0.0,8.1833,0.5964,2.66,13.0189,74.7932,Low
Ullal_Beach,2028-02-24,0.5225,6.8562,262.8333,0.0,8.9625,0.7929,1.85,12.8153,74.8451,High
Panambur_Beach,2028-02-25,0.6083,7.4688,252.625,0.0,8.7042,0.5962,2.66,12.9482,74.8074,Moderate
Sasihithlu_Beach,2028-02-25,0.5783,7.4083,253.2083,0.0,8.2875,0.5962,2.66,13.0189,74.7932,Low
Ullal_Beach,2028-02-25,0.625,7.4042,253.1667,0.0,9.2167,0.7992,1.85,12.8153,74.8451,High
Panambur_Beach,2028-02-26,0.665,8.8979,237.2917,0.0,9.2792,0.5961,2.66,12.9482,74.8074,Moderate
Sasihithlu_Beach,2028-02-26,0.6325,8.8667,238.4583,0.0,9.2,0.5961,2.66,13.0189,74.7932,Low
Ullal_Beach,2028-02-26,0.6775,8.7792,236.5833,0.0,9.9917,0.8054,1.85,12.8153,74.8451,High
Panambur_Beach,2028-02-27,0.7475,8.8771,226.5833,0.0,9.7792,0.5959,2.66,12.9482,74.8074,Moderate
Sasihithlu_Beach,2028-02-27,0.7242,8.8375,227.625,0.0,9.2708,0.5959,2.66,13.0189,74.7932,Low
Ullal_Beach,2028-02-27,0.7525,8.8667,226.125,0.0,10.0542,0.8108,1.85,12.8153,74.8451,High
Panambur_Beach,2028-02-28,0.6267,8.0104,233.625,0.0,9.0167,0.5957,2.66,12.9482,74.8074,Moderate
Sasihithlu_Beach,2028-02-28,0.5958,8.0375,233.6667,0.3,8.55,0.5957,2.66,13.0189,74.7932,Low
Ullal_Beach,2028-02-28,0.6525,7.8271,234.5833,0.0,9.3208,0.8133,1.85,12.8153,74.8451,High
Panambur_Beach,2028-02-29,0.5925,7.1333,249.6667,0.0,8.925,0.5956,2.66,12.9482,74.8074,Moderate
Sasihithlu_Beach,2028-02-29,0.5633,7.1167,249.5,0.0,8.5417,0.5956,2.66,13.0189,74.7932,Low
Ullal_Beach,2028-02-29,0.61,6.9583,251.125,0.0,9.7042,0.8138,1.85,12.8153,74.8451,High
Panambur_Beach,2028-03-01,0.4183,7.5625,245.7083,0.0,9.3167,0.6051,2.66,12.9482,74.8074,Moderate
Sasihithlu_Beach,2028-03-01,0.3992,7.5292,244.5,0.0,8.8042,0.6051,2.66,13.0189,74.7932,Low
Ullal_Beach,2028-03-01,0.4325,7.4354,248.2083,0.0,9.4417,0.8029,1.85,12.8153,74.8451,High
Panambur_Beach,2028-03-02,0.6608,5.9229,298.2083,0.0,10.9625,0.5998,2.66,12.9482,74.8074,Low
Sasihithlu_Beach,2028-03-02,0.64,5.9208,297.0,0.0,10.6375,0.5998,2.66,13.0189,74.7932,Low
Ullal_Beach,2028-03-02,0.6733,5.7979,300.0833,0.0,10.4208,0.7954,1.85,12.8153,74.8451,High
Panambur_Beach,2028-03-03,0.5675,7.4521,254.9167,0.0,8.95,0.595,2.66,12.9482,74.8074,Moderate
Sasihithlu_Beach,2028-03-03,0.5392,7.3438,256.0,0.0,8.7708,0.595,2.66,13.0189,74.7932,Low
Ullal_Beach,2028-03-03,0.5892,7.3396,256.5417,0.0,10.3083,0.8033,1.85,12.8153,74.8451,High
Panambur_Beach,2028-03-04,0.4825,9.6125,221.9167,2.5,7.8417,0.5898,2.66,12.9482,74.8074,Moderate
Sasihithlu_Beach,2028-03-04,0.4625,9.6896,222.3333,5.0,7.3667,0.5898,2.66,13.0189,74.7932,Low
Ullal_Beach,2028-03-04,0.4858,9.2521,222.4583,1.6,7.975,0.795,1.85,12.8153,74.8451,High
Panambur_Beach,2028-03-05,0.81,6.9292,254.125,0.5,11.9125,0.5847,2.66,12.9482,74.8074,Moderate
Sasihithlu_Beach,2028-03-05,0.7708,6.95,254.3333,0.7,11.5792,0.5847,2.66,13.0189,74.7932,Low
Ullal_Beach,2028-03-05,0.8358,6.7396,255.1667,0.1,11.8375,0.7912,1.85,12.8153,74.8451,High
Panambur_Beach,2028-03-06,1.5117,9.325,254.4583,5.9,7.7667,0.5794,2.66,12.9482,74.8074,Moderate
Sasihithlu_Beach,2028-03-06,1.4833,9.3667,254.0833,7.6,7.5417,0.5794,2.66,13.0189,74.7932,Low
Ullal_Beach,2028-03-06,1.4733,9.1521,255.0833,3.7,7.425,0.7867,1.85,12.8153,74.8451,High
Panambur_Beach,2028-03-07,3.1375,11.0208,265.5,23.7,9.3958,0.5743,2.66,12.9482,74.8074,Moderate
Sasihithlu_Beach,2028-03-07,3.0808,11.0521,264.2083,42.7,9.0792,0.5743,2.66,13.0189,74.7932,Moderate
Ullal_Beach,2028-03-07,3.0867,10.8188,266.75,34.6,8.7958,0.7867,1.85,12.8153,74.8451,High
Panambur_Beach,2028-03-08,2.1408,8.2375,270.0417,20.5,13.8458,0.569,2.66,12.9482,74.8074,Moderate
Sasihithlu_Beach,2028-03-08,2.0817,8.2438,269.4167,26.8,13.6208,0.569,2.66,13.0189,74.7932,Low
Ullal_Beach,2028-03-08,2.1875,8.1354,270.9167,20.4,13.3667,0.7867,1.85,12.8153,74.8451,High
Panambur_Beach,2028-03-09,1.0442,7.8146,241.2917,0.6,9.75,0.5637,2.66,12.9482,74.8074,Moderate
Sasihithlu_Beach,2028-03-09,1.0133,7.8396,241.6667,0.6,9.4417,0.5637,2.66,13.0189,74.7932,Low
Ullal_Beach,2028-03-09,1.0533,7.6896,240.1667,0.5,10.0375,0.7925,1.85,12.8153,74.8451,High
Panambur_Beach,2028-03-10,0.9625,7.1812,262.3333,1.6,11.8333,0.5586,2.66,12.9482,74.8074,Moderate
Sasihithlu_Beach,2028-03-10,0.9392,7.2271,262.3333,2.0,11.35,0.5586,2.66,13.0189,74.7932,Low
Ullal_Beach,2028-03-10,0.9575,7.0458,262.9167,2.7,11.25,0.7962,1.85,12.8153,74.8451,High
Panambur_Beach,2028-03-11,0.5533,10.7562,202.0417,11.3,4.9917,0.5533,2.66,12.9482,74.8074,Moderate
Sasihithlu_Beach,2028-03-11,0.5183,10.8833,202.75,7.6,4.8208,0.5533,2.66,13.0189,74.7932,Low
Ullal_Beach,2028-03-11,0.5508,10.3646,201.4167,14.9,6.2292,0.8054,1.85,12.8153,74.8451,High
Panambur_Beach,2028-03-12,0.4133,9.0688,210.75,0.0,7.9958,0.5433,2.66,12.9482,74.8074,Moderate
Sasihithlu_Beach,2028-03-12,0.3908,9.0854,211.25,0.1,7.575,0.5433,2.66,13.0189,74.7932,Low
Ullal_Beach,2028-03-12,0.425,8.9375,209.75,0.2,8.5708,0.5433,1.85,12.8153,74.8451,High
Panambur_Beach,2028-03-13,0.59,8.1229,242.625,0.0,8.5042,0.5933,2.66,12.9482,74.8074,Moderate
Sasihithlu_Beach,2028-03-13,0.5567,8.0646,242.6667,0.0,8.1167,0.5933,2.66,13.0189,74.7932,Low
Ullal_Beach,2028-03-13,0.6008,7.9833,244.0833,0.0,8.9125,0.8112,1.85,12.8153,74.8451,High
Panambur_Beach,2028-03-14,0.47,7.2542,243.0,0.0,9.0667,0.5932,2.66,12.9482,74.8074,Moderate
Sasihithlu_Beach,2028-03-14,0.4475,7.2521,243.6667,0.0,8.6958,0.5932,2.66,13.0189,74.7932,Low
Ullal_Beach,2028-03-14,0.4717,7.1479,243.5,0.0,9.425,0.8146,1.85,12.8153,74.8451,High
Panambur_Beach,2028-03-15,0.5225,7.2625,237.5,0.0,8.4167,0.593,2.66,12.9482,74.8074,Moderate
Sasihithlu_Beach,2028-03-15,0.4975,7.2604,237.1667,0.0,8.0375,0.593,2.66,13.0189,74.7932,Low
Ullal_Beach,2028-03-15,0.53,7.0188,238.375,0.0,8.775,0.8138,1.85,12.8153,74.8451,High
Panambur_Beach,2028-03-16,0.5133,7.3042,232.9167,0.0,8.5667,0.5928,2.66,12.9482,74.8074,Moderate
Sasihithlu_Beach,2028-03-16,0.4867,7.2771,232.625,0.0,8.3083,0.5928,2.66,13.0189,74.7932,Low
Ullal_Beach,2028-03-16,0.5342,7.2125,233.0833,0.0,9.0125,0.8112,1.85,12.8153,74.8451,High
Panambur_Beach,2028-03-17,0.4983,7.0438,238.5,0.0,8.8625,0.5927,2.66,12.9482,74.8074,Moderate
Sasihithlu_Beach,2028-03-17,0.4725,6.9854,238.9583,0.0,8.6208,0.5927,2.66,13.0189,74.7932,Low
Ullal_Beach,2028-03-17,0.5125,7.025,238.4167,0.0,9.0167,0.8079,1.85,12.8153,74.8451,High
Panambur_Beach,2028-03-18,0.4533,7.2083,239.2083,0.9,7.6792,0.5925,2.66,12.9482,74.8074,Moderate
Sasihithlu_Beach,2028-03-18,0.4358,7.1188,240.2917,0.5,7.9125,0.5925,2.66,13.0189,74.7932,Low
Ullal_Beach,2028-03-18,0.4592,7.125,238.7917,0.4,8.0042,0.8021,1.85,12.8153,74.8451,High
Panambur_Beach,2028-03-19,0.4742,7.4833,248.5833,3.5,6.8417,0.5923,2.66,12.9482,74.8074,Moderate
Sasihithlu_Beach,2028-03-19,0.4617,7.45,248.9167,6.7,6.7333,0.5923,2.66,13.0189,74.7932,Low
Ullal_Beach,2028-03-19,0.4858,7.325,248.75,6.8,7.0875,0.7958,1.85,12.8153,74.8451,High
Panambur_Beach,2028-03-20,0.4492,7.2104,242.8333,2.9,7.3417,0.5921,2.66,12.9482,74.8074,Moderate
Sasihithlu_Beach,2028-03-20,0.4325,7.1562,243.6667,4.5,6.7167,0.5921,2.66,13.0189,74.7932,Low
Ullal_Beach,2028-03-20,0.4592,7.1333,243.0417,2.9,7.25,0.7904,1.85,12.8153,74.8451,High
Panambur_Beach,2028-03-21,0.5108,7.4646,243.1667,0.9,7.925,0.592,2.66,12.9482,74.8074,Moderate
Sasihithlu_Beach,2028-03-21,0.4808,7.4312,244.7917,1.8,7.3167,0.592,2.66,13.0189,74.7932,Low
Ullal_Beach,2028-03-21,0.5167,7.375,242.0417,3.5,7.9625,0.7871,1.85,12.8153,74.8451,High
Panambur_Beach,2028-03-22,0.6267,7.8521,267.25,1.7,6.125,0.5918,2.66,12.9482,74.8074,Moderate
Sasihithlu_Beach,2028-03-22,0.6017,7.8062,268.1667,2.4,5.6958,0.5918,2.66,13.0189,74.7932,Low
Ullal_Beach,2028-03-22,0.6408,7.8021,266.9583,2.0,6.7875,0.7854,1.85,12.8153,74.8451,High
Panambur_Beach,2028-03-23,0.6817,7.7375,280.375,2.0,6.075,0.5916,2.66,12.9482,74.8074,Low
Sasihithlu_Beach,2028-03-23,0.6583,7.7229,280.5,1.0,6.0208,0.5916,2.66,13.0189,74.7932,Low
Ullal_Beach,2028-03-23,0.7042,7.6854,280.375,3.8,5.5417,0.7867,1.85,12.8153,74.8451,High
Panambur_Beach,2028-03-24,0.6583,8.0312,267.2917,9.2,6.8833,0.5915,2.66,12.9482,74.8074,Moderate
Sasihithlu_Beach,2028-03-24,0.6383,8.0042,267.7917,7.6,6.825,0.5915,2.66,13.0189,74.7932,Low
Ullal_Beach,2028-03-24,0.6908,7.975,266.875,8.3,6.3625,0.79,1.85,12.8153,74.8451,High
Panambur_Beach,2028-03-25,0.5492,8.6667,244.4167,5.9,5.7292,0.5913,2.66,12.9482,74.8074,Moderate
Sasihithlu_Beach,2028-03-25,0.5267,8.7,244.5417,5.2,5.5917,0.5913,2.66,13.0189,74.7932,Low
Ullal_Beach,2028-03-25,0.5692,8.4292,244.75,2.3,6.2042,0.7962,1.85,12.8153,74.8451,High
Panambur_Beach,2028-03-26,0.555,10.1729,218.0,2.5,6.9208,0.5911,2.66,12.9482,74.8074,Moderate
Sasihithlu_Beach,2028-03-26,0.5283,10.25,219.0,2.3,6.7417,0.5911,2.66,13.0189,74.7932,Low
Ullal_Beach,2028-03-26,0.5708,9.8604,217.7083,2.0,6.8625,0.8025,1.85,12.8153,74.8451,High
Panambur_Beach,2028-03-27,0.6233,10.2333,214.9167,0.0,9.9542,0.591,2.66,12.9482,74.8074,Moderate
Sasihithlu_Beach,2028-03-27,0.5933,10.3104,215.875,0.2,9.7083,0.591,2.66,13.0189,74.7932,Low
Ullal_Beach,2028-03-27,0.6183,9.9229,214.6667,0.0,9.7458,0.8079,1.85,12.8153,74.8451,High
Panambur_Beach,2028-03-28,0.6917,8.2729,241.4167,0.0,11.4,0.5908,2.66,12.9482,74.8074,Moderate
Sasihithlu_Beach,2028-03-28,0.6683,8.3646,241.0417,0.0,10.775,0.5908,2.66,13.0189,74.7932,Low
Ullal_Beach,2028-03-28,0.6933,7.8875,242.75,0.0,11.0792,0.8104,1.85,12.8153,74.8451,High
Panambur_Beach,2028-03-29,0.7033,8.2562,240.7083,1.4,6.6458,0.5906,2.66,12.9482,74.8074,Moderate
Sasihithlu_Beach,2028-03-29,0.6783,8.2625,241.0,1.6,6.425,0.5906,2.66,13.0189,74.7932,Low
Ullal_Beach,2028-03-29,0.7058,8.0146,241.4583,1.7,6.5875,0.8142,1.85,12.8153,74.8451,High
Panambur_Beach,2028-03-30,0.6075,8.8292,226.0417,0.1,8.4417,0.5904,2.66,12.9482,74.8074,Moderate
Sasihithlu_Beach,2028-03-30,0.58,8.825,226.6667,0.1,8.2875,0.5904,2.66,13.0189,74.7932,Low
Ullal_Beach,2028-03-30,0.6083,8.6542,225.9583,1.4,8.4292,0.8146,1.85,12.8153,74.8451,High
Panambur_Beach,2028-03-31,0.5475,9.1896,219.9583,0.5,7.7375,0.5903,2.66,12.9482,74.8074,Moderate
Sasihithlu_Beach,2028-03-31,0.525,9.1604,221.2083,0.5,7.5083,0.5903,2.66,13.0189,74.7932,Low
Ullal_Beach,2028-03-31,0.5425,9.0438,220.0,0.3,8.1,0.8121,1.85,12.8153,74.8451,High
Panambur_Beach,2028-04-01,0.4492,6.9479,258.7083,0.0,9.1667,0.6049,2.66,12.9482,74.8074,Moderate
Sasihithlu_Beach,2028-04-01,0.42,6.9208,258.8333,0.0,8.3667,0.6049,2.66,13.0189,74.7932,Low
Ullal_Beach,2028-04-01,0.4683,6.8938,259.9583,0.0,10.5708,0.7971,1.85,12.8153,74.8451,High
Panambur_Beach,2028-04-02,0.455,7.1375,269.5417,0.0,10.3083,0.5996,2.66,12.9482,74.8074,Low
Sasihithlu_Beach,2028-04-02,0.4367,7.1812,269.0833,0.0,9.9125,0.5996,2.66,13.0189,74.7932,Low
Ullal_Beach,2028-04-02,0.4775,6.8042,271.75,0.0,10.075,0.7904,1.85,12.8153,74.8451,High
Panambur_Beach,2028-04-03,0.6042,7.4042,265.7083,0.0,8.9583,0.5949,2.66,12.9482,74.8074,Moderate
Sasihithlu_Beach,2028-04-03,0.5867,7.2562,267.75,0.0,9.1583,0.5949,2.66,13.0189,74.7932,Low
Ullal_Beach,2028-04-03,0.6167,7.3167,265.8333,0.0,9.6417,0.7967,1.85,12.8153,74.8451,High
Panambur_Beach,2028-04-04,0.5083,10.0604,223.5,2.3,6.9208,0.5896,2.66,12.9482,74.8074,Moderate
Sasihithlu_Beach,2028-04-04,0.4967,10.0938,224.2083,2.4,6.9042,0.5896,2.66,13.0189,74.7932,Low
Ullal_Beach,2028-04-04,0.5033,9.7146,223.4167,1.7,6.8542,0.79,1.85,12.8153,74.8451,High
Panambur_Beach,2028-04-05,0.8617,7.4625,263.9583,15.5,9.9,0.5845,2.66,12.9482,74.8074,Moderate
Sasihithlu_Beach,2028-04-05,0.8283,7.4875,263.6667,11.9,9.8125,0.5845,2.66,13.0189,74.7932,Low
Ullal_Beach,2028-04-05,0.875,7.1688,266.2917,13.9,9.5708,0.7879,1.85,12.8153,74.8451,High
Panambur_Beach,2028-04-06,1.4792,9.1542,255.4167,0.0,8.4833,0.5792,2.66,12.9482,74.8074,Moderate
Sasihithlu_Beach,2028-04-06,1.4542,9.1604,255.4167,0.0,8.4333,0.5792,2.66,13.0189,74.7932,Low
Ullal_Beach,2028-04-06,1.4425,8.9979,255.6667,0.0,8.1833,0.7867,1.85,12.8153,74.8451,High
Panambur_Beach,2028-04-07,3.5125,10.2146,264.4167,85.4,15.25,0.5741,2.66,12.9482,74.8074,High
Sasihithlu_Beach,2028-04-07,3.4025,10.1812,263.7917,94.2,14.8208,0.5741,2.66,13.0189,74.7932,Moderate
Ullal_Beach,2028-04-07,3.5375,10.1896,265.4167,73.4,15.15,0.7854,1.85,12.8153,74.8451,High
Panambur_Beach,2028-04-08,2.3117,8.5667,264.8333,45.7,12.1708,0.5688,2.66,12.9482,74.8074,Moderate
Sasihithlu_Beach,2028-04-08,2.2325,8.5938,263.875,51.8,11.5417,0.5688,2.66,13.0189,74.7932,Low
Ullal_Beach,2028-04-08,2.3667,8.4583,265.625,46.7,11.8292,0.7904,1.85,12.8153,74.8451,High
Panambur_Beach,2028-04-09,0.9992,8.2542,244.0833,2.5,7.3625,0.5635,2.66,12.9482,74.8074,Moderate
Sasihithlu_Beach,2028-04-09,0.9675,8.2771,244.4583,1.6,7.0833,0.5635,2.66,13.0189,74.7932,Low
Ullal_Beach,2028-04-09,1.0083,8.1708,243.5417,0.8,7.15,0.7988,1.85,12.8153,74.8451,High
Panambur_Beach,2028-04-10,0.9883,6.9938,269.375,2.5,12.9167,0.5584,2.66,12.9482,74.8074,Low
Sasihithlu_Beach,2028-04-10,0.9533,7.0833,267.9583,2.3,12.5958,0.5584,2.66,13.0189,74.7932,Low
Ullal_Beach,2028-04-10,0.9992,6.7208,271.4583,1.8,12.8708,0.8021,1.85,12.8153,74.8451,High
Panambur_Beach,2028-04-11,0.5658,10.0396,198.4583,16.9,4.9583,0.5532,2.66,12.9482,74.8074,Moderate
Sasihithlu_Beach,2028-04-11,0.5375,10.0958,199.25,26.9,4.9792,0.5532,2.66,13.0189,74.7932,Low
Ullal_Beach,2028-04-11,0.5833,9.8479,197.125,3.2,5.2375,0.8096,1.85,12.8153,74.8451,High
Panambur_Beach,2028-04-12,0.4058,8.9292,207.5417,1.5,6.7167,0.5242,2.66,12.9482,74.8074,Moderate
Sasihithlu_Beach,2028-04-12,0.3883,8.9333,208.875,0.7,6.4167,0.5242,2.66,13.0189,74.7932,Low
Ullal_Beach,2028-04-12,0.4142,8.7604,207.1667,0.2,7.0208,0.5242,1.85,12.8153,74.8451,High
Panambur_Beach,2028-04-13,0.4658,9.3792,204.7083,10.4,6.3625,0.5881,2.66,12.9482,74.8074,Moderate
Sasihithlu_Beach,2028-04-13,0.4508,9.2146,207.75,13.0,5.9458,0.5881,2.66,13.0189,74.7932,Low
Ullal_Beach,2028-04-13,0.4542,9.8354,203.0417,4.5,5.6,0.8146,1.85,12.8153,74.8451,High
Panambur_Beach,2028-04-14,0.5408,9.7625,194.7917,7.0,6.3042,0.5879,2.66,12.9482,74.8074,Moderate
Sasihithlu_Beach,2028-04-14,0.5117,9.8438,197.2083,8.1,6.35,0.5879,2.66,13.0189,74.7932,Low
Ullal_Beach,2028-04-14,0.5617,9.4396,192.2917,4.8,6.4375,0.8129,1.85,12.8153,74.8451,High
Panambur_Beach,2028-04-15,0.615,9.8708,193.625,1.5,7.475,0.5877,2.66,12.9482,74.8074,Moderate
Sasihithlu_Beach,2028-04-15,0.5675,9.9229,194.625,1.4,7.5583,0.5877,2.66,13.0189,74.7932,Moderate
Ullal_Beach,2028-04-15,0.635,9.7229,191.9583,1.6,6.8375,0.8096,1.85,12.8153,74.8451,High
Panambur_Beach,2028-04-16,0.58,9.4479,201.8333,14.8,6.1,0.5876,2.66,12.9482,74.8074,Moderate
Sasihithlu_Beach,2028-04-16,0.545,9.4979,202.7083,14.2,5.8833,0.5876,2.66,13.0189,74.7932,Low
Ullal_Beach,2028-04-16,0.585,9.2375,200.4583,7.6,6.7,0.8054,1.85,12.8153,74.8451,High
Panambur_Beach,2028-04-17,0.5658,9.8375,201.7083,20.0,7.9083,0.5874,2.66,12.9482,74.8074,Moderate
Sasihithlu_Beach,2028-04-17,0.5283,9.9312,202.2917,20.3,8.2583,0.5874,2.66,13.0189,74.7932,Low
Ullal_Beach,2028-04-17,0.5692,9.5646,200.9167,16.4,7.5625,0.7996,1.85,12.8153,74.8451,High
Panambur_Beach,2028-04-18,0.615,9.4062,205.9167,3.2,6.9542,0.5872,2.66,12.9482,74.8074,Moderate
Sasihithlu_Beach,2028-04-18,0.5817,9.3896,206.4583,2.1,6.8125,0.5872,2.66,13.0189,74.7932,Low
Ullal_Beach,2028-04-18,0.6192,9.3167,204.8333,9.7,6.7333,0.7942,1.85,12.8153,74.8451,High
Panambur_Beach,2028-04-19,0.695,7.8604,239.5,3.7,11.9917,0.587,2.66,12.9482,74.8074,Moderate
Sasihithlu_Beach,2028-04-19,0.6608,7.8688,240.2917,4.1,11.5958,0.587,2.66,13.0189,74.7932,Low
Ullal_Beach,2028-04-19,0.7008,7.6646,240.2083,3.5,11.7708,0.7887,1.85,12.8153,74.8451,High
Panambur_Beach,2028-04-20,0.7367,8.0125,244.5833,0.0,9.1042,0.5869,2.66,12.9482,74.8074,Moderate
Sasihithlu_Beach,2028-04-20,0.7017,7.9417,245.625,0.0,9.025,0.5869,2.66,13.0189,74.7932,Low
Ullal_Beach,2028-04-20,0.7533,7.9146,244.9583,0.0,9.0,0.7854,1.85,12.8153,74.8451,High
Panambur_Beach,2028-04-21,0.7192,7.6604,241.0,0.0,7.4917,0.5867,2.66,12.9482,74.8074,Moderate
Sasihithlu_Beach,2028-04-21,0.6892,7.5438,243.4167,0.0,7.4458,0.5867,2.66,13.0189,74.7932,Low
Ullal_Beach,2028-04-21,0.7392,7.6604,239.4583,0.0,7.3583,0.7858,1.85,12.8153,74.8451,High
Panambur_Beach,2028-04-22,0.6758,7.7417,245.3333,0.2,7.8792,0.5865,2.66,12.9482,74.8074,Moderate
Sasihithlu_Beach,2028-04-22,0.6392,7.6312,247.2083,0.0,7.9917,0.5865,2.66,13.0189,74.7932,Low
Ullal_Beach,2028-04-22,0.6942,7.7542,244.375,0.6,7.7,0.7887,1.85,12.8153,74.8451,High
Panambur_Beach,2028-04-23,0.6717,7.9438,225.0833,9.3,10.3917,0.5864,2.66,12.9482,74.8074,Moderate
Sasihithlu_Beach,2028-04-23,0.6375,7.8688,226.1667,4.1,10.375,0.5864,2.66,13.0189,74.7932,Low
Ullal_Beach,2028-04-23,0.6933,7.8812,224.625,9.0,10.7167,0.7925,1.85,12.8153,74.8451,High
Panambur_Beach,2028-04-24,0.58,9.1083,216.9167,1.3,7.125,0.5862,2.66,12.9482,74.8074,Moderate
Sasihithlu_Beach,2028-04-24,0.5483,9.1729,218.0833,2.1,7.1458,0.5862,2.66,13.0189,74.7932,Low
Ullal_Beach,2028-04-24,0.5933,8.8,216.1667,0.4,7.0208,0.7988,1.85,12.8153,74.8451,High
Panambur_Beach,2028-04-25,0.5275,9.9542,207.75,3.0,6.65,0.586,2.66,12.9482,74.8074,Moderate
Sasihithlu_Beach,2028-04-25,0.505,10.0562,209.2083,7.8,6.5833,0.586,2.66,13.0189,74.7932,Low
Ullal_Beach,2028-04-25,0.5325,9.5875,206.625,1.2,6.525,0.8038,1.85,12.8153,74.8451,High
Panambur_Beach,2028-04-26,0.5317,9.6271,217.3333,4.5,7.9958,0.5858,2.66,12.9482,74.8074,Moderate
Sasihithlu_Beach,2028-04-26,0.5183,9.6542,218.875,7.9,7.9208,0.5858,2.66,13.0189,74.7932,Low
Ullal_Beach,2028-04-26,0.5267,9.375,216.2917,13.5,8.5333,0.81,1.85,12.8153,74.8451,High
Panambur_Beach,2028-04-27,0.5833,10.9229,205.5833,0.0,7.4167,0.5857,2.66,12.9482,74.8074,Moderate
Sasihithlu_Beach,2028-04-27,0.5592,10.9417,206.4583,0.0,7.3333,0.5857,2.66,13.0189,74.7932,Low
Ullal_Beach,2028-04-27,0.5858,10.7625,204.875,0.0,7.625,0.8133,1.85,12.8153,74.8451,High
Panambur_Beach,2028-04-28,0.6792,10.7458,206.125,6.6,8.1542,0.5855,2.66,12.9482,74.8074,Moderate
Sasihithlu_Beach,2028-04-28,0.6467,10.7292,206.9583,7.1,7.8583,0.5855,2.66,13.0189,74.7932,Low
Ullal_Beach,2028-04-28,0.6742,10.6125,205.125,2.3,8.1333,0.8142,1.85,12.8153,74.8451,High
Panambur_Beach,2028-04-29,0.72,9.9708,203.8333,2.2,10.3125,0.5853,2.66,12.9482,74.8074,Moderate
Sasihithlu_Beach,2028-04-29,0.6842,9.9583,204.7083,1.7,10.1125,0.5853,2.66,13.0189,74.7932,Low
Ullal_Beach,2028-04-29,0.7483,9.8271,202.9583,1.6,10.2792,0.8133,1.85,12.8153,74.8451,High
Panambur_Beach,2028-04-30,0.7825,9.7583,199.1667,19.2,10.0833,0.5852,2.66,12.9482,74.8074,Moderate
Sasihithlu_Beach,2028-04-30,0.735,9.7792,199.625,12.7,9.4542,0.5852,2.66,13.0189,74.7932,Moderate
Ullal_Beach,2028-04-30,0.805,9.625,198.375,14.2,10.45,0.8092,1.85,12.8153,74.8451,High
Panambur_Beach,2028-05-01,0.4325,8.6708,220.125,0.0,8.5458,0.6048,2.66,12.9482,74.8074,Moderate
Sasihithlu_Beach,2028-05-01,0.4083,8.7,219.625,0.0,8.1333,0.6048,2.66,13.0189,74.7932,Low
Ullal_Beach,2028-05-01,0.4442,8.4271,221.125,0.0,8.7417,0.7921,1.85,12.8153,74.8451,High
Panambur_Beach,2028-05-02,0.4375,9.0417,249.6667,0.0,9.2667,0.5995,2.66,12.9482,74.8074,Moderate
Sasihithlu_Beach,2028-05-02,0.4183,9.1042,250.3333,0.0,9.0333,0.5995,2.66,13.0189,74.7932,Low
Ullal_Beach,2028-05-02,0.4408,8.6604,250.0417,0.0,9.1042,0.7871,1.85,12.8153,74.8451,High
Panambur_Beach,2028-05-03,0.6958,6.9938,272.2083,0.0,9.7667,0.5947,2.66,12.9482,74.8074,Low
Sasihithlu_Beach,2028-05-03,0.6625,6.9583,273.5,0.0,8.9583,0.5947,2.66,13.0189,74.7932,Low
Ullal_Beach,2028-05-03,0.7183,6.8833,271.7083,0.0,10.4375,0.7912,1.85,12.8153,74.8451,High
Panambur_Beach,2028-05-04,0.5867,11.4104,211.125,3.8,7.1625,0.5894,2.66,12.9482,74.8074,Moderate
Sasihithlu_Beach,2028-05-04,0.5617,11.4958,211.0,2.3,6.7417,0.5894,2.66,13.0189,74.7932,Low
Ullal_Beach,2028-05-04,0.5767,11.0312,210.6667,3.4,7.6125,0.7871,1.85,12.8153,74.8451,High
Panambur_Beach,2028-05-05,0.9275,8.2229,260.2917,16.2,9.775,0.5843,2.66,12.9482,74.8074,Moderate
Sasihithlu_Beach,2028-05-05,0.895,8.3333,258.75,6.9,10.1625,0.5843,2.66,13.0189,74.7932,Low
Ullal_Beach,2028-05-05,0.95,7.75,264.375,11.7,9.1542,0.785,1.85,12.8153,74.8451,High
Panambur_Beach,2028-05-06,1.3742,8.975,257.7917,3.1,7.8833,0.579,2.66,12.9482,74.8074,Moderate
Sasihithlu_Beach,2028-05-06,1.3525,8.975,257.6667,3.3,7.8,0.579,2.66,13.0189,74.7932,Low
Ullal_Beach,2028-05-06,1.3617,8.8875,258.0417,4.2,6.85,0.7858,1.85,12.8153,74.8451,High
Panambur_Beach,2028-05-07,3.9375,10.9375,267.875,87.0,14.6667,0.5739,2.66,12.9482,74.8074,High
Sasihithlu_Beach,2028-05-07,3.845,10.9458,267.0,91.2,14.2375,0.5739,2.66,13.0189,74.7932,Moderate
Ullal_Beach,2028-05-07,3.915,10.8604,268.875,70.8,14.2125,0.7887,1.85,12.8153,74.8451,High
Panambur_Beach,2028-05-08,3.0158,8.7375,259.4167,84.0,21.5583,0.5686,2.66,12.9482,74.8074,Moderate
Sasihithlu_Beach,2028-05-08,2.9333,8.7479,258.7917,94.2,20.8292,0.5686,2.66,13.0189,74.7932,Moderate
Ullal_Beach,2028-05-08,3.05,8.6938,260.0,43.6,20.875,0.7967,1.85,12.8153,74.8451,High
Panambur_Beach,2028-05-09,1.4033,8.2375,256.4583,26.5,12.7333,0.5634,2.66,12.9482,74.8074,Moderate
Sasihithlu_Beach,2028-05-09,1.3692,8.2583,256.5,19.8,12.5,0.5634,2.66,13.0189,74.7932,Low
Ullal_Beach,2028-05-09,1.4075,8.1104,257.1667,14.9,12.4708,0.805,1.85,12.8153,74.8451,High
Panambur_Beach,2028-05-10,1.0125,7.0896,271.0833,3.5,11.95,0.5583,2.66,12.9482,74.8074,Low
Sasihithlu_Beach,2028-05-10,0.9933,7.1312,270.2917,6.8,11.375,0.5583,2.66,13.0189,74.7932,Low
Ullal_Beach,2028-05-10,1.0217,6.9188,272.6667,1.0,11.625,0.8083,1.85,12.8153,74.8451,High
Panambur_Beach,2028-05-11,0.5458,10.0729,196.5,0.2,5.3542,0.553,2.66,12.9482,74.8074,Moderate
Sasihithlu_Beach,2028-05-11,0.5217,10.1292,197.2083,0.3,5.0083,0.553,2.66,13.0189,74.7932,Low
Ullal_Beach,2028-05-11,0.5583,9.8792,194.75,0.5,4.9708,0.8142,1.85,12.8153,74.8451,High
Panambur_Beach,2028-05-12,0.3667,8.7667,208.8333,0.0,8.65,0.4908,2.66,12.9482,74.8074,Moderate
Sasihithlu_Beach,2028-05-12,0.3517,8.6938,210.9583,0.2,8.275,0.4908,2.66,13.0189,74.7932,Low
Ullal_Beach,2028-05-12,0.3692,8.6729,207.375,0.5,8.9875,0.4908,1.85,12.8153,74.8451,High
Panambur_Beach,2028-05-13,1.1867,6.7458,258.25,8.4,7.2417,0.583,2.66,12.9482,74.8074,Moderate
Sasihithlu_Beach,2028-05-13,1.1408,6.6958,258.4167,9.5,7.4708,0.583,2.66,13.0189,74.7932,Low
Ullal_Beach,2028-05-13,1.2058,6.7333,258.1667,11.4,6.4667,0.8129,1.85,12.8153,74.8451,High
Panambur_Beach,2028-05-14,1.04,6.9188,246.5,23.6,6.3917,0.5828,2.66,12.9482,74.8074,Moderate
Sasihithlu_Beach,2028-05-14,1.0042,6.8438,247.7083,21.9,6.775,0.5828,2.66,13.0189,74.7932,Low
Ullal_Beach,2028-05-14,1.0592,6.9312,245.5833,16.6,5.6417,0.8108,1.85,12.8153,74.8451,High
Panambur_Beach,2028-05-15,1.4217,6.7062,258.375,2.7,10.275,0.5826,2.66,12.9482,74.8074,Moderate
Sasihithlu_Beach,2028-05-15,1.3517,6.6521,258.4167,3.6,10.0125,0.5826,2.66,13.0189,74.7932,Low
Ullal_Beach,2028-05-15,1.4725,6.725,258.625,2.1,9.4875,0.8075,1.85,12.8153,74.8451,High
Panambur_Beach,2028-05-16,1.4792,7.4062,254.0,25.2,8.7,0.5824,2.66,12.9482,74.8074,Moderate
Sasihithlu_Beach,2028-05-16,1.4267,7.3938,254.2083,39.9,8.6792,0.5824,2.66,13.0189,74.7932,Low
Ullal_Beach,2028-05-16,1.5033,7.375,254.5,27.1,8.025,0.8025,1.85,12.8153,74.8451,High
Panambur_Beach,2028-05-17,1.4175,7.7688,254.7917,44.7,10.2875,0.5823,2.66,12.9482,74.8074,Moderate
Sasihithlu_Beach,2028-05-17,1.3692,7.7854,254.2917,42.5,9.7625,0.5823,2.66,13.0189,74.7932,Low
Ullal_Beach,2028-05-17,1.4367,7.6854,255.2083,42.8,10.5083,0.795,1.85,12.8153,74.8451,High
Panambur_Beach,2028-05-18,1.5725,7.6146,263.9583,67.6,12.9458,0.5821,2.66,12.9482,74.8074,Moderate
Sasihithlu_Beach,2028-05-18,1.5283,7.6208,264.0,69.9,12.7875,0.5821,2.66,13.0189,74.7932,Low
Ullal_Beach,2028-05-18,1.5883,7.5833,264.5,82.8,11.3042,0.7908,1.85,12.8153,74.8451,High
Panambur_Beach,2028-05-19,1.5542,7.15,265.0417,207.6,13.975,0.5819,2.66,12.9482,74.8074,Moderate
Sasihithlu_Beach,2028-05-19,1.5308,7.175,265.5417,160.4,15.475,0.5819,2.66,13.0189,74.7932,Low
Ullal_Beach,2028-05-19,1.535,7.0917,265.25,265.5,10.325,0.7875,1.85,12.8153,74.8451,High
Panambur_Beach,2028-05-20,1.42,8.0083,248.2917,10.5,9.6625,0.5818,2.66,12.9482,74.8074,Moderate
Sasihithlu_Beach,2028-05-20,1.3775,8.0875,248.5417,9.9,9.8542,0.5818,2.66,13.0189,74.7932,Low
Ullal_Beach,2028-05-20,1.4217,7.8458,248.0,11.2,9.6917,0.7858,1.85,12.8153,74.8451,High
Panambur_Beach,2028-05-21,1.2308,8.475,248.4167,1.4,7.1792,0.5816,2.66,12.9482,74.8074,Moderate
Sasihithlu_Beach,2028-05-21,1.1925,8.5167,248.2917,1.3,7.1208,0.5816,2.66,13.0189,74.7932,Low
Ullal_Beach,2028-05-21,1.2283,8.3583,248.5,1.4,6.9625,0.7879,1.85,12.8153,74.8451,High
Panambur_Beach,2028-05-22,1.1767,8.0333,245.75,20.3,5.2708,0.5814,2.66,12.9482,74.8074,Moderate
Sasihithlu_Beach,2028-05-22,1.155,8.0667,245.625,20.4,5.7542,0.5814,2.66,13.0189,74.7932,Low
Ullal_Beach,2028-05-22,1.1767,7.8667,246.125,31.7,5.0375,0.79,1.85,12.8153,74.8451,High
Panambur_Beach,2028-05-23,1.2942,7.6833,251.3333,5.6,6.9083,0.5813,2.66,12.9482,74.8074,Moderate
Sasihithlu_Beach,2028-05-23,1.2608,7.6854,250.9583,5.4,6.7417,0.5813,2.66,13.0189,74.7932,Low
Ullal_Beach,2028-05-23,1.2958,7.5917,251.9583,8.5,7.0958,0.7958,1.85,12.8153,74.8451,High
Panambur_Beach,2028-05-24,1.3325,7.7833,261.5,4.0,6.3875,0.5811,2.66,12.9482,74.8074,Moderate
Sasihithlu_Beach,2028-05-24,1.31,7.7958,261.25,5.9,6.5083,0.5811,2.66,13.0189,74.7932,Low
Ullal_Beach,2028-05-24,1.3308,7.7271,262.0,5.1,6.7167,0.8012,1.85,12.8153,74.8451,High
Panambur_Beach,2028-05-25,1.3258,8.1646,264.5417,0.7,6.6875,0.5809,2.66,12.9482,74.8074,Moderate
Sasihithlu_Beach,2028-05-25,1.2967,8.1417,264.2917,1.9,6.8,0.5809,2.66,13.0189,74.7932,Low
Ullal_Beach,2028-05-25,1.3308,8.1375,264.8333,2.2,6.7042,0.8075,1.85,12.8153,74.8451,High
Panambur_Beach,2028-05-26,1.1633,8.4167,257.875,2.6,7.2458,0.5807,2.66,12.9482,74.8074,Moderate
Sasihithlu_Beach,2028-05-26,1.14,8.375,258.0833,2.5,7.375,0.5807,2.66,13.0189,74.7932,Low
Ullal_Beach,2028-05-26,1.1758,8.4354,257.875,6.2,6.6875,0.8108,1.85,12.8153,74.8451,High
Panambur_Beach,2028-05-27,1.0692,8.7729,248.2083,2.8,6.6208,0.5806,2.66,12.9482,74.8074,Moderate
Sasihithlu_Beach,2028-05-27,1.0442,8.7229,249.0,2.1,6.7417,0.5806,2.66,13.0189,74.7932,Low
Ullal_Beach,2028-05-27,1.0767,8.7667,247.375,3.0,7.1083,0.8142,1.85,12.8153,74.8451,High
Panambur_Beach,2028-05-28,0.9617,8.6417,246.2083,4.8,5.7833,0.5804,2.66,12.9482,74.8074,Moderate
Sasihithlu_Beach,2028-05-28,0.9342,8.5938,246.7917,7.3,5.4625,0.5804,2.66,13.0189,74.7932,Low
Ullal_Beach,2028-05-28,0.9683,8.625,245.4167,3.9,5.4542,0.8129,1.85,12.8153,74.8451,High
Panambur_Beach,2028-05-29,0.9425,8.7354,245.875,1.5,6.4292,0.5802,2.66,12.9482,74.8074,Moderate
Sasihithlu_Beach,2028-05-29,0.92,8.7333,246.0417,1.4,6.1167,0.5802,2.66,13.0189,74.7932,Low
Ullal_Beach,2028-05-29,0.9433,8.6167,245.875,0.8,6.6917,0.8108,1.85,12.8153,74.8451,High
Panambur_Beach,2028-05-30,0.955,8.4312,249.3333,1.4,7.7,0.5801,2.66,12.9482,74.8074,Moderate
Sasihithlu_Beach,2028-05-30,0.9308,8.4312,249.4583,1.0,7.5083,0.5801,2.66,13.0189,74.7932,Low
Ullal_Beach,2028-05-30,0.9525,8.3438,249.2083,1.5,7.275,0.8062,1.85,12.8153,74.8451,High
Panambur_Beach,2028-05-31,1.0142,8.5396,251.9167,8.6,6.7083,0.5799,2.66,12.9482,74.8074,Moderate
Sasihithlu_Beach,2028-05-31,0.9883,8.5292,252.0417,5.7,6.7333,0.5799,2.66,13.0189,74.7932,Low
Ullal_Beach,2028-05-31,1.0142,8.4271,251.9167,4.8,6.0833,0.8004,1.85,12.8153,74.8451,High
Panambur_Beach,2028-06-01,0.4033,8.3521,223.3333,0.0,7.4583,0.6046,2.66,12.9482,74.8074,Moderate
Sasihithlu_Beach,2028-06-01,0.3817,8.4333,222.0833,0.0,7.1458,0.6046,2.66,13.0189,74.7932,Low
Ullal_Beach,2028-06-01,0.4183,8.0396,225.1667,0.0,8.3042,0.7871,1.85,12.8153,74.8451,High
Panambur_Beach,2028-06-02,0.59,7.3854,289.8333,0.0,9.275,0.5993,2.66,12.9482,74.8074,Low
Sasihithlu_Beach,2028-06-02,0.5675,7.4271,288.625,0.2,9.075,0.5993,2.66,13.0189,74.7932,Low
Ullal_Beach,2028-06-02,0.6042,7.1583,292.25,0.1,9.5792,0.7867,1.85,12.8153,74.8451,High
Panambur_Beach,2028-06-03,0.6075,8.1375,242.5833,0.0,8.5125,0.5945,2.66,12.9482,74.8074,Moderate
Sasihithlu_Beach,2028-06-03,0.5808,8.0667,242.9167,0.0,8.025,0.5945,2.66,13.0189,74.7932,Low
Ullal_Beach,2028-06-03,0.635,8.1,244.6667,0.0,9.15,0.7883,1.85,12.8153,74.8451,High
Panambur_Beach,2028-06-04,0.6883,11.1562,203.3333,6.3,8.4,0.5893,2.66,12.9482,74.8074,Moderate
Sasihithlu_Beach,2028-06-04,0.6617,11.1688,203.5833,5.7,8.0,0.5893,2.66,13.0189,74.7932,Moderate
Ullal_Beach,2028-06-04,0.6833,10.9688,202.2083,6.6,8.35,0.7862,1.85,12.8153,74.8451,High
Panambur_Beach,2028-06-05,0.9042,7.6917,263.5,6.1,7.575,0.5841,2.66,12.9482,74.8074,Moderate
Sasihithlu_Beach,2028-06-05,0.87,7.7,262.7917,8.9,6.8292,0.5841,2.66,13.0189,74.7932,Low
Ullal_Beach,2028-06-05,0.9192,7.4688,265.0417,7.9,8.1208,0.7867,1.85,12.8153,74.8451,High
Panambur_Beach,2028-06-06,1.3267,9.1542,259.7083,11.3,7.6542,0.5789,2.66,12.9482,74.8074,Moderate
Sasihithlu_Beach,2028-06-06,1.3033,9.1792,259.3333,8.5,7.6042,0.5789,2.66,13.0189,74.7932,Low
Ullal_Beach,2028-06-06,1.3075,9.0146,259.9583,14.9,7.225,0.7912,1.85,12.8153,74.8451,High
Panambur_Beach,2028-06-07,3.7217,10.7438,269.125,39.0,11.1375,0.5738,2.66,12.9482,74.8074,High
Sasihithlu_Beach,2028-06-07,3.6367,10.7521,268.125,39.8,10.825,0.5738,2.66,13.0189,74.7932,Moderate
Ullal_Beach,2028-06-07,3.7042,10.6625,270.125,39.4,11.4875,0.7929,1.85,12.8153,74.8451,High
Panambur_Beach,2028-06-08,3.215,9.0792,264.125,73.2,20.6125,0.5685,2.66,12.9482,74.8074,Moderate
Sasihithlu_Beach,2028-06-08,3.14,9.0854,263.375,75.5,19.7958,0.5685,2.66,13.0189,74.7932,Moderate
Ullal_Beach,2028-06-08,3.1883,9.0646,265.125,55.9,20.3042,0.8012,1.85,12.8153,74.8451,High
Panambur_Beach,2028-06-09,1.65,8.3354,261.5417,19.1,9.3625,0.5632,2.66,12.9482,74.8074,Moderate
Sasihithlu_Beach,2028-06-09,1.6017,8.3438,260.8333,19.4,9.1625,0.5632,2.66,13.0189,74.7932,Low
Ullal_Beach,2028-06-09,1.6675,8.2271,262.0833,16.0,9.4208,0.8096,1.85,12.8153,74.8451,High
Panambur_Beach,2028-06-10,0.975,6.8833,268.9583,6.0,6.5042,0.5581,2.66,12.9482,74.8074,Moderate
Sasihithlu_Beach,2028-06-10,0.9525,6.8917,268.4583,6.2,6.0583,0.5581,2.66,13.0189,74.7932,Low
Ullal_Beach,2028-06-10,0.98,6.8042,269.9583,7.5,6.45,0.8117,1.85,12.8153,74.8451,High
Panambur_Beach,2028-06-11,0.5675,9.8438,192.25,2.2,5.9208,0.5528,2.66,12.9482,74.8074,Moderate
Sasihithlu_Beach,2028-06-11,0.535,9.9167,192.9167,0.6,6.0833,0.5528,2.66,13.0189,74.7932,Low
Ullal_Beach,2028-06-11,0.5792,9.6938,190.5833,1.6,5.9333,0.8138,1.85,12.8153,74.8451,High
Panambur_Beach,2028-06-12,0.3925,8.9729,220.7083,0.0,6.4542,0.5033,2.66,12.9482,74.8074,Moderate
Sasihithlu_Beach,2028-06-12,0.37,8.9542,221.3333,0.0,6.3542,0.5033,2.66,13.0189,74.7932,Low
Ullal_Beach,2028-06-12,0.4,8.8812,219.9583,0.0,7.4583,0.5033,1.85,12.8153,74.8451,High
Panambur_Beach,2028-06-13,1.9883,9.5417,256.5,28.8,9.0875,0.5777,2.66,12.9482,74.8074,Moderate
Sasihithlu_Beach,2028-06-13,1.9458,9.5562,255.625,33.2,9.5333,0.5777,2.66,13.0189,74.7932,Low
Ullal_Beach,2028-06-13,1.9667,9.4104,257.375,24.5,8.5833,0.81,1.85,12.8153,74.8451,High
Panambur_Beach,2028-06-14,1.9492,9.8021,258.5833,4.4,7.9333,0.5775,2.66,12.9482,74.8074,Moderate
Sasihithlu_Beach,2028-06-14,1.9092,9.8167,257.7083,4.0,7.95,0.5775,2.66,13.0189,74.7932,Low
Ullal_Beach,2028-06-14,1.9192,9.6896,259.5833,2.3,8.2458,0.805,1.85,12.8153,74.8451,High
Panambur_Beach,2028-06-15,1.87,9.9125,258.375,9.9,7.0167,0.5773,2.66,12.9482,74.8074,Moderate
Sasihithlu_Beach,2028-06-15,1.8325,9.9188,257.4583,11.5,6.6458,0.5773,2.66,13.0189,74.7932,Low
Ullal_Beach,2028-06-15,1.8442,9.8208,258.875,13.9,6.5708,0.7988,1.85,12.8153,74.8451,High
Panambur_Beach,2028-06-16,1.7867,9.4021,260.5,6.5,8.6917,0.5772,2.66,12.9482,74.8074,Moderate
Sasihithlu_Beach,2028-06-16,1.7425,9.4083,259.875,7.6,8.3708,0.5772,2.66,13.0189,74.7932,Low
Ullal_Beach,2028-06-16,1.7692,9.3146,261.375,7.2,8.4708,0.7933,1.85,12.8153,74.8451,High
Panambur_Beach,2028-06-17,1.6342,9.0125,261.4167,16.4,6.3625,0.577,2.66,12.9482,74.8074,Moderate
Sasihithlu_Beach,2028-06-17,1.5958,8.9958,260.9167,20.8,6.0917,0.577,2.66,13.0189,74.7932,Low
Ullal_Beach,2028-06-17,1.635,8.9708,262.5417,21.9,6.425,0.7887,1.85,12.8153,74.8451,High
Panambur_Beach,2028-06-18,1.5933,8.9375,263.4167,29.0,5.6875,0.5768,2.66,12.9482,74.8074,Moderate
Sasihithlu_Beach,2028-06-18,1.565,8.9312,263.2083,23.1,5.8208,0.5768,2.66,13.0189,74.7932,Low
Ullal_Beach,2028-06-18,1.5733,8.8771,263.8333,36.1,5.6125,0.7854,1.85,12.8153,74.8451,High
Panambur_Beach,2028-06-19,1.6592,8.9708,267.9167,36.9,6.2875,0.5767,2.66,12.9482,74.8074,Moderate
Sasihithlu_Beach,2028-06-19,1.635,8.9542,267.2917,36.2,6.7417,0.5767,2.66,13.0189,74.7932,Low
Ullal_Beach,2028-06-19,1.6433,8.9333,268.2917,30.5,6.4333,0.7858,1.85,12.8153,74.8451,High
Panambur_Beach,2028-06-20,1.6558,8.9542,268.5833,27.1,8.7792,0.5765,2.66,12.9482,74.8074,Moderate
Sasihithlu_Beach,2028-06-20,1.6133,8.9521,267.9167,26.6,8.5542,0.5765,2.66,13.0189,74.7932,Low
Ullal_Beach,2028-06-20,1.6442,8.9479,268.9167,38.2,8.275,0.7883,1.85,12.8153,74.8451,High
Panambur_Beach,2028-06-21,2.1225,9.0187,270.75,72.2,5.4167,0.5763,2.66,12.9482,74.8074,Moderate
Sasihithlu_Beach,2028-06-21,2.0825,9.0333,270.0417,74.1,6.1625,0.5763,2.66,13.0189,74.7932,Low
Ullal_Beach,2028-06-21,2.0992,8.9396,271.5,64.8,5.1875,0.7921,1.85,12.8153,74.8451,High
Panambur_Beach,2028-06-22,2.3758,9.3146,269.4167,37.0,8.625,0.5761,2.66,12.9482,74.8074,Moderate
Sasihithlu_Beach,2028-06-22,2.3183,9.3021,268.7917,30.1,8.9708,0.5761,2.66,13.0189,74.7932,Low
Ullal_Beach,2028-06-22,2.3942,9.3229,270.1667,28.8,8.15,0.7971,1.85,12.8153,74.8451,High
Panambur_Beach,2028-06-23,2.5517,10.1229,268.0,25.9,10.2417,0.576,2.66,12.9482,74.8074,Moderate
Sasihithlu_Beach,2028-06-23,2.505,10.1271,267.25,32.8,10.0125,0.576,2.66,13.0189,74.7932,Low
Ullal_Beach,2028-06-23,2.52,10.0604,268.875,38.6,9.6958,0.8058,1.85,12.8153,74.8451,High
Panambur_Beach,2028-06-24,2.6633,9.6333,263.2083,42.8,8.4208,0.5758,2.66,12.9482,74.8074,Moderate
Sasihithlu_Beach,2028-06-24,2.6,9.6375,262.3333,32.9,9.0833,0.5758,2.66,13.0189,74.7932,Moderate
Ullal_Beach,2028-06-24,2.6408,9.5542,264.2083,39.1,7.1083,0.8088,1.85,12.8153,74.8451,High
Panambur_Beach,2028-06-25,2.4025,9.0792,261.875,37.5,8.9458,0.5756,2.66,12.9482,74.8074,Moderate
Sasihithlu_Beach,2028-06-25,2.3583,9.1021,261.0,34.3,8.8833,0.5756,2.66,13.0189,74.7932,Low
Ullal_Beach,2028-06-25,2.3775,8.9771,262.75,35.2,10.6042,0.8133,1.85,12.8153,74.8451,High
Panambur_Beach,2028-06-26,2.755,8.7958,264.875,23.1,9.5708,0.5755,2.66,12.9482,74.8074,Moderate
Sasihithlu_Beach,2028-06-26,2.6975,8.8104,264.125,24.5,9.2667,0.5755,2.66,13.0189,74.7932,Moderate
Ullal_Beach,2028-06-26,2.7333,8.7542,265.5,22.0,10.8375,0.8129,1.85,12.8153,74.8451,High
Panambur_Beach,2028-06-27,2.5108,8.8333,267.0417,16.8,8.0792,0.5753,2.66,12.9482,74.8074,Moderate
Sasihithlu_Beach,2028-06-27,2.4433,8.8479,267.0,22.0,8.4125,0.5753,2.66,13.0189,74.7932,Low
Ullal_Beach,2028-06-27,2.5092,8.7833,268.0417,14.1,7.4458,0.8121,1.85,12.8153,74.8451,High
Panambur_Beach,2028-06-28,2.5025,9.2938,268.2917,22.5,8.1833,0.5751,2.66,12.9482,74.8074,Moderate
Sasihithlu_Beach,2028-06-28,2.4467,9.3,267.4583,21.4,8.1833,0.5751,2.66,13.0189,74.7932,Low
Ullal_Beach,2028-06-28,2.4942,9.2396,269.1667,23.3,7.1792,0.8088,1.85,12.8153,74.8451,High
Panambur_Beach,2028-06-29,2.9133,10.3604,267.0,55.2,8.0,0.575,2.66,12.9482,74.8074,Moderate
Sasihithlu_Beach,2028-06-29,2.8617,10.4083,266.125,53.3,7.825,0.575,2.66,13.0189,74.7932,Moderate
Ullal_Beach,2028-06-29,2.8642,10.2188,268.0,51.1,7.8042,0.8033,1.85,12.8153,74.8451,High
Panambur_Beach,2028-06-30,2.9133,10.4708,267.0,77.1,8.4333,0.5748,2.66,12.9482,74.8074,Moderate
Sasihithlu_Beach,2028-06-30,2.8583,10.5271,266.375,69.3,8.2833,0.5748,2.66,13.0189,74.7932,Moderate
Ullal_Beach,2028-06-30,2.8717,10.3292,268.0,57.7,8.6042,0.7979,1.85,12.8153,74.8451,High
Panambur_Beach,2028-07-01,0.4533,6.9333,260.7083,0.0,7.7833,0.6044,2.66,12.9482,74.8074,Moderate
Sasihithlu_Beach,2028-07-01,0.4275,6.9292,259.375,0.0,7.4583,0.6044,2.66,13.0189,74.7932,Low
Ullal_Beach,2028-07-01,0.4633,6.7146,263.9583,0.0,7.9417,0.7862,1.85,12.8153,74.8451,High
Panambur_Beach,2028-07-02,0.6108,7.1833,275.8333,0.0,11.1917,0.5991,2.66,12.9482,74.8074,Low
Sasihithlu_Beach,2028-07-02,0.5883,7.2292,274.4167,0.0,10.7333,0.5991,2.66,13.0189,74.7932,Low
Ullal_Beach,2028-07-02,0.6358,6.9229,278.2083,0.0,11.4458,0.7883,1.85,12.8153,74.8451,High
Panambur_Beach,2028-07-03,0.5583,7.6875,234.3333,0.0,8.4083,0.5944,2.66,12.9482,74.8074,Moderate
Sasihithlu_Beach,2028-07-03,0.5292,7.5521,236.4583,0.0,7.3875,0.5944,2.66,13.0189,74.7932,Low
Ullal_Beach,2028-07-03,0.5758,7.6479,234.5833,0.0,8.9333,0.7871,1.85,12.8153,74.8451,High
Panambur_Beach,2028-07-04,0.6825,10.2625,203.75,0.8,9.5375,0.5891,2.66,12.9482,74.8074,Moderate
Sasihithlu_Beach,2028-07-04,0.655,10.2979,204.8333,1.1,9.3292,0.5891,2.66,13.0189,74.7932,Low
Ullal_Beach,2028-07-04,0.6925,10.0438,202.625,0.3,9.3292,0.7879,1.85,12.8153,74.8451,High
Panambur_Beach,2028-07-05,0.8167,7.6833,260.3333,0.4,10.4708,0.584,2.66,12.9482,74.8074,Moderate
Sasihithlu_Beach,2028-07-05,0.7842,7.7021,260.0,0.3,10.5333,0.584,2.66,13.0189,74.7932,Low
Ullal_Beach,2028-07-05,0.8217,7.4458,261.9583,0.3,10.275,0.7896,1.85,12.8153,74.8451,High
Panambur_Beach,2028-07-06,1.2558,9.4167,254.75,24.0,7.6875,0.5787,2.66,12.9482,74.8074,Moderate
Sasihithlu_Beach,2028-07-06,1.2358,9.4333,254.4167,29.9,7.6542,0.5787,2.66,13.0189,74.7932,Low
Ullal_Beach,2028-07-06,1.2283,9.2021,255.4167,24.7,7.3042,0.7971,1.85,12.8153,74.8451,High
Panambur_Beach,2028-07-07,3.4883,10.8146,270.375,33.2,10.325,0.5736,2.66,12.9482,74.8074,Moderate
Sasihithlu_Beach,2028-07-07,3.4042,10.8208,269.625,31.9,9.6542,0.5736,2.66,13.0189,74.7932,Moderate
Ullal_Beach,2028-07-07,3.4717,10.7562,271.375,34.4,10.0333,0.8,1.85,12.8153,74.8451,High
Panambur_Beach,2028-07-08,3.1825,9.4521,268.2917,52.7,17.9708,0.5683,2.66,12.9482,74.8074,Moderate
Sasihithlu_Beach,2028-07-08,3.1117,9.4583,267.6667,53.9,16.9958,0.5683,2.66,13.0189,74.7932,Moderate
Ullal_Beach,2028-07-08,3.1692,9.3979,269.2917,33.9,17.5542,0.8079,1.85,12.8153,74.8451,High
Panambur_Beach,2028-07-09,1.625,8.1604,255.4167,32.4,8.7375,0.563,2.66,12.9482,74.8074,Moderate
Sasihithlu_Beach,2028-07-09,1.5875,8.2021,255.0417,27.2,9.3708,0.563,2.66,13.0189,74.7932,Low
Ullal_Beach,2028-07-09,1.6225,8.0229,256.125,21.9,8.225,0.8121,1.85,12.8153,74.8451,High
Panambur_Beach,2028-07-10,0.98,6.8125,269.7083,2.0,7.2417,0.5579,2.66,12.9482,74.8074,Low
Sasihithlu_Beach,2028-07-10,0.9575,6.825,269.1667,1.8,7.475,0.5579,2.66,13.0189,74.7932,Low
Ullal_Beach,2028-07-10,0.9925,6.7,270.7083,1.8,7.5833,0.8133,1.85,12.8153,74.8451,High
Panambur_Beach,2028-07-11,0.51,9.4667,196.5833,6.6,6.0083,0.5526,2.66,12.9482,74.8074,Moderate
Sasihithlu_Beach,2028-07-11,0.475,9.5,197.2083,6.8,5.975,0.5526,2.66,13.0189,74.7932,Low
Ullal_Beach,2028-07-11,0.5108,9.3458,195.4583,2.0,5.8167,0.8125,1.85,12.8153,74.8451,High
Panambur_Beach,2028-07-12,0.4533,8.4042,244.7083,0.0,6.65,0.5162,2.66,12.9482,74.8074,Moderate
Sasihithlu_Beach,2028-07-12,0.4317,8.3458,246.125,0.0,6.85,0.5162,2.66,13.0189,74.7932,Low
Ullal_Beach,2028-07-12,0.4592,8.3,244.1667,0.0,7.0333,0.5162,1.85,12.8153,74.8451,High
Panambur_Beach,2028-07-13,2.8442,8.6396,272.5,54.4,17.3167,0.5726,2.66,12.9482,74.8074,Moderate
Sasihithlu_Beach,2028-07-13,2.7733,8.6646,272.0417,47.6,16.7833,0.5726,2.66,13.0189,74.7932,Moderate
Ullal_Beach,2028-07-13,2.8325,8.575,273.1667,51.5,16.3958,0.8071,1.85,12.8153,74.8451,High
Panambur_Beach,2028-07-14,3.0742,8.6938,269.75,61.4,19.6375,0.5724,2.66,12.9482,74.8074,Moderate
Sasihithlu_Beach,2028-07-14,3.0075,8.6958,269.7083,59.2,18.7792,0.5724,2.66,13.0189,74.7932,Moderate
Ullal_Beach,2028-07-14,3.0658,8.6521,270.5833,38.0,19.9292,0.8025,1.85,12.8153,74.8451,High
Panambur_Beach,2028-07-15,2.9425,8.9938,269.5833,29.8,18.0875,0.5722,2.66,12.9482,74.8074,Moderate
Sasihithlu_Beach,2028-07-15,2.875,9.0104,269.3333,34.9,17.2875,0.5722,2.66,13.0189,74.7932,Moderate
Ullal_Beach,2028-07-15,2.9358,8.9604,270.4583,29.2,17.0083,0.7971,1.85,12.8153,74.8451,High
Panambur_Beach,2028-07-16,2.7892,9.1958,270.0,48.6,12.0792,0.5721,2.66,12.9482,74.8074,Moderate
Sasihithlu_Beach,2028-07-16,2.7308,9.1958,269.7917,53.2,11.75,0.5721,2.66,13.0189,74.7932,Moderate
Ullal_Beach,2028-07-16,2.7642,9.1667,270.875,48.8,12.4083,0.7908,1.85,12.8153,74.8451,High
Panambur_Beach,2028-07-17,2.6067,9.4458,274.2083,34.8,9.8458,0.5719,2.66,12.9482,74.8074,Moderate
Sasihithlu_Beach,2028-07-17,2.54,9.4458,273.5833,37.9,9.2167,0.5719,2.66,13.0189,74.7932,Low
Ullal_Beach,2028-07-17,2.5933,9.4146,275.125,47.5,10.3958,0.7879,1.85,12.8153,74.8451,High
Panambur_Beach,2028-07-18,2.5592,9.6771,274.5417,19.8,9.9583,0.5717,2.66,12.9482,74.8074,Moderate
Sasihithlu_Beach,2028-07-18,2.4983,9.6688,274.125,31.1,9.5583,0.5717,2.66,13.0189,74.7932,Low
Ullal_Beach,2028-07-18,2.5642,9.6292,275.375,23.7,10.5,0.785,1.85,12.8153,74.8451,High
Panambur_Beach,2028-07-19,2.4675,9.9021,268.1667,8.5,9.1792,0.5715,2.66,12.9482,74.8074,Moderate
Sasihithlu_Beach,2028-07-19,2.3875,9.8875,267.5833,9.8,8.9708,0.5715,2.66,13.0189,74.7932,Low
Ullal_Beach,2028-07-19,2.495,9.8812,269.1667,9.1,8.8917,0.7867,1.85,12.8153,74.8451,High
Panambur_Beach,2028-07-20,2.4175,9.9104,268.75,5.2,13.8125,0.5714,2.66,12.9482,74.8074,Moderate
Sasihithlu_Beach,2028-07-20,2.3642,9.9312,267.9583,4.9,13.0125,0.5714,2.66,13.0189,74.7932,Low
Ullal_Beach,2028-07-20,2.4125,9.8021,269.875,3.6,13.7,0.7904,1.85,12.8153,74.8451,High
Panambur_Beach,2028-07-21,2.1092,9.4083,268.375,1.5,13.4542,0.5712,2.66,12.9482,74.8074,Moderate
Sasihithlu_Beach,2028-07-21,2.0692,9.4417,267.75,1.9,12.8708,0.5712,2.66,13.0189,74.7932,Low
Ullal_Beach,2028-07-21,2.0983,9.2687,269.375,2.8,13.8417,0.795,1.85,12.8153,74.8451,High
Panambur_Beach,2028-07-22,1.87,9.1208,266.1667,4.0,12.7125,0.571,2.66,12.9482,74.8074,Moderate
Sasihithlu_Beach,2028-07-22,1.8358,9.1521,265.4167,3.8,12.2792,0.571,2.66,13.0189,74.7932,Low
Ullal_Beach,2028-07-22,1.8592,8.9438,267.1667,2.9,12.8708,0.8008,1.85,12.8153,74.8451,High
Panambur_Beach,2028-07-23,1.8892,9.1292,257.25,6.4,10.775,0.5709,2.66,12.9482,74.8074,Moderate
Sasihithlu_Beach,2028-07-23,1.8342,9.1208,257.0417,7.3,10.3708,0.5709,2.66,13.0189,74.7932,Low
Ullal_Beach,2028-07-23,1.8783,9.0292,257.7917,6.4,10.8167,0.8058,1.85,12.8153,74.8451,High
Panambur_Beach,2028-07-24,1.8725,8.5854,259.2083,12.3,9.0458,0.5707,2.66,12.9482,74.8074,Moderate
Sasihithlu_Beach,2028-07-24,1.8242,8.5562,259.1667,15.9,8.8,0.5707,2.66,13.0189,74.7932,Low
Ullal_Beach,2028-07-24,1.8683,8.5438,259.2083,6.2,8.625,0.8104,1.85,12.8153,74.8451,High
Panambur_Beach,2028-07-25,1.6625,8.6771,264.0417,1.8,7.0833,0.5705,2.66,12.9482,74.8074,Moderate
Sasihithlu_Beach,2028-07-25,1.6225,8.6292,264.1667,2.1,6.5958,0.5705,2.66,13.0189,74.7932,Low
Ullal_Beach,2028-07-25,1.6617,8.6625,264.2917,2.3,7.5667,0.8133,1.85,12.8153,74.8451,High
Panambur_Beach,2028-07-26,1.5858,8.8271,271.0,2.9,10.85,0.5704,2.66,12.9482,74.8074,Moderate
Sasihithlu_Beach,2028-07-26,1.5417,8.8271,270.6667,3.7,10.4917,0.5704,2.66,13.0189,74.7932,Low
Ullal_Beach,2028-07-26,1.5858,8.7562,270.4583,1.4,10.925,0.8138,1.85,12.8153,74.8451,High
Panambur_Beach,2028-07-27,1.6325,8.7729,272.375,1.0,10.6042,0.5702,2.66,12.9482,74.8074,Moderate
Sasihithlu_Beach,2028-07-27,1.5933,8.7896,271.7083,0.7,10.1875,0.5702,2.66,13.0189,74.7932,Low
Ullal_Beach,2028-07-27,1.63,8.6333,273.125,1.0,10.0583,0.8104,1.85,12.8153,74.8451,High
Panambur_Beach,2028-07-28,1.5692,8.6771,271.0417,2.7,10.3167,0.57,2.66,12.9482,74.8074,Moderate
Sasihithlu_Beach,2028-07-28,1.535,8.6938,270.3333,2.3,9.9708,0.57,2.66,13.0189,74.7932,Low
Ullal_Beach,2028-07-28,1.5692,8.575,272.0417,2.6,10.2,0.8062,1.85,12.8153,74.8451,High
Panambur_Beach,2028-07-29,1.4417,8.5312,270.9583,2.9,10.2792,0.5698,2.66,12.9482,74.8074,Moderate
Sasihithlu_Beach,2028-07-29,1.4067,8.5833,270.2083,2.1,9.9125,0.5698,2.66,13.0189,74.7932,Low
Ullal_Beach,2028-07-29,1.4408,8.3979,272.0417,0.7,10.2333,0.8004,1.85,12.8153,74.8451,High
Panambur_Beach,2028-07-30,1.2208,7.6562,271.5417,11.5,12.5208,0.5697,2.66,12.9482,74.8074,Moderate
Sasihithlu_Beach,2028-07-30,1.1975,7.6896,271.375,17.2,12.3375,0.5697,2.66,13.0189,74.7932,Low
Ullal_Beach,2028-07-30,1.2217,7.5625,272.25,11.9,12.2042,0.795,1.85,12.8153,74.8451,High
Panambur_Beach,2028-07-31,1.2717,7.325,272.2083,11.0,13.4917,0.5695,2.66,12.9482,74.8074,Moderate
Sasihithlu_Beach,2028-07-31,1.24,7.3479,271.5833,11.9,13.3958,0.5695,2.66,13.0189,74.7932,Low
Ullal_Beach,2028-07-31,1.2692,7.2354,272.7083,8.7,12.9792,0.7896,1.85,12.8153,74.8451,High
Panambur_Beach,2028-08-01,0.3983,8.7167,241.25,0.0,10.0208,0.6042,2.66,12.9482,74.8074,Moderate
Sasihithlu_Beach,2028-08-01,0.3775,8.7958,240.8333,0.0,9.5833,0.6042,2.66,13.0189,74.7932,Low
Ullal_Beach,2028-08-01,0.4167,8.4271,243.5,0.1,9.6833,0.7879,1.85,12.8153,74.8451,High
Panambur_Beach,2028-08-02,0.71,6.4021,287.5417,0.0,12.7208,0.599,2.66,12.9482,74.8074,Low
Sasihithlu_Beach,2028-08-02,0.6825,6.3917,287.3333,0.0,12.4542,0.599,2.66,13.0189,74.7932,Low
Ullal_Beach,2028-08-02,0.7342,6.2646,289.7917,0.0,12.8292,0.7933,1.85,12.8153,74.8451,High
Panambur_Beach,2028-08-03,0.5342,8.0958,226.5833,0.8,8.7667,0.5942,2.66,12.9482,74.8074,Moderate
Sasihithlu_Beach,2028-08-03,0.4992,8.0271,227.9583,1.1,8.3042,0.5942,2.66,13.0189,74.7932,Low
Ullal_Beach,2028-08-03,0.54,8.0396,225.5417,0.5,8.4875,0.7871,1.85,12.8153,74.8451,High
Panambur_Beach,2028-08-04,0.6392,9.6146,202.375,10.5,6.5208,0.5889,2.66,12.9482,74.8074,Moderate
Sasihithlu_Beach,2028-08-04,0.6083,9.625,203.9167,5.7,6.4583,0.5889,2.66,13.0189,74.7932,Low
Ullal_Beach,2028-08-04,0.6492,9.4604,201.0833,11.3,6.2667,0.7929,1.85,12.8153,74.8451,High
Panambur_Beach,2028-08-05,0.9017,7.5667,271.9167,0.4,11.1708,0.5838,2.66,12.9482,74.8074,Moderate
Sasihithlu_Beach,2028-08-05,0.8742,7.6354,271.0833,0.6,10.8125,0.5838,2.66,13.0189,74.7932,Low
Ullal_Beach,2028-08-05,0.92,7.2104,274.4167,0.1,11.6,0.7938,1.85,12.8153,74.8451,High
Panambur_Beach,2028-08-06,1.4225,9.1125,253.4167,17.7,7.6083,0.5785,2.66,12.9482,74.8074,Moderate
Sasihithlu_Beach,2028-08-06,1.3908,9.1667,252.4167,15.4,7.2667,0.5785,2.66,13.0189,74.7932,Low
Ullal_Beach,2028-08-06,1.3875,8.7854,254.9583,12.5,7.7958,0.8025,1.85,12.8153,74.8451,High
Panambur_Beach,2028-08-07,3.2083,10.1167,271.4583,58.5,12.8625,0.5734,2.66,12.9482,74.8074,Moderate
Sasihithlu_Beach,2028-08-07,3.1425,10.1146,270.7083,64.2,12.075,0.5734,2.66,13.0189,74.7932,Moderate
Ullal_Beach,2028-08-07,3.1967,10.0812,272.25,53.1,13.6875,0.805,1.85,12.8153,74.8451,High
Panambur_Beach,2028-08-08,3.1258,9.1646,264.875,34.5,18.8792,0.5681,2.66,12.9482,74.8074,Moderate
Sasihithlu_Beach,2028-08-08,3.065,9.1771,264.375,36.2,18.2542,0.5681,2.66,13.0189,74.7932,Moderate
Ullal_Beach,2028-08-08,3.1008,9.125,265.75,24.1,18.5625,0.8129,1.85,12.8153,74.8451,High
Panambur_Beach,2028-08-09,1.8025,8.4333,256.7083,37.7,10.375,0.5629,2.66,12.9482,74.8074,Moderate
Sasihithlu_Beach,2028-08-09,1.7642,8.4583,256.3333,39.8,10.2792,0.5629,2.66,13.0189,74.7932,Low
Ullal_Beach,2028-08-09,1.7925,8.3146,257.375,31.9,9.7958,0.8138,1.85,12.8153,74.8451,High
Panambur_Beach,2028-08-10,0.8692,7.2167,257.4167,0.5,7.1542,0.5578,2.66,12.9482,74.8074,Moderate
Sasihithlu_Beach,2028-08-10,0.8442,7.1688,257.0833,0.6,6.825,0.5578,2.66,13.0189,74.7932,Low
Ullal_Beach,2028-08-10,0.8958,7.1583,258.3333,0.5,7.4458,0.8129,1.85,12.8153,74.8451,High
Panambur_Beach,2028-08-11,0.4367,9.7792,194.25,0.0,6.825,0.5525,2.66,12.9482,74.8074,Moderate
Sasihithlu_Beach,2028-08-11,0.4133,9.8229,195.1667,0.0,6.7042,0.5525,2.66,13.0189,74.7932,Low
Ullal_Beach,2028-08-11,0.4367,9.5938,192.5,0.0,7.8042,0.8088,1.85,12.8153,74.8451,High
Panambur_Beach,2028-08-12,0.5833,7.8417,274.9583,0.0,8.175,0.5342,2.66,12.9482,74.8074,Low
Sasihithlu_Beach,2028-08-12,0.5583,7.8042,275.4583,0.0,7.7292,0.5342,2.66,13.0189,74.7932,Low
Ullal_Beach,2028-08-12,0.59,7.8188,275.9583,0.0,8.3167,0.5342,1.85,12.8153,74.8451,High
Panambur_Beach,2028-08-13,2.7067,10.1229,274.875,7.3,5.0208,0.5673,2.66,12.9482,74.8074,Moderate
Sasihithlu_Beach,2028-08-13,2.6483,10.1167,274.0417,6.5,5.0667,0.5673,2.66,13.0189,74.7932,Low
Ullal_Beach,2028-08-13,2.6908,10.1167,275.375,10.8,5.6958,0.7996,1.85,12.8153,74.8451,High
Panambur_Beach,2028-08-14,2.1467,9.6042,272.8333,2.1,6.3125,0.5671,2.66,12.9482,74.8074,Moderate
Sasihithlu_Beach,2028-08-14,2.1058,9.5875,272.4583,2.5,6.2417,0.5671,2.66,13.0189,74.7932,Low
Ullal_Beach,2028-08-14,2.1317,9.575,273.625,2.3,6.9083,0.7938,1.85,12.8153,74.8451,High
Panambur_Beach,2028-08-15,1.9958,9.8271,270.1667,0.9,6.875,0.5669,2.66,12.9482,74.8074,Moderate
Sasihithlu_Beach,2028-08-15,1.9508,9.8083,269.75,1.4,6.8333,0.5669,2.66,13.0189,74.7932,Low
Ullal_Beach,2028-08-15,1.9967,9.8062,271.0,0.9,7.1833,0.79,1.85,12.8153,74.8451,High
Panambur_Beach,2028-08-16,1.7575,9.8875,261.4583,0.4,7.6625,0.5668,2.66,12.9482,74.8074,Moderate
Sasihithlu_Beach,2028-08-16,1.7183,9.9,261.0833,0.6,7.25,0.5668,2.66,13.0189,74.7932,Low
Ullal_Beach,2028-08-16,1.735,9.7833,261.875,0.3,7.9042,0.7875,1.85,12.8153,74.8451,High
Panambur_Beach,2028-08-17,1.5525,9.4125,260.75,0.2,9.0042,0.5666,2.66,12.9482,74.8074,Moderate
Sasihithlu_Beach,2028-08-17,1.515,9.3854,260.75,0.3,8.7458,0.5666,2.66,13.0189,74.7932,Low
Ullal_Beach,2028-08-17,1.535,9.3396,260.8333,0.0,9.0042,0.7854,1.85,12.8153,74.8451,High
Panambur_Beach,2028-08-18,1.4292,8.9083,263.625,1.8,11.5042,0.5664,2.66,12.9482,74.8074,Moderate
Sasihithlu_Beach,2028-08-18,1.3967,8.8917,263.625,0.9,10.9458,0.5664,2.66,13.0189,74.7932,Low
Ullal_Beach,2028-08-18,1.4258,8.8521,263.7917,1.3,11.6583,0.7883,1.85,12.8153,74.8451,High
Panambur_Beach,2028-08-19,1.4433,8.6833,260.2083,2.5,11.6083,0.5663,2.66,12.9482,74.8074,Moderate
Sasihithlu_Beach,2028-08-19,1.4033,8.6458,260.5833,1.9,11.5333,0.5663,2.66,13.0189,74.7932,Low
Ullal_Beach,2028-08-19,1.4433,8.6729,259.8333,3.7,12.0875,0.7917,1.85,12.8153,74.8451,High
Panambur_Beach,2028-08-20,1.435,8.5667,260.5833,3.3,11.0417,0.5661,2.66,12.9482,74.8074,Moderate
Sasihithlu_Beach,2028-08-20,1.3917,8.525,260.5833,2.8,10.4583,0.5661,2.66,13.0189,74.7932,Low
Ullal_Beach,2028-08-20,1.4375,8.5438,260.4583,1.8,10.9375,0.7975,1.85,12.8153,74.8451,High
Panambur_Beach,2028-08-21,1.6592,8.4271,268.4167,17.6,11.0417,0.5659,2.66,12.9482,74.8074,Moderate
Sasihithlu_Beach,2028-08-21,1.6075,8.3688,268.1667,9.0,10.55,0.5659,2.66,13.0189,74.7932,Low
Ullal_Beach,2028-08-21,1.6608,8.4625,268.6667,5.1,11.1083,0.8033,1.85,12.8153,74.8451,High
Panambur_Beach,2028-08-22,1.7375,8.0854,270.375,34.9,10.5792,0.5658,2.66,12.9482,74.8074,Moderate
Sasihithlu_Beach,2028-08-22,1.6933,8.0562,270.25,25.6,10.3,0.5658,2.66,13.0189,74.7932,Low
Ullal_Beach,2028-08-22,1.7508,8.0,270.8333,36.0,10.6667,0.8079,1.85,12.8153,74.8451,High
Panambur_Beach,2028-08-23,2.0008,8.0896,275.8333,33.2,9.1542,0.5656,2.66,12.9482,74.8074,Moderate
Sasihithlu_Beach,2028-08-23,1.95,8.1021,275.25,32.9,8.875,0.5656,2.66,13.0189,74.7932,Low
Ullal_Beach,2028-08-23,2.0083,8.0375,276.4583,19.4,8.6792,0.8129,1.85,12.8153,74.8451,High
Panambur_Beach,2028-08-24,1.9167,8.375,272.5833,14.1,6.0458,0.5654,2.66,12.9482,74.8074,Moderate
Sasihithlu_Beach,2028-08-24,1.8717,8.3979,272.2083,14.7,5.875,0.5654,2.66,13.0189,74.7932,Low
Ullal_Beach,2028-08-24,1.9233,8.3167,273.5833,11.9,6.7583,0.8133,1.85,12.8153,74.8451,High
Panambur_Beach,2028-08-25,1.8183,8.3375,273.625,19.4,11.2583,0.5652,2.66,12.9482,74.8074,Moderate
Sasihithlu_Beach,2028-08-25,1.7708,8.3438,273.0833,21.7,10.9875,0.5652,2.66,13.0189,74.7932,Low
Ullal_Beach,2028-08-25,1.8233,8.2604,274.625,15.4,10.9833,0.8121,1.85,12.8153,74.8451,High
Panambur_Beach,2028-08-26,1.5158,8.0979,272.6667,8.3,11.7292,0.5651,2.66,12.9482,74.8074,Moderate
Sasihithlu_Beach,2028-08-26,1.4733,8.1354,271.8333,7.2,11.2417,0.5651,2.66,13.0189,74.7932,Low
Ullal_Beach,2028-08-26,1.5242,7.9979,273.7917,4.9,11.6292,0.8088,1.85,12.8153,74.8451,High
Panambur_Beach,2028-08-27,1.3892,7.9375,271.5833,11.9,11.8417,0.5649,2.66,12.9482,74.8074,Moderate
Sasihithlu_Beach,2028-08-27,1.3608,7.9812,271.0833,13.3,11.3208,0.5649,2.66,13.0189,74.7932,Low
Ullal_Beach,2028-08-27,1.3967,7.775,272.5,17.4,11.1958,0.8046,1.85,12.8153,74.8451,High
Panambur_Beach,2028-08-28,1.465,8.2167,269.5,5.9,14.2167,0.5647,2.66,12.9482,74.8074,Moderate
Sasihithlu_Beach,2028-08-28,1.4333,8.2625,268.8333,3.4,13.7333,0.5647,2.66,13.0189,74.7932,Low
Ullal_Beach,2028-08-28,1.465,8.0229,270.9167,5.1,14.3042,0.7983,1.85,12.8153,74.8451,High
Panambur_Beach,2028-08-29,1.5117,7.8104,272.5,4.5,15.9375,0.5646,2.66,12.9482,74.8074,Moderate
Sasihithlu_Beach,2028-08-29,1.4742,7.875,271.6667,7.4,15.2875,0.5646,2.66,13.0189,74.7932,Low
Ullal_Beach,2028-08-29,1.5092,7.6333,273.9167,4.1,15.4667,0.7917,1.85,12.8153,74.8451,High
Panambur_Beach,2028-08-30,1.4375,7.4479,274.9583,16.9,13.075,0.5644,2.66,12.9482,74.8074,Moderate
Sasihithlu_Beach,2028-08-30,1.395,7.5042,274.2917,18.1,12.8,0.5644,2.66,13.0189,74.7932,Low
Ullal_Beach,2028-08-30,1.4392,7.3125,276.4583,15.7,12.7375,0.7887,1.85,12.8153,74.8451,High
Panambur_Beach,2028-08-31,1.2158,7.8604,267.2917,18.3,8.3125,0.5642,2.66,12.9482,74.8074,Moderate
Sasihithlu_Beach,2028-08-31,1.18,7.8792,266.6667,27.7,8.1375,0.5642,2.66,13.0189,74.7932,Low
Ullal_Beach,2028-08-31,1.245,7.7146,269.0417,17.1,8.2042,0.7862,1.85,12.8153,74.8451,High
Panambur_Beach,2028-09-01,0.56,7.7667,280.5833,0.0,10.8542,0.6041,2.66,12.9482,74.8074,Low
Sasihithlu_Beach,2028-09-01,0.5383,7.8208,280.5,0.0,10.4042,0.6041,2.66,13.0189,74.7932,Low
Ullal_Beach,2028-09-01,0.5825,7.5729,282.0,0.0,10.6333,0.7908,1.85,12.8153,74.8451,High
Panambur_Beach,2028-09-02,0.9258,6.0458,300.2917,0.0,12.2083,0.5988,2.66,12.9482,74.8074,Low
Sasihithlu_Beach,2028-09-02,0.8783,6.0604,298.8333,0.0,11.8667,0.5988,2.66,13.0189,74.7932,Low
Ullal_Beach,2028-09-02,0.9692,5.9292,303.0417,0.0,12.3917,0.7971,1.85,12.8153,74.8451,High
Panambur_Beach,2028-09-03,0.575,8.3604,232.7917,14.2,7.9417,0.594,2.66,12.9482,74.8074,Moderate
Sasihithlu_Beach,2028-09-03,0.54,8.35,233.375,12.9,7.775,0.594,2.66,13.0189,74.7932,Low
Ullal_Beach,2028-09-03,0.5775,8.1583,233.8333,8.6,8.6917,0.79,1.85,12.8153,74.8451,High
Panambur_Beach,2028-09-04,0.5883,9.4729,198.0833,13.8,7.575,0.5887,2.66,12.9482,74.8074,Moderate
Sasihithlu_Beach,2028-09-04,0.5592,9.4958,199.6667,10.0,7.6792,0.5887,2.66,13.0189,74.7932,Low
Ullal_Beach,2028-09-04,0.6008,9.3583,196.375,17.8,7.2417,0.7967,1.85,12.8153,74.8451,High
Panambur_Beach,2028-09-05,1.1283,6.775,287.625,2.6,13.7375,0.5836,2.66,12.9482,74.8074,Low
Sasihithlu_Beach,2028-09-05,1.0892,6.8,286.5833,2.4,13.5792,0.5836,2.66,13.0189,74.7932,Low
Ullal_Beach,2028-09-05,1.1483,6.6292,289.5417,1.1,13.1292,0.7996,1.85,12.8153,74.8451,High
Panambur_Beach,2028-09-06,1.5633,8.8854,258.5417,2.3,6.6,0.5784,2.66,12.9482,74.8074,Moderate
Sasihithlu_Beach,2028-09-06,1.5375,8.8979,257.5417,2.8,6.6958,0.5784,2.66,13.0189,74.7932,Low
Ullal_Beach,2028-09-06,1.545,8.6292,259.7083,1.8,6.5917,0.8079,1.85,12.8153,74.8451,High
Panambur_Beach,2028-09-07,2.9692,9.3042,272.7917,65.5,15.5083,0.5732,2.66,12.9482,74.8074,Moderate
Sasihithlu_Beach,2028-09-07,2.8942,9.3333,272.0417,68.7,14.8083,0.5732,2.66,13.0189,74.7932,Moderate
Ullal_Beach,2028-09-07,2.9692,9.2417,273.75,60.5,15.6708,0.8096,1.85,12.8153,74.8451,High
Panambur_Beach,2028-09-08,3.2,9.2708,268.1667,13.9,19.2958,0.568,2.66,12.9482,74.8074,Moderate
Sasihithlu_Beach,2028-09-08,3.1308,9.2854,267.4167,18.0,18.8208,0.568,2.66,13.0189,74.7932,Moderate
Ullal_Beach,2028-09-08,3.1742,9.2229,268.9167,6.2,19.3667,0.8142,1.85,12.8153,74.8451,High
Panambur_Beach,2028-09-09,1.745,8.1021,257.0,25.7,10.0375,0.5627,2.66,12.9482,74.8074,Moderate
Sasihithlu_Beach,2028-09-09,1.71,8.1333,256.7083,21.0,9.6,0.5627,2.66,13.0189,74.7932,Low
Ullal_Beach,2028-09-09,1.7425,7.9958,257.4583,14.1,9.7167,0.8133,1.85,12.8153,74.8451,High
Panambur_Beach,2028-09-10,0.7967,7.7354,241.5,0.1,8.3958,0.5576,2.66,12.9482,74.8074,Moderate
Sasihithlu_Beach,2028-09-10,0.7742,7.65,242.2917,0.0,8.275,0.5576,2.66,13.0189,74.7932,Low
Ullal_Beach,2028-09-10,0.8142,7.7583,240.6667,0.0,8.4125,0.8096,1.85,12.8153,74.8451,High
Panambur_Beach,2028-09-11,0.4342,9.9625,202.625,0.0,8.0833,0.5523,2.66,12.9482,74.8074,Moderate
Sasihithlu_Beach,2028-09-11,0.4117,10.0021,204.375,0.0,8.1542,0.5523,2.66,13.0189,74.7932,Low
Ullal_Beach,2028-09-11,0.4308,9.6833,200.75,0.0,8.0708,0.8042,1.85,12.8153,74.8451,High
Panambur_Beach,2028-09-12,0.5467,6.5292,284.0417,0.0,6.4458,0.4829,2.66,12.9482,74.8074,Low
Sasihithlu_Beach,2028-09-12,0.5167,6.55,282.9583,0.0,6.075,0.4829,2.66,13.0189,74.7932,Low
Ullal_Beach,2028-09-12,0.5617,6.3396,286.375,0.0,7.0667,0.4829,1.85,12.8153,74.8451,Moderate
Panambur_Beach,2028-09-13,1.8942,7.6229,271.5,27.7,8.1458,0.562,2.66,12.9482,74.8074,Moderate
Sasihithlu_Beach,2028-09-13,1.86,7.6271,270.75,28.6,8.3083,0.562,2.66,13.0189,74.7932,Low
Ullal_Beach,2028-09-13,1.8867,7.5833,272.375,17.4,8.9917,0.7921,1.85,12.8153,74.8451,High
Panambur_Beach,2028-09-14,1.5725,7.6125,270.9167,8.3,8.4792,0.5618,2.66,12.9482,74.8074,Moderate
Sasihithlu_Beach,2028-09-14,1.5467,7.6083,270.1667,10.3,8.6292,0.5618,2.66,13.0189,74.7932,Low
Ullal_Beach,2028-09-14,1.5583,7.6,271.9583,7.1,8.5583,0.7871,1.85,12.8153,74.8451,High
Panambur_Beach,2028-09-15,1.395,7.9271,266.0417,4.1,7.4917,0.5617,2.66,12.9482,74.8074,Moderate
Sasihithlu_Beach,2028-09-15,1.3683,7.9,265.875,4.3,7.5875,0.5617,2.66,13.0189,74.7932,Low
Ullal_Beach,2028-09-15,1.3775,7.9,266.625,4.3,7.6917,0.7862,1.85,12.8153,74.8451,High
Panambur_Beach,2028-09-16,1.4233,8.0375,267.5833,5.1,7.2708,0.5615,2.66,12.9482,74.8074,Moderate
Sasihithlu_Beach,2028-09-16,1.3958,8.0312,267.5833,4.8,6.9917,0.5615,2.66,13.0189,74.7932,Low
Ullal_Beach,2028-09-16,1.4033,8.0187,268.3333,6.5,7.5875,0.7862,1.85,12.8153,74.8451,High
Panambur_Beach,2028-09-17,1.2967,8.1417,264.2917,1.5,6.4458,0.5613,2.66,12.9482,74.8074,Moderate
Sasihithlu_Beach,2028-09-17,1.2733,8.1229,264.1667,2.1,6.2583,0.5613,2.66,13.0189,74.7932,Low
Ullal_Beach,2028-09-17,1.2983,8.1188,264.75,1.0,6.6958,0.7904,1.85,12.8153,74.8451,High
Panambur_Beach,2028-09-18,1.2383,8.2542,260.125,1.7,6.1958,0.5612,2.66,12.9482,74.8074,Moderate
Sasihithlu_Beach,2028-09-18,1.2158,8.2229,260.125,1.6,5.6833,0.5612,2.66,13.0189,74.7932,Low
Ullal_Beach,2028-09-18,1.2308,8.2208,259.8333,2.1,6.3042,0.7942,1.85,12.8153,74.8451,High
Panambur_Beach,2028-09-19,1.1592,8.0187,262.5,3.9,8.325,0.561,2.66,12.9482,74.8074,Moderate
Sasihithlu_Beach,2028-09-19,1.1392,8.025,262.5,3.1,7.8875,0.561,2.66,13.0189,74.7932,Low
Ullal_Beach,2028-09-19,1.1517,7.9792,262.5833,2.6,7.7542,0.8012,1.85,12.8153,74.8451,High
Panambur_Beach,2028-09-20,1.0833,8.1312,260.7083,3.5,7.2958,0.5608,2.66,12.9482,74.8074,Moderate
Sasihithlu_Beach,2028-09-20,1.0633,8.1333,260.7083,4.5,6.9042,0.5608,2.66,13.0189,74.7932,Low
Ullal_Beach,2028-09-20,1.0733,8.0187,261.0833,3.5,7.4958,0.8067,1.85,12.8153,74.8451,High
Panambur_Beach,2028-09-21,0.9392,8.2875,249.1667,0.3,6.5583,0.5606,2.66,12.9482,74.8074,Moderate
Sasihithlu_Beach,2028-09-21,0.9192,8.2708,249.375,0.7,6.225,0.5606,2.66,13.0189,74.7932,Low
Ullal_Beach,2028-09-21,0.9358,8.2083,249.125,0.8,6.5208,0.8121,1.85,12.8153,74.8451,High
Panambur_Beach,2028-09-22,0.88,9.3771,228.4583,1.0,6.625,0.5605,2.66,12.9482,74.8074,Moderate
Sasihithlu_Beach,2028-09-22,0.8558,9.3062,229.4583,1.6,6.2208,0.5605,2.66,13.0189,74.7932,Low
Ullal_Beach,2028-09-22,0.8833,9.2771,227.125,1.7,6.7125,0.8129,1.85,12.8153,74.8451,High
Panambur_Beach,2028-09-23,0.94,9.6396,228.625,6.0,7.3833,0.5603,2.66,12.9482,74.8074,Moderate
Sasihithlu_Beach,2028-09-23,0.9092,9.5708,228.6667,5.2,6.9083,0.5603,2.66,13.0189,74.7932,Low
Ullal_Beach,2028-09-23,0.945,9.5771,227.5833,1.4,7.3333,0.8142,1.85,12.8153,74.8451,High
Panambur_Beach,2028-09-24,0.8883,8.5021,235.4167,0.8,7.5125,0.5601,2.66,12.9482,74.8074,Moderate
Sasihithlu_Beach,2028-09-24,0.8608,8.4583,236.125,1.1,6.9333,0.5601,2.66,13.0189,74.7932,Low
Ullal_Beach,2028-09-24,0.8833,8.45,234.375,0.1,7.9875,0.8129,1.85,12.8153,74.8451,High
Panambur_Beach,2028-09-25,0.9175,7.3062,258.4583,0.6,10.4,0.56,2.66,12.9482,74.8074,Moderate
Sasihithlu_Beach,2028-09-25,0.895,7.2875,258.25,0.7,9.9583,0.56,2.66,13.0189,74.7932,Low
Ullal_Beach,2028-09-25,0.9292,7.1979,258.9167,0.3,10.3792,0.8062,1.85,12.8153,74.8451,High
Panambur_Beach,2028-09-26,0.8725,6.1854,274.5417,0.3,13.2458,0.5598,2.66,12.9482,74.8074,Low
Sasihithlu_Beach,2028-09-26,0.8383,6.1667,273.9583,0.6,12.7458,0.5598,2.66,13.0189,74.7932,Low
Ullal_Beach,2028-09-26,0.8942,6.0979,275.5417,0.2,13.3667,0.8012,1.85,12.8153,74.8451,High
Panambur_Beach,2028-09-27,0.9275,6.2021,275.7083,0.9,12.6042,0.5596,2.66,12.9482,74.8074,Low
Sasihithlu_Beach,2028-09-27,0.8992,6.1833,275.5417,1.4,12.2875,0.5596,2.66,13.0189,74.7932,Low
Ullal_Beach,2028-09-27,0.9483,6.1583,276.8333,0.6,12.3542,0.7962,1.85,12.8153,74.8451,High
Panambur_Beach,2028-09-28,0.89,6.4937,273.625,0.2,12.3208,0.5595,2.66,12.9482,74.8074,Low
Sasihithlu_Beach,2028-09-28,0.8625,6.5104,273.0,0.3,11.6792,0.5595,2.66,13.0189,74.7932,Low
Ullal_Beach,2028-09-28,0.9167,6.3854,274.7917,0.4,12.1,0.79,1.85,12.8153,74.8451,High
Panambur_Beach,2028-09-29,0.7742,7.7375,246.0417,0.6,10.4833,0.5593,2.66,12.9482,74.8074,Moderate
Sasihithlu_Beach,2028-09-29,0.7475,7.6396,246.875,1.1,10.125,0.5593,2.66,13.0189,74.7932,Low
Ullal_Beach,2028-09-29,0.795,7.7667,244.8333,1.0,10.2083,0.7871,1.85,12.8153,74.8451,High
Panambur_Beach,2028-09-30,0.8308,7.4104,249.1667,15.4,7.2625,0.5591,2.66,12.9482,74.8074,Moderate
Sasihithlu_Beach,2028-09-30,0.805,7.3312,251.0417,14.7,6.8458,0.5591,2.66,13.0189,74.7932,Low
Ullal_Beach,2028-09-30,0.8433,7.45,247.1667,7.2,6.8167,0.785,1.85,12.8153,74.8451,High
Panambur_Beach,2028-10-01,0.8517,7.2146,294.3333,0.0,10.6292,0.6039,2.66,12.9482,74.8074,Low
Sasihithlu_Beach,2028-10-01,0.8183,7.2458,293.9583,0.0,10.0292,0.6039,2.66,13.0189,74.7932,Low
Ullal_Beach,2028-10-01,0.8825,7.1083,295.3333,0.0,10.35,0.7954,1.85,12.8153,74.8451,High
Panambur_Beach,2028-10-02,0.9975,6.2583,302.875,0.0,10.2792,0.5986,2.66,12.9482,74.8074,Low
Sasihithlu_Beach,2028-10-02,0.9575,6.2375,301.5833,0.0,9.8958,0.5986,2.66,13.0189,74.7932,Low
Ullal_Beach,2028-10-02,1.0358,6.1792,304.6667,0.0,10.8333,0.8042,1.85,12.8153,74.8451,High
Panambur_Beach,2028-10-03,0.5233,8.3167,226.375,0.0,8.4125,0.5939,2.66,12.9482,74.8074,Moderate
Sasihithlu_Beach,2028-10-03,0.4983,8.2979,227.0417,0.0,8.0833,0.5939,2.66,13.0189,74.7932,Low
Ullal_Beach,2028-10-03,0.5375,8.1833,226.375,0.0,8.725,0.7954,1.85,12.8153,74.8451,High
Panambur_Beach,2028-10-04,0.4792,9.3104,202.875,5.2,7.55,0.5886,2.66,12.9482,74.8074,Moderate
Sasihithlu_Beach,2028-10-04,0.4533,9.4146,203.125,5.7,7.5875,0.5886,2.66,13.0189,74.7932,Low
Ullal_Beach,2028-10-04,0.4958,8.9708,202.5833,5.2,7.8375,0.8029,1.85,12.8153,74.8451,High
Panambur_Beach,2028-10-05,1.3967,6.2083,287.875,8.1,16.025,0.5835,2.66,12.9482,74.8074,Low
Sasihithlu_Beach,2028-10-05,1.3558,6.1979,287.375,7.3,15.7167,0.5835,2.66,13.0189,74.7932,Low
Ullal_Beach,2028-10-05,1.4325,6.1417,289.0417,9.5,16.2417,0.8054,1.85,12.8153,74.8451,High
Panambur_Beach,2028-10-06,1.5158,8.8062,254.125,13.3,8.0458,0.5782,2.66,12.9482,74.8074,Moderate
Sasihithlu_Beach,2028-10-06,1.4867,8.8104,253.375,12.2,8.3167,0.5782,2.66,13.0189,74.7932,Low
Ullal_Beach,2028-10-06,1.4908,8.6063,254.7917,7.2,7.3083,0.8117,1.85,12.8153,74.8451,High
Panambur_Beach,2028-10-07,2.855,9.3229,274.6667,48.9,12.1,0.5731,2.66,12.9482,74.8074,Moderate
Sasihithlu_Beach,2028-10-07,2.7875,9.3479,273.7917,54.7,11.2833,0.5731,2.66,13.0189,74.7932,Moderate
Ullal_Beach,2028-10-07,2.8575,9.2313,275.6667,47.8,13.1958,0.8129,1.85,12.8153,74.8451,High
Panambur_Beach,2028-10-08,3.0058,9.2521,270.0833,28.0,19.9167,0.5678,2.66,12.9482,74.8074,Moderate
Sasihithlu_Beach,2028-10-08,2.9458,9.25,269.2083,31.6,19.2667,0.5678,2.66,13.0189,74.7932,Moderate
Ullal_Beach,2028-10-08,2.9717,9.2146,270.75,11.0,19.3417,0.8142,1.85,12.8153,74.8451,High
Panambur_Beach,2028-10-09,1.8783,7.7062,260.5417,22.8,12.9375,0.5625,2.66,12.9482,74.8074,Moderate
Sasihithlu_Beach,2028-10-09,1.8367,7.7396,259.8333,21.8,12.0167,0.5625,2.66,13.0189,74.7932,Low
Ullal_Beach,2028-10-09,1.8833,7.6271,260.8333,20.6,12.925,0.8079,1.85,12.8153,74.8451,High
Panambur_Beach,2028-10-10,0.8008,7.8271,240.5833,4.5,7.4458,0.5574,2.66,12.9482,74.8074,Moderate
Sasihithlu_Beach,2028-10-10,0.7733,7.7542,241.3333,2.3,7.15,0.5574,2.66,13.0189,74.7932,Low
Ullal_Beach,2028-10-10,0.8208,7.8979,239.375,1.1,7.15,0.805,1.85,12.8153,74.8451,High
Panambur_Beach,2028-10-11,0.4833,9.5833,212.9167,0.0,8.5,0.5521,2.66,12.9482,74.8074,Moderate
Sasihithlu_Beach,2028-10-11,0.4583,9.6854,214.125,0.0,7.9042,0.5521,2.66,13.0189,74.7932,Low
Ullal_Beach,2028-10-11,0.4933,9.2458,211.7083,0.0,8.9833,0.7988,1.85,12.8153,74.8451,High
Panambur_Beach,2028-10-12,0.6275,6.4396,286.9583,2.1,8.3375,0.4721,2.66,12.9482,74.8074,Low
Sasihithlu_Beach,2028-10-12,0.59,6.4417,286.1667,2.3,8.7667,0.4721,2.66,13.0189,74.7932,Low
Ullal_Beach,2028-10-12,0.6617,6.3021,289.3333,1.8,8.0,0.4721,1.85,12.8153,74.8451,Moderate
Panambur_Beach,2028-10-13,0.7025,8.5167,225.9583,5.6,6.4042,0.5569,2.66,12.9482,74.8074,Moderate
Sasihithlu_Beach,2028-10-13,0.6725,8.4542,227.2917,7.2,6.1458,0.5569,2.66,13.0189,74.7932,Low
Ullal_Beach,2028-10-13,0.7142,8.4646,224.4167,10.6,6.7,0.7887,1.85,12.8153,74.8451,High
Panambur_Beach,2028-10-14,0.6925,8.6292,218.0833,3.5,7.5708,0.5567,2.66,12.9482,74.8074,Moderate
Sasihithlu_Beach,2028-10-14,0.6617,8.5646,219.375,5.4,7.3875,0.5567,2.66,13.0189,74.7932,Low
Ullal_Beach,2028-10-14,0.7125,8.5708,216.7083,3.3,6.8875,0.7871,1.85,12.8153,74.8451,High
Panambur_Beach,2028-10-15,0.7317,9.1,211.625,9.7,6.2875,0.5566,2.66,12.9482,74.8074,Moderate
Sasihithlu_Beach,2028-10-15,0.6975,9.0521,212.625,12.2,6.0875,0.5566,2.66,13.0189,74.7932,Low
Ullal_Beach,2028-10-15,0.7475,9.0146,210.125,1.9,5.9833,0.7867,1.85,12.8153,74.8451,High
Panambur_Beach,2028-10-16,0.7683,8.5104,217.625,18.1,5.6875,0.5564,2.66,12.9482,74.8074,Moderate
Sasihithlu_Beach,2028-10-16,0.7283,8.5062,217.7083,25.4,5.5333,0.5564,2.66,13.0189,74.7932,Low
Ullal_Beach,2028-10-16,0.7758,8.4167,217.125,8.8,5.425,0.7871,1.85,12.8153,74.8451,High
Panambur_Beach,2028-10-17,0.7125,8.1,220.5,16.8,6.6333,0.5562,2.66,12.9482,74.8074,Moderate
Sasihithlu_Beach,2028-10-17,0.6775,8.1312,221.375,16.9,6.5333,0.5562,2.66,13.0189,74.7932,Low
Ullal_Beach,2028-10-17,0.7325,7.9188,219.8333,14.7,6.6333,0.7925,1.85,12.8153,74.8451,High
Panambur_Beach,2028-10-18,0.8475,7.2917,204.0417,32.0,9.1167,0.556,2.66,12.9482,74.8074,Moderate
Sasihithlu_Beach,2028-10-18,0.7975,7.3979,205.8333,24.2,8.6,0.556,2.66,13.0189,74.7932,Low
Ullal_Beach,2028-10-18,0.8883,7.0396,201.8333,19.8,9.3542,0.7971,1.85,12.8153,74.8451,High
Panambur_Beach,2028-10-19,1.0808,7.7542,212.0833,6.2,9.2958,0.5559,2.66,12.9482,74.8074,Moderate
Sasihithlu_Beach,2028-10-19,1.0158,7.7646,212.1667,3.6,9.3375,0.5559,2.66,13.0189,74.7932,Low
Ullal_Beach,2028-10-19,1.12,7.6792,212.1667,6.9,8.8458,0.8038,1.85,12.8153,74.8451,High
Panambur_Beach,2028-10-20,0.9492,7.7646,226.125,8.8,6.5833,0.5557,2.66,12.9482,74.8074,Moderate
Sasihithlu_Beach,2028-10-20,0.9233,7.7792,225.9583,9.8,6.7125,0.5557,2.66,13.0189,74.7932,Low
Ullal_Beach,2028-10-20,0.9492,7.6708,226.125,4.0,6.5125,0.8088,1.85,12.8153,74.8451,High
Panambur_Beach,2028-10-21,0.8667,7.7208,232.9583,18.1,6.5542,0.5555,2.66,12.9482,74.8074,Moderate
Sasihithlu_Beach,2028-10-21,0.8467,7.7354,233.3333,22.0,6.3042,0.5555,2.66,13.0189,74.7932,Low
Ullal_Beach,2028-10-21,0.8617,7.6333,232.875,12.0,6.55,0.8125,1.85,12.8153,74.8451,High
Panambur_Beach,2028-10-22,0.7075,7.6771,228.5417,1.0,5.7583,0.5554,2.66,12.9482,74.8074,Moderate
Sasihithlu_Beach,2028-10-22,0.685,7.6875,228.9167,2.2,5.4625,0.5554,2.66,13.0189,74.7932,Low
Ullal_Beach,2028-10-22,0.6983,7.5396,228.25,0.1,5.9667,0.8142,1.85,12.8153,74.8451,High
Panambur_Beach,2028-10-23,0.535,8.3729,220.8333,1.0,6.0375,0.5552,2.66,12.9482,74.8074,Moderate
Sasihithlu_Beach,2028-10-23,0.5242,8.3375,221.2083,1.1,6.3833,0.5552,2.66,13.0189,74.7932,Low
Ullal_Beach,2028-10-23,0.5342,8.2646,220.0417,0.6,5.9083,0.8142,1.85,12.8153,74.8451,High
Panambur_Beach,2028-10-24,0.5017,9.4292,211.75,0.0,6.5333,0.555,2.66,12.9482,74.8074,Moderate
Sasihithlu_Beach,2028-10-24,0.4908,9.3792,212.6667,0.0,6.3292,0.555,2.66,13.0189,74.7932,Low
Ullal_Beach,2028-10-24,0.5042,9.3771,210.375,0.0,6.7917,0.8104,1.85,12.8153,74.8451,High
Panambur_Beach,2028-10-25,0.5008,9.5708,205.5,0.0,6.8667,0.5549,2.66,12.9482,74.8074,Moderate
Sasihithlu_Beach,2028-10-25,0.4808,9.5479,206.2083,0.0,7.0333,0.5549,2.66,13.0189,74.7932,Low
Ullal_Beach,2028-10-25,0.5033,9.4479,204.375,0.0,7.1083,0.8042,1.85,12.8153,74.8451,High
Panambur_Beach,2028-10-26,0.4783,9.5187,196.375,0.0,7.25,0.5547,2.66,12.9482,74.8074,Moderate
Sasihithlu_Beach,2028-10-26,0.4408,9.55,196.5833,0.0,7.2375,0.5547,2.66,13.0189,74.7932,Low
Ullal_Beach,2028-10-26,0.4925,9.3229,195.3333,0.0,7.2833,0.7996,1.85,12.8153,74.8451,High
Panambur_Beach,2028-10-27,0.555,9.3583,197.9167,0.0,7.0708,0.5545,2.66,12.9482,74.8074,Moderate
Sasihithlu_Beach,2028-10-27,0.5208,9.3271,198.5417,0.0,7.3458,0.5545,2.66,13.0189,74.7932,Low
Ullal_Beach,2028-10-27,0.5683,9.2896,196.9167,0.0,8.6125,0.7929,1.85,12.8153,74.8451,High
Panambur_Beach,2028-10-28,0.6225,8.8792,208.3333,0.0,8.0333,0.5543,2.66,12.9482,74.8074,Moderate
Sasihithlu_Beach,2028-10-28,0.5867,8.8688,209.25,0.0,7.4667,0.5543,2.66,13.0189,74.7932,Low
Ullal_Beach,2028-10-28,0.6358,8.7729,207.4583,0.0,8.4542,0.7887,1.85,12.8153,74.8451,High
Panambur_Beach,2028-10-29,0.58,9.6021,205.125,0.4,8.2208,0.5542,2.66,12.9482,74.8074,Moderate
Sasihithlu_Beach,2028-10-29,0.555,9.6458,206.2917,0.3,7.3792,0.5542,2.66,13.0189,74.7932,Low
Ullal_Beach,2028-10-29,0.5917,9.2521,204.3333,0.1,9.9125,0.7858,1.85,12.8153,74.8451,High
Panambur_Beach,2028-10-30,0.5933,10.6542,199.375,12.2,4.8333,0.554,2.66,12.9482,74.8074,Moderate
Sasihithlu_Beach,2028-10-30,0.5633,10.7542,200.2917,21.0,4.8417,0.554,2.66,13.0189,74.7932,Low
Ullal_Beach,2028-10-30,0.5983,10.2896,198.5417,8.1,5.3042,0.7858,1.85,12.8153,74.8451,High
Panambur_Beach,2028-10-31,0.5742,10.7021,199.25,0.1,6.5417,0.5538,2.66,12.9482,74.8074,Moderate
Sasihithlu_Beach,2028-10-31,0.5467,10.8438,200.125,0.3,6.8333,0.5538,2.66,13.0189,74.7932,Low
Ullal_Beach,2028-10-31,0.5717,10.3396,198.25,0.0,6.5125,0.7892,1.85,12.8153,74.8451,High
Panambur_Beach,2028-11-01,1.0517,5.675,311.4167,0.0,13.2167,0.6037,2.66,12.9482,74.8074,Low
Sasihithlu_Beach,2028-11-01,0.9992,5.6688,310.7083,0.0,12.8958,0.6037,2.66,13.0189,74.7932,Low
Ullal_Beach,2028-11-01,1.105,5.6562,312.7917,0.0,13.025,0.8021,1.85,12.8153,74.8451,Moderate
Panambur_Beach,2028-11-02,0.7625,6.6188,292.875,0.0,8.8083,0.5985,2.66,12.9482,74.8074,Low
Sasihithlu_Beach,2028-11-02,0.7325,6.6104,292.7917,0.0,8.0042,0.5985,2.66,13.0189,74.7932,Low
Ullal_Beach,2028-11-02,0.7983,6.4875,294.2917,0.0,9.7542,0.8096,1.85,12.8153,74.8451,High
Panambur_Beach,2028-11-03,0.5967,8.5187,228.4583,0.2,9.6667,0.5937,2.66,12.9482,74.8074,Moderate
Sasihithlu_Beach,2028-11-03,0.5683,8.4729,229.3333,0.5,9.3625,0.5937,2.66,13.0189,74.7932,Low
Ullal_Beach,2028-11-03,0.6092,8.4104,227.9583,0.0,10.4125,0.8017,1.85,12.8153,74.8451,High
Panambur_Beach,2028-11-04,0.4517,10.0271,206.0,0.7,8.6667,0.5884,2.66,12.9482,74.8074,Moderate
Sasihithlu_Beach,2028-11-04,0.4317,10.175,206.2083,0.3,8.725,0.5884,2.66,13.0189,74.7932,Low
Ullal_Beach,2028-11-04,0.465,9.5375,206.0417,1.6,8.0125,0.8088,1.85,12.8153,74.8451,High
Panambur_Beach,2028-11-05,1.33,6.8479,275.0,28.3,6.3375,0.5833,2.66,12.9482,74.8074,Moderate
Sasihithlu_Beach,2028-11-05,1.29,6.8188,274.5833,28.2,6.3333,0.5833,2.66,13.0189,74.7932,Low
Ullal_Beach,2028-11-05,1.3592,6.7688,276.0417,25.8,6.6,0.8104,1.85,12.8153,74.8451,High
Panambur_Beach,2028-11-06,1.4333,8.5646,250.8333,37.7,8.7417,0.578,2.66,12.9482,74.8074,Moderate
Sasihithlu_Beach,2028-11-06,1.4008,8.5875,250.4583,41.0,8.7708,0.578,2.66,13.0189,74.7932,Low
Ullal_Beach,2028-11-06,1.4158,8.3667,251.2917,31.0,8.6083,0.8133,1.85,12.8153,74.8451,High
Panambur_Beach,2028-11-07,3.0267,10.0083,273.8333,29.9,10.7292,0.5729,2.66,12.9482,74.8074,Moderate
Sasihithlu_Beach,2028-11-07,2.9492,10.0146,273.2083,31.4,10.2458,0.5729,2.66,13.0189,74.7932,Moderate
Ullal_Beach,2028-11-07,3.0225,9.9438,274.7083,31.3,10.275,0.8129,1.85,12.8153,74.8451,High
Panambur_Beach,2028-11-08,2.9458,9.5229,270.75,41.1,14.2,0.5676,2.66,12.9482,74.8074,Moderate
Sasihithlu_Beach,2028-11-08,2.8825,9.5146,270.4583,28.5,13.3167,0.5676,2.66,13.0189,74.7932,Moderate
Ullal_Beach,2028-11-08,2.9192,9.4938,271.4583,18.9,14.1375,0.8096,1.85,12.8153,74.8451,High
Panambur_Beach,2028-11-09,2.0058,7.3521,264.75,17.6,16.7375,0.5623,2.66,12.9482,74.8074,Moderate
Sasihithlu_Beach,2028-11-09,1.96,7.3479,264.4583,17.9,16.4583,0.5623,2.66,13.0189,74.7932,Low
Ullal_Beach,2028-11-09,2.0117,7.3417,265.5833,10.8,15.7542,0.8033,1.85,12.8153,74.8451,High
Panambur_Beach,2028-11-10,0.8508,8.3479,245.3333,4.6,5.5042,0.5572,2.66,12.9482,74.8074,Moderate
Sasihithlu_Beach,2028-11-10,0.8233,8.2917,245.875,6.1,5.1667,0.5572,2.66,13.0189,74.7932,Low
Ullal_Beach,2028-11-10,0.8583,8.3562,244.1667,2.6,5.3917,0.8,1.85,12.8153,74.8451,High
Panambur_Beach,2028-11-11,0.5917,9.3271,231.7917,0.0,6.4625,0.552,2.66,12.9482,74.8074,Moderate
Sasihithlu_Beach,2028-11-11,0.565,9.3667,233.0,0.0,6.4917,0.552,2.66,13.0189,74.7932,Low
Ullal_Beach,2028-11-11,0.6017,8.9854,232.0833,7.8,6.2167,0.7921,1.85,12.8153,74.8451,High
Panambur_Beach,2028-11-12,0.7992,5.05,306.3333,21.5,13.9125,0.4062,2.66,12.9482,74.8074,Low
Sasihithlu_Beach,2028-11-12,0.7275,5.0875,304.9167,22.0,13.3167,0.4062,2.66,13.0189,74.7932,Low
Ullal_Beach,2028-11-12,0.9117,4.9542,308.0417,22.2,14.3417,0.4062,1.85,12.8153,74.8451,Moderate
Panambur_Beach,2028-11-13,0.53,8.675,234.75,12.9,5.425,0.5516,2.66,12.9482,74.8074,Moderate
Sasihithlu_Beach,2028-11-13,0.4992,8.7542,234.4167,18.4,5.0167,0.5516,2.66,13.0189,74.7932,Low
Ullal_Beach,2028-11-13,0.5367,8.3292,236.0417,11.0,6.9625,0.785,1.85,12.8153,74.8451,High
Panambur_Beach,2028-11-14,0.5508,7.5688,204.0417,7.1,4.7333,0.5515,2.66,12.9482,74.8074,Moderate
Sasihithlu_Beach,2028-11-14,0.5117,7.7417,205.8333,9.4,4.5375,0.5515,2.66,13.0189,74.7932,Low
Ullal_Beach,2028-11-14,0.575,7.1104,201.9167,0.6,5.6583,0.7879,1.85,12.8153,74.8451,High
Panambur_Beach,2028-11-15,0.565,7.0417,203.125,11.7,5.7083,0.5513,2.66,12.9482,74.8074,Moderate
Sasihithlu_Beach,2028-11-15,0.5217,7.2042,204.1667,21.2,5.1208,0.5513,2.66,13.0189,74.7932,Low
Ullal_Beach,2028-11-15,0.5917,6.7146,201.7917,6.0,6.5875,0.7908,1.85,12.8153,74.8451,High
Panambur_Beach,2028-11-16,0.5408,8.2687,207.4583,9.0,4.65,0.5511,2.66,12.9482,74.8074,Moderate
Sasihithlu_Beach,2028-11-16,0.5133,8.325,207.3333,8.4,4.7833,0.5511,2.66,13.0189,74.7932,Low
Ullal_Beach,2028-11-16,0.5408,8.0833,207.7917,3.0,4.525,0.7946,1.85,12.8153,74.8451,High
Panambur_Beach,2028-11-17,0.5575,8.0146,213.9167,0.0,5.975,0.5509,2.66,12.9482,74.8074,Moderate
Sasihithlu_Beach,2028-11-17,0.535,8.05,214.2083,0.0,6.075,0.5509,2.66,13.0189,74.7932,Low
Ullal_Beach,2028-11-17,0.5575,7.9104,214.25,0.1,6.2792,0.8004,1.85,12.8153,74.8451,High
Panambur_Beach,2028-11-18,0.5142,7.3188,228.9167,0.0,7.7292,0.5508,2.66,12.9482,74.8074,Moderate
Sasihithlu_Beach,2028-11-18,0.4967,7.2792,230.1667,0.0,7.6458,0.5508,2.66,13.0189,74.7932,Low
Ullal_Beach,2028-11-18,0.5183,7.2542,228.2083,0.0,8.6542,0.8071,1.85,12.8153,74.8451,High
Panambur_Beach,2028-11-19,0.475,8.25,220.2083,0.0,7.2792,0.5506,2.66,12.9482,74.8074,Moderate
Sasihithlu_Beach,2028-11-19,0.455,8.3021,220.25,0.0,7.4667,0.5506,2.66,13.0189,74.7932,Low
Ullal_Beach,2028-11-19,0.4808,8.0208,220.375,0.0,9.175,0.8108,1.85,12.8153,74.8451,High
Panambur_Beach,2028-11-20,0.505,8.725,224.2083,0.0,7.0875,0.5504,2.66,12.9482,74.8074,Moderate
Sasihithlu_Beach,2028-11-20,0.4842,8.7396,225.125,0.0,6.7625,0.5504,2.66,13.0189,74.7932,Low
Ullal_Beach,2028-11-20,0.5125,8.5042,224.8333,0.0,8.4,0.8133,1.85,12.8153,74.8451,High
Panambur_Beach,2028-11-21,0.5708,8.5271,222.9583,0.0,7.6667,0.5503,2.66,12.9482,74.8074,Moderate
Sasihithlu_Beach,2028-11-21,0.54,8.5396,223.3333,0.0,7.475,0.5503,2.66,13.0189,74.7932,Low
Ullal_Beach,2028-11-21,0.5808,8.2604,225.625,0.0,8.3917,0.8138,1.85,12.8153,74.8451,High
Panambur_Beach,2028-11-22,0.5508,7.5333,226.3333,0.0,5.6125,0.5501,2.66,12.9482,74.8074,Moderate
Sasihithlu_Beach,2028-11-22,0.5175,7.5479,226.25,0.0,5.8917,0.5501,2.66,13.0189,74.7932,Low
Ullal_Beach,2028-11-22,0.5675,7.3646,227.5,0.3,7.0583,0.8117,1.85,12.8153,74.8451,High
Panambur_Beach,2028-11-23,0.4458,8.4292,209.75,1.4,5.8958,0.4496,2.66,12.9482,74.8074,Moderate
Sasihithlu_Beach,2028-11-23,0.425,8.3771,210.4167,1.2,5.6917,0.4496,2.66,13.0189,74.7932,Low
Ullal_Beach,2028-11-23,0.4608,8.3625,208.75,0.6,7.1125,0.4496,1.85,12.8153,74.8451,High
Panambur_Beach,2028-11-24,0.4583,8.7875,207.1667,9.4,5.5875,0.415,2.66,12.9482,74.8074,Moderate
Sasihithlu_Beach,2028-11-24,0.4225,8.7042,208.5417,9.4,5.1708,0.415,2.66,13.0189,74.7932,Low
Ullal_Beach,2028-11-24,0.4683,8.7958,205.625,10.9,6.075,0.415,1.85,12.8153,74.8451,High
Panambur_Beach,2028-11-25,0.4775,8.7604,200.2917,2.3,6.1208,0.4158,2.66,12.9482,74.8074,Moderate
Sasihithlu_Beach,2028-11-25,0.44,8.7375,201.875,2.3,5.7083,0.4158,2.66,13.0189,74.7932,Low
Ullal_Beach,2028-11-25,0.5,8.6208,198.5417,2.8,6.7625,0.4158,1.85,12.8153,74.8451,High
Panambur_Beach,2028-11-26,0.4275,8.6792,204.2083,2.1,6.4625,0.445,2.66,12.9482,74.8074,Moderate
Sasihithlu_Beach,2028-11-26,0.4067,8.6458,205.5,2.9,6.0042,0.445,2.66,13.0189,74.7932,Low
Ullal_Beach,2028-11-26,0.445,8.5646,203.0417,2.2,6.5958,0.445,1.85,12.8153,74.8451,High
Panambur_Beach,2028-11-27,0.44,9.2375,204.9583,2.6,6.7,0.4762,2.66,12.9482,74.8074,Moderate
Sasihithlu_Beach,2028-11-27,0.4175,9.2896,205.4583,2.5,6.2875,0.4762,2.66,13.0189,74.7932,Low
Ullal_Beach,2028-11-27,0.45,8.9854,204.0833,2.1,7.2792,0.4762,1.85,12.8153,74.8451,High
Panambur_Beach,2028-11-28,0.41,9.7521,198.5,6.4,6.5208,0.4779,2.66,12.9482,74.8074,Moderate
Sasihithlu_Beach,2028-11-28,0.3875,9.7875,199.625,5.3,6.8917,0.4779,2.66,13.0189,74.7932,Low
Ullal_Beach,2028-11-28,0.42,9.5188,197.6667,8.0,6.7958,0.4779,1.85,12.8153,74.8451,High
Panambur_Beach,2028-11-29,0.4058,10.2979,195.2083,3.5,5.7125,0.4871,2.66,12.9482,74.8074,Moderate
Sasihithlu_Beach,2028-11-29,0.3858,10.3833,195.9583,2.2,5.6,0.4871,2.66,13.0189,74.7932,Low
Ullal_Beach,2028-11-29,0.4133,10.0333,194.2083,1.9,6.1833,0.4871,1.85,12.8153,74.8451,High
Panambur_Beach,2028-11-30,0.3675,10.2604,199.7083,0.0,6.7625,0.51,2.66,12.9482,74.8074,Moderate
Sasihithlu_Beach,2028-11-30,0.35,10.4396,200.375,0.0,6.3875,0.51,2.66,13.0189,74.7932,Low
Ullal_Beach,2028-11-30,0.3708,9.8375,199.4167,0.0,7.4375,0.51,1.85,12.8153,74.8451,High
Panambur_Beach,2028-12-01,0.7825,5.5688,305.0833,0.0,11.9333,0.6036,2.66,12.9482,74.8074,Low
Sasihithlu_Beach,2028-12-01,0.7367,5.6,303.9583,0.0,11.4625,0.6036,2.66,13.0189,74.7932,Low
Ullal_Beach,2028-12-01,0.8358,5.4708,307.0417,0.0,11.3542,0.8067,1.85,12.8153,74.8451,Moderate
Panambur_Beach,2028-12-02,0.68,7.5333,285.2083,0.0,9.45,0.5983,2.66,12.9482,74.8074,Low
Sasihithlu_Beach,2028-12-02,0.6525,7.5271,284.75,0.0,8.4333,0.5983,2.66,13.0189,74.7932,Low
Ullal_Beach,2028-12-02,0.7058,7.4083,286.7083,0.0,9.5833,0.8125,1.85,12.8153,74.8451,High
Panambur_Beach,2028-12-03,0.6017,8.2208,229.875,0.0,8.1792,0.5935,2.66,12.9482,74.8074,Moderate
Sasihithlu_Beach,2028-12-03,0.5725,8.2062,230.8333,0.0,7.7208,0.5935,2.66,13.0189,74.7932,Low
Ullal_Beach,2028-12-03,0.6192,8.0917,230.5417,0.0,8.5375,0.8062,1.85,12.8153,74.8451,High
Panambur_Beach,2028-12-04,0.4658,10.6104,206.75,5.8,6.4833,0.5882,2.66,12.9482,74.8074,Moderate
Sasihithlu_Beach,2028-12-04,0.4458,10.6083,207.9583,3.0,6.3917,0.5882,2.66,13.0189,74.7932,Low
Ullal_Beach,2028-12-04,0.4683,10.4125,205.5833,2.6,6.1083,0.8121,1.85,12.8153,74.8451,High
Panambur_Beach,2028-12-05,1.245,7.0208,261.75,14.0,7.2875,0.5831,2.66,12.9482,74.8074,Moderate
Sasihithlu_Beach,2028-12-05,1.205,6.9646,261.9583,16.1,6.9625,0.5831,2.66,13.0189,74.7932,Low
Ullal_Beach,2028-12-05,1.2733,7.0146,262.125,17.8,7.2833,0.8138,1.85,12.8153,74.8451,High
Panambur_Beach,2028-12-06,1.7417,8.9021,254.9583,37.8,10.2833,0.5778,2.66,12.9482,74.8074,Moderate
Sasihithlu_Beach,2028-12-06,1.7042,8.9208,254.2083,34.9,10.8458,0.5778,2.66,13.0189,74.7932,Low
Ullal_Beach,2028-12-06,1.7408,8.7542,256.0833,47.6,8.8,0.8133,1.85,12.8153,74.8451,High
Panambur_Beach,2028-12-07,2.7458,9.5417,271.9583,35.3,12.0125,0.5727,2.66,12.9482,74.8074,Moderate
Sasihithlu_Beach,2028-12-07,2.6833,9.5458,271.4167,37.0,11.6333,0.5727,2.66,13.0189,74.7932,Low
Ullal_Beach,2028-12-07,2.7325,9.4854,272.8333,35.5,11.6833,0.8117,1.85,12.8153,74.8451,High
Panambur_Beach,2028-12-08,2.8175,9.9292,274.2083,21.2,10.0583,0.5675,2.66,12.9482,74.8074,Moderate
Sasihithlu_Beach,2028-12-08,2.7633,9.9333,273.7083,14.8,9.2125,0.5675,2.66,13.0189,74.7932,Moderate
Ullal_Beach,2028-12-08,2.785,9.8958,274.9583,13.6,9.7333,0.8046,1.85,12.8153,74.8451,High
Panambur_Beach,2028-12-09,2.2008,7.5333,267.2917,12.7,16.5333,0.5622,2.66,12.9482,74.8074,Moderate
Sasihithlu_Beach,2028-12-09,2.1633,7.5333,266.4583,13.3,16.1583,0.5622,2.66,13.0189,74.7932,Low
Ullal_Beach,2028-12-09,2.1825,7.5146,268.0417,4.2,16.05,0.7971,1.85,12.8153,74.8451,High
Panambur_Beach,2028-12-10,0.7792,8.3812,239.8333,0.0,7.7125,0.5571,2.66,12.9482,74.8074,Moderate
Sasihithlu_Beach,2028-12-10,0.7525,8.3292,240.1667,0.0,7.4458,0.5571,2.66,13.0189,74.7932,Low
Ullal_Beach,2028-12-10,0.78,8.3312,238.625,0.0,7.2375,0.7942,1.85,12.8153,74.8451,High
Panambur_Beach,2028-12-11,0.5375,9.6375,216.5417,0.7,4.8375,0.5518,2.66,12.9482,74.8074,Moderate
Sasihithlu_Beach,2028-12-11,0.5025,9.6938,218.0833,0.0,4.8708,0.5518,2.66,13.0189,74.7932,Low
Ullal_Beach,2028-12-11,0.5458,9.3542,215.9583,0.1,5.1958,0.7875,1.85,12.8153,74.8451,High
Panambur_Beach,2028-12-12,0.7233,5.8813,277.5,15.8,5.3333,0.3833,2.66,12.9482,74.8074,Low
Sasihithlu_Beach,2028-12-12,0.685,5.8542,277.5833,15.9,5.3917,0.3833,2.66,13.0189,74.7932,Low
Ullal_Beach,2028-12-12,0.7833,5.7958,277.4583,15.5,5.9917,0.3833,1.85,12.8153,74.8451,High
Panambur_Beach,2028-12-13,1.1542,5.3479,182.6667,9.8,13.5125,0.4133,2.66,12.9482,74.8074,Moderate
Sasihithlu_Beach,2028-12-13,1.045,5.4375,189.125,8.0,13.2667,0.4133,2.66,13.0189,74.7932,Low
Ullal_Beach,2028-12-13,1.2733,5.1729,176.5,15.6,14.3625,0.4133,1.85,12.8153,74.8451,High
Panambur_Beach,2028-12-14,0.8767,5.4,197.5417,2.6,11.025,0.43,2.66,12.9482,74.8074,Moderate
Sasihithlu_Beach,2028-12-14,0.8258,5.4896,199.3333,3.1,10.6292,0.43,2.66,13.0189,74.7932,Low
Ullal_Beach,2028-12-14,0.9075,5.2833,195.5417,0.9,10.9125,0.43,1.85,12.8153,74.8451,High
Panambur_Beach,2028-12-15,0.575,6.1562,216.5417,0.0,7.9917,0.4842,2.66,12.9482,74.8074,Moderate
Sasihithlu_Beach,2028-12-15,0.5492,6.1771,217.2917,0.0,7.1875,0.4842,2.66,13.0189,74.7932,Low
Ullal_Beach,2028-12-15,0.585,6.1104,215.5,0.0,8.3875,0.4842,1.85,12.8153,74.8451,High
Panambur_Beach,2028-12-16,0.4625,7.4458,236.7917,0.0,7.4167,0.5325,2.66,12.9482,74.8074,Moderate
Sasihithlu_Beach,2028-12-16,0.435,7.4417,237.375,0.0,6.8792,0.5325,2.66,13.0189,74.7932,Low
Ullal_Beach,2028-12-16,0.47,7.3458,237.5417,0.0,7.475,0.5325,1.85,12.8153,74.8451,High
Panambur_Beach,2028-12-17,0.4517,9.0458,235.7083,0.0,6.725,0.5458,2.66,12.9482,74.8074,Moderate
Sasihithlu_Beach,2028-12-17,0.4325,9.1521,234.875,0.0,6.6708,0.5458,2.66,13.0189,74.7932,Low
Ullal_Beach,2028-12-17,0.465,8.6792,237.75,0.0,7.9042,0.5458,1.85,12.8153,74.8451,High
Panambur_Beach,2028-12-18,0.5158,9.5938,231.4167,0.0,9.6958,0.5488,2.66,12.9482,74.8074,Moderate
Sasihithlu_Beach,2028-12-18,0.4883,9.7292,230.4583,0.0,9.075,0.5488,2.66,13.0189,74.7932,Low
Ullal_Beach,2028-12-18,0.5075,9.2583,232.375,0.0,9.4625,0.5488,1.85,12.8153,74.8451,High
Panambur_Beach,2028-12-19,0.4917,9.6792,218.3333,0.0,9.5917,0.5612,2.66,12.9482,74.8074,Moderate
Sasihithlu_Beach,2028-12-19,0.4567,9.8771,217.8333,0.0,8.6708,0.5612,2.66,13.0189,74.7932,Low
Ullal_Beach,2028-12-19,0.5217,8.6958,216.4583,0.0,10.3833,0.5612,1.85,12.8153,74.8451,High
Panambur_Beach,2028-12-20,0.45,10.2562,206.0833,0.0,8.5125,0.5667,2.66,12.9482,74.8074,Moderate
Sasihithlu_Beach,2028-12-20,0.4225,10.2562,207.25,0.0,7.8542,0.5667,2.66,13.0189,74.7932,Low
Ullal_Beach,2028-12-20,0.4608,10.0438,205.4167,0.0,8.55,0.5667,1.85,12.8153,74.8451,High
Panambur_Beach,2028-12-21,0.4967,10.3,210.25,0.0,7.15,0.5871,2.66,12.9482,74.8074,Moderate
Sasihithlu_Beach,2028-12-21,0.4708,10.2854,211.875,0.0,7.1917,0.5871,2.66,13.0189,74.7932,Low
Ullal_Beach,2028-12-21,0.5008,10.1063,208.7083,0.0,8.9625,0.5871,1.85,12.8153,74.8451,High
Panambur_Beach,2028-12-22,0.5283,8.8146,235.0417,0.0,8.3917,0.5608,2.66,12.9482,74.8074,Moderate
Sasihithlu_Beach,2028-12-22,0.5075,8.7812,237.2083,0.0,8.2875,0.5608,2.66,13.0189,74.7932,Low
Ullal_Beach,2028-12-22,0.5333,8.6437,233.6667,0.0,9.6208,0.5608,1.85,12.8153,74.8451,High
Panambur_Beach,2028-12-23,0.6575,8.6167,261.9583,0.0,9.5667,0.5675,2.66,12.9482,74.8074,Low
Sasihithlu_Beach,2028-12-23,0.6217,8.6125,262.375,0.0,9.1042,0.5675,2.66,13.0189,74.7932,Low
Ullal_Beach,2028-12-23,0.6758,8.5125,262.8333,0.0,9.425,0.5675,1.85,12.8153,74.8451,High
Panambur_Beach,2028-12-24,0.8533,7.4708,281.6667,0.0,9.2542,0.5338,2.66,12.9482,74.8074,Low
Sasihithlu_Beach,2028-12-24,0.8208,7.4417,281.625,0.0,8.9208,0.5338,2.66,13.0189,74.7932,Low
Ullal_Beach,2028-12-24,0.8675,7.4083,282.25,0.0,9.3208,0.5338,1.85,12.8153,74.8451,High
Panambur_Beach,2028-12-25,0.8142,7.0542,288.4167,0.0,8.4833,0.4992,2.66,12.9482,74.8074,Low
Sasihithlu_Beach,2028-12-25,0.7742,7.0208,288.0417,0.0,7.9833,0.4992,2.66,13.0189,74.7932,Low
Ullal_Beach,2028-12-25,0.8483,6.9771,289.5417,0.0,10.075,0.4992,1.85,12.8153,74.8451,Moderate
Panambur_Beach,2028-12-26,0.7892,6.4958,292.7083,0.2,9.7583,0.4688,2.66,12.9482,74.8074,Low
Sasihithlu_Beach,2028-12-26,0.7475,6.4688,291.1667,0.0,8.35,0.4688,2.66,13.0189,74.7932,Low
Ullal_Beach,2028-12-26,0.8267,6.4708,294.625,0.2,10.7625,0.4688,1.85,12.8153,74.8451,Moderate
Panambur_Beach,2028-12-27,0.705,6.5375,283.0833,0.3,9.3417,0.4562,2.66,12.9482,74.8074,Low
Sasihithlu_Beach,2028-12-27,0.6658,6.475,283.5417,0.7,8.6042,0.4562,2.66,13.0189,74.7932,Low
Ullal_Beach,2028-12-27,0.745,6.4229,283.5,0.3,9.6875,0.4562,1.85,12.8153,74.8451,Moderate
Panambur_Beach,2028-12-28,0.6067,7.9979,241.5417,0.2,7.2042,0.5042,2.66,12.9482,74.8074,Moderate
Sasihithlu_Beach,2028-12-28,0.5625,7.9438,242.7917,0.2,6.4417,0.5042,2.66,13.0189,74.7932,Low
Ullal_Beach,2028-12-28,0.6325,7.875,241.7083,0.2,7.5667,0.5042,1.85,12.8153,74.8451,High
Panambur_Beach,2028-12-29,0.565,8.1167,232.625,2.4,7.4333,0.5183,2.66,12.9482,74.8074,Moderate
Sasihithlu_Beach,2028-12-29,0.53,8.0938,234.3333,1.6,6.9333,0.5183,2.66,13.0189,74.7932,Low
Ullal_Beach,2028-12-29,0.5775,8.0083,231.625,2.8,8.0958,0.5183,1.85,12.8153,74.8451,High
Panambur_Beach,2028-12-30,0.5342,8.2667,217.4167,0.0,8.5542,0.5017,2.66,12.9482,74.8074,Moderate
Sasihithlu_Beach,2028-12-30,0.5075,8.1542,219.5833,0.0,8.1458,0.5017,2.66,13.0189,74.7932,Low
Ullal_Beach,2028-12-30,0.5542,8.2646,216.6667,0.0,8.4042,0.5017,1.85,12.8153,74.8451,High
Panambur_Beach,2028-12-31,0.605,8.3979,224.7083,0.2,8.1875,0.4967,2.66,12.9482,74.8074,Moderate
Sasihithlu_Beach,2028-12-31,0.5733,8.3208,225.75,1.3,7.6792,0.4967,2.66,13.0189,74.7932,Low
Ullal_Beach,2028-12-31,0.6225,8.3104,224.4167,0.2,8.4125,0.4967,1.85,12.8153,74.8451,High
Panambur_Beach,2029-01-01,0.5867,7.5771,243.7917,0.0,9.5917,0.505,2.66,12.9482,74.8074,Moderate
Sasihithlu_Beach,2029-01-01,0.5608,7.5438,245.4167,0.0,9.2292,0.505,2.66,13.0189,74.7932,Low
Ullal_Beach,2029-01-01,0.6083,7.5188,243.2083,0.0,9.6125,0.505,1.85,12.8153,74.8451,High
Panambur_Beach,2029-01-02,0.945,6.5063,303.25,0.0,8.8875,0.4867,2.66,12.9482,74.8074,Low
Sasihithlu_Beach,2029-01-02,0.9042,6.4646,302.375,0.0,8.6708,0.4867,2.66,13.0189,74.7932,Low
Ullal_Beach,2029-01-02,0.9733,6.4833,304.625,0.0,9.9042,0.4867,1.85,12.8153,74.8451,Moderate
Panambur_Beach,2029-01-03,0.5092,7.5917,243.75,0.1,9.225,0.5158,2.66,12.9482,74.8074,Moderate
Sasihithlu_Beach,2029-01-03,0.4892,7.5604,244.375,0.1,8.1625,0.5158,2.66,13.0189,74.7932,Low
Ullal_Beach,2029-01-03,0.5267,7.4688,244.625,0.0,9.425,0.5158,1.85,12.8153,74.8451,High
Panambur_Beach,2029-01-04,0.6642,7.5042,256.2917,0.0,12.2583,0.4438,2.66,12.9482,74.8074,Moderate
Sasihithlu_Beach,2029-01-04,0.6317,7.5688,255.75,0.0,12.05,0.4438,2.66,13.0189,74.7932,Low
Ullal_Beach,2029-01-04,0.6858,7.1688,258.5417,0.0,11.6333,0.4438,1.85,12.8153,74.8451,High
Panambur_Beach,2029-01-05,0.5325,8.3896,216.0,2.1,8.9667,0.5233,2.66,12.9482,74.8074,Moderate
Sasihithlu_Beach,2029-01-05,0.5017,8.2396,221.625,1.2,8.625,0.5233,2.66,13.0189,74.7932,Moderate
Ullal_Beach,2029-01-05,0.5408,8.4667,211.4167,4.2,8.4125,0.5233,1.85,12.8153,74.8451,High
Panambur_Beach,2029-01-06,0.7408,10.0042,218.875,22.7,7.7917,0.4162,2.66,12.9482,74.8074,Moderate
Sasihithlu_Beach,2029-01-06,0.7133,10.0187,219.3333,24.7,7.8708,0.4162,2.66,13.0189,74.7932,Moderate
Ullal_Beach,2029-01-06,0.7375,9.8083,218.6667,23.5,6.8375,0.4162,1.85,12.8153,74.8451,High
Panambur_Beach,2029-01-07,2.3842,9.6729,272.0417,6.0,7.275,0.3071,2.66,12.9482,74.8074,Moderate
Sasihithlu_Beach,2029-01-07,2.3408,9.6646,271.3333,6.3,7.15,0.3071,2.66,13.0189,74.7932,Low
Ullal_Beach,2029-01-07,2.3575,9.6063,272.75,6.3,6.8333,0.3071,1.85,12.8153,74.8451,High
Panambur_Beach,2029-01-08,2.0367,8.5396,273.875,15.2,9.3125,0.2421,2.66,12.9482,74.8074,Moderate
Sasihithlu_Beach,2029-01-08,1.9867,8.5521,273.0417,12.2,8.525,0.2421,2.66,13.0189,74.7932,Low
Ullal_Beach,2029-01-08,2.06,8.5229,274.7083,11.1,9.2792,0.2421,1.85,12.8153,74.8451,High
Panambur_Beach,2029-01-09,1.4075,9.1396,254.9583,1.1,9.6708,0.3662,2.66,12.9482,74.8074,High
Sasihithlu_Beach,2029-01-09,1.37,9.1417,254.9583,0.7,9.5333,0.3662,2.66,13.0189,74.7932,Low
Ullal_Beach,2029-01-09,1.4033,9.0979,254.5417,1.1,9.4167,0.3662,1.85,12.8153,74.8451,High
Panambur_Beach,2029-01-10,1.7533,7.0438,256.0417,19.0,10.2125,0.4479,2.66,12.9482,74.8074,Moderate
Sasihithlu_Beach,2029-01-10,1.7025,7.05,256.1667,22.0,9.9083,0.4479,2.66,13.0189,74.7932,Low
Ullal_Beach,2029-01-10,1.7633,6.9604,256.7917,9.8,11.2167,0.4479,1.85,12.8153,74.8451,High
Panambur_Beach,2029-01-11,0.5858,8.7412,190.9583,3.6,5.5292,0.4879,2.66,12.9482,74.8074,Moderate
Sasihithlu_Beach,2029-01-11,0.55,8.8375,191.4167,7.5,5.5917,0.4879,2.66,13.0189,74.7932,Low
Ullal_Beach,2029-01-11,0.6067,8.2679,190.0417,10.7,5.6625,0.4879,1.85,12.8153,74.8451,High
Panambur_Beach,2029-01-12,0.625,7.75,253.3333,2.7,6.7208,0.4942,2.66,12.9482,74.8074,Low
Sasihithlu_Beach,2029-01-12,0.5933,7.775,253.6667,8.1,6.5583,0.4942,2.66,13.0189,74.7932,Low
Ullal_Beach,2029-01-12,0.6458,7.4667,255.0417,4.3,6.0667,0.4942,1.85,12.8153,74.8451,High
Panambur_Beach,2029-01-13,0.6925,6.4375,286.5833,0.0,8.1042,0.5654,2.66,12.9482,74.8074,Low
Sasihithlu_Beach,2029-01-13,0.6633,6.3625,288.0,0.0,7.3083,0.5654,2.66,13.0189,74.7932,Low
Ullal_Beach,2029-01-13,0.6933,6.4188,286.5417,0.0,8.3958,0.5654,1.85,12.8153,74.8451,Moderate
Panambur_Beach,2029-01-14,0.9833,6.1771,308.75,0.0,8.6625,0.5508,2.66,12.9482,74.8074,Low
Sasihithlu_Beach,2029-01-14,0.9433,6.1604,307.75,0.0,8.1083,0.5508,2.66,13.0189,74.7932,Low
Ullal_Beach,2029-01-14,1.0133,6.1396,310.4583,0.0,9.8833,0.5508,1.85,12.8153,74.8451,Moderate
Panambur_Beach,2029-01-15,0.965,6.4729,308.7083,0.0,10.3667,0.5192,2.66,12.9482,74.8074,Low
Sasihithlu_Beach,2029-01-15,0.9333,6.4479,307.7083,0.0,9.5125,0.5192,2.66,13.0189,74.7932,Low
Ullal_Beach,2029-01-15,1.0017,6.4188,310.125,0.0,10.8333,0.5192,1.85,12.8153,74.8451,Moderate
Panambur_Beach,2029-01-16,0.75,6.5333,301.9583,0.0,10.3167,0.525,2.66,12.9482,74.8074,Low
Sasihithlu_Beach,2029-01-16,0.7133,6.5542,300.8333,0.0,10.0833,0.525,2.66,13.0189,74.7932,Low
Ullal_Beach,2029-01-16,0.7833,6.4167,303.2083,0.0,10.55,0.525,1.85,12.8153,74.8451,Moderate
Panambur_Beach,2029-01-17,0.6142,6.4542,297.3333,0.0,8.8833,0.515,2.66,12.9482,74.8074,Low
Sasihithlu_Beach,2029-01-17,0.59,6.4167,296.7083,0.0,8.7,0.515,2.66,13.0189,74.7932,Low
Ullal_Beach,2029-01-17,0.635,6.4333,298.4167,0.0,8.9625,0.515,1.85,12.8153,74.8451,Moderate
Panambur_Beach,2029-01-18,0.5383,6.5646,278.2917,0.0,8.5667,0.5025,2.66,12.9482,74.8074,Low
Sasihithlu_Beach,2029-01-18,0.5167,6.5667,277.0417,0.0,8.1958,0.5025,2.66,13.0189,74.7932,Low
Ullal_Beach,2029-01-18,0.56,6.4917,280.7083,0.0,9.0458,0.5025,1.85,12.8153,74.8451,High
Panambur_Beach,2029-01-19,0.4942,7.125,258.0417,0.0,9.25,0.4688,2.66,12.9482,74.8074,Moderate
Sasihithlu_Beach,2029-01-19,0.4725,7.0833,259.7083,0.0,8.8708,0.4688,2.66,13.0189,74.7932,Low
Ullal_Beach,2029-01-19,0.5042,7.0625,257.4583,0.0,9.8792,0.4688,1.85,12.8153,74.8451,High
Panambur_Beach,2029-01-20,0.4883,7.2146,229.5,0.0,10.3,0.4712,2.66,12.9482,74.8074,Moderate
Sasihithlu_Beach,2029-01-20,0.4617,7.1708,231.0417,0.0,9.3792,0.4712,2.66,13.0189,74.7932,Low
Ullal_Beach,2029-01-20,0.4958,7.1979,231.0417,0.0,10.9375,0.4712,1.85,12.8153,74.8451,High
Panambur_Beach,2029-01-21,0.3983,7.2479,215.8333,0.0,9.9,0.5012,2.66,12.9482,74.8074,Moderate
Sasihithlu_Beach,2029-01-21,0.375,7.2521,216.3333,0.0,9.4,0.5012,2.66,13.0189,74.7932,Low
Ullal_Beach,2029-01-21,0.4083,7.0979,215.4167,0.0,10.0708,0.5012,1.85,12.8153,74.8451,High
Panambur_Beach,2029-01-22,0.6042,6.3438,285.0,0.0,9.2958,0.5154,2.66,12.9482,74.8074,Low
Sasihithlu_Beach,2029-01-22,0.5817,6.2521,285.7083,0.0,8.9167,0.5154,2.66,13.0189,74.7932,Low
Ullal_Beach,2029-01-22,0.6125,6.3667,285.375,0.0,9.6,0.5154,1.85,12.8153,74.8451,High
Panambur_Beach,2029-01-23,0.9033,6.6438,301.875,0.0,9.9,0.5217,2.66,12.9482,74.8074,Low
Sasihithlu_Beach,2029-01-23,0.8675,6.6292,301.7083,0.0,9.425,0.5217,2.66,13.0189,74.7932,Low
Ullal_Beach,2029-01-23,0.9192,6.6333,302.7083,0.0,10.0792,0.5217,1.85,12.8153,74.8451,Moderate
Panambur_Beach,2029-01-24,1.0975,5.9229,309.375,0.0,10.7875,0.5267,2.66,12.9482,74.8074,Low
Sasihithlu_Beach,2029-01-24,1.0483,5.925,308.5833,0.0,10.2208,0.5267,2.66,13.0189,74.7932,Low
Ullal_Beach,2029-01-24,1.15,5.9146,310.7083,0.0,10.8417,0.5267,1.85,12.8153,74.8451,Moderate
Panambur_Beach,2029-01-25,1.01,6.1021,307.75,0.0,11.0958,0.5621,2.66,12.9482,74.8074,Low
Sasihithlu_Beach,2029-01-25,0.9783,6.075,307.25,0.0,10.9167,0.5621,2.66,13.0189,74.7932,Low
Ullal_Beach,2029-01-25,1.0458,6.0958,309.125,0.2,10.4792,0.5621,1.85,12.8153,74.8451,Moderate
Panambur_Beach,2029-01-26,0.9775,6.575,299.5,0.3,8.3375,0.5675,2.66,12.9482,74.8074,Low
Sasihithlu_Beach,2029-01-26,0.935,6.5688,298.875,0.1,8.0333,0.5675,2.66,13.0189,74.7932,Low
Ullal_Beach,2029-01-26,1.0067,6.4854,301.0,0.0,9.2375,0.5675,1.85,12.8153,74.8451,Moderate
Panambur_Beach,2029-01-27,0.8058,7.3062,291.0,0.0,8.7958,0.5721,2.66,12.9482,74.8074,Low
Sasihithlu_Beach,2029-01-27,0.7675,7.2812,290.6667,0.0,8.2083,0.5721,2.66,13.0189,74.7932,Low
Ullal_Beach,2029-01-27,0.8383,7.2042,292.875,0.0,9.275,0.5721,1.85,12.8153,74.8451,High
Panambur_Beach,2029-01-28,0.6683,7.2146,284.375,0.0,8.9375,0.5771,2.66,12.9482,74.8074,Low
Sasihithlu_Beach,2029-01-28,0.6317,7.1583,283.625,0.0,8.2125,0.5771,2.66,13.0189,74.7932,Low
Ullal_Beach,2029-01-28,0.6967,7.1625,286.25,0.0,9.7375,0.5771,1.85,12.8153,74.8451,High
Panambur_Beach,2029-01-29,0.6192,6.3354,285.7083,0.0,10.7208,0.5838,2.66,12.9482,74.8074,Low
Sasihithlu_Beach,2029-01-29,0.5917,6.3271,284.8333,0.0,10.225,0.5838,2.66,13.0189,74.7932,Low
Ullal_Beach,2029-01-29,0.6517,6.2625,288.5833,0.0,11.4208,0.5838,1.85,12.8153,74.8451,High
Panambur_Beach,2029-01-30,0.74,5.5167,296.7083,0.0,10.5417,0.5296,2.66,12.9482,74.8074,Low
Sasihithlu_Beach,2029-01-30,0.7075,5.4812,295.9583,0.0,9.9625,0.5296,2.66,13.0189,74.7932,Low
Ullal_Beach,2029-01-30,0.7625,5.45,298.3333,0.0,11.4167,0.5296,1.85,12.8153,74.8451,Moderate
Panambur_Beach,2029-01-31,0.9767,5.7521,303.6667,0.1,9.7833,0.5067,2.66,12.9482,74.8074,Low
Sasihithlu_Beach,2029-01-31,0.925,5.8104,302.4167,0.2,9.1292,0.5067,2.66,13.0189,74.7932,Low
Ullal_Beach,2029-01-31,1.0208,5.6062,305.7083,0.3,10.3083,0.5067,1.85,12.8153,74.8451,Moderate
Panambur_Beach,2029-02-01,0.8175,6.8708,295.6667,0.0,9.6167,0.5146,2.66,12.9482,74.8074,Low
Sasihithlu_Beach,2029-02-01,0.7792,6.8167,295.375,0.0,8.875,0.5146,2.66,13.0189,74.7932,Low
Ullal_Beach,2029-02-01,0.84,6.7979,296.5,0.0,9.7792,0.5146,1.85,12.8153,74.8451,Moderate
Panambur_Beach,2029-02-02,0.7242,7.1458,293.3333,0.0,9.1292,0.4821,2.66,12.9482,74.8074,Low
Sasihithlu_Beach,2029-02-02,0.6917,7.1396,292.0833,0.0,8.3792,0.4821,2.66,13.0189,74.7932,Low
Ullal_Beach,2029-02-02,0.7542,7.0042,295.4167,0.0,10.3042,0.4821,1.85,12.8153,74.8451,Moderate
Panambur_Beach,2029-02-03,0.4583,8.1896,229.5417,0.0,9.9667,0.5508,2.66,12.9482,74.8074,Moderate
Sasihithlu_Beach,2029-02-03,0.4333,8.1542,231.2083,0.0,9.4542,0.5508,2.66,13.0189,74.7932,Low
Ullal_Beach,2029-02-03,0.4717,8.0792,228.375,0.0,9.4208,0.5508,1.85,12.8153,74.8451,High
Panambur_Beach,2029-02-04,0.7533,6.9625,277.2083,0.0,12.8042,0.4329,2.66,12.9482,74.8074,Low
Sasihithlu_Beach,2029-02-04,0.7183,6.9688,277.7917,0.0,12.3833,0.4329,2.66,13.0189,74.7932,Low
Ullal_Beach,2029-02-04,0.775,6.7667,278.625,0.0,12.8708,0.4329,1.85,12.8153,74.8451,High
Panambur_Beach,2029-02-05,0.6592,8.0729,232.0417,2.9,10.4667,0.5025,2.66,12.9482,74.8074,Moderate
Sasihithlu_Beach,2029-02-05,0.6292,7.9792,236.25,2.9,10.1,0.5025,2.66,13.0189,74.7932,Low
Ullal_Beach,2029-02-05,0.67,8.0062,228.9583,2.5,9.8042,0.5025,1.85,12.8153,74.8451,High
Panambur_Beach,2029-02-06,0.7217,10.2146,213.2083,2.0,7.175,0.4033,2.66,12.9482,74.8074,Moderate
Sasihithlu_Beach,2029-02-06,0.695,10.2458,213.8333,1.9,6.95,0.4033,2.66,13.0189,74.7932,Moderate
Ullal_Beach,2029-02-06,0.72,10.0208,212.6667,1.7,7.1708,0.4033,1.85,12.8153,74.8451,High
Panambur_Beach,2029-02-07,2.23,9.7,273.4583,26.6,8.975,0.3138,2.66,12.9482,74.8074,Moderate
Sasihithlu_Beach,2029-02-07,2.1833,9.7188,272.5833,31.8,8.6042,0.3138,2.66,13.0189,74.7932,Low
Ullal_Beach,2029-02-07,2.21,9.5938,274.4583,18.1,8.0292,0.3138,1.85,12.8153,74.8451,High
Panambur_Beach,2029-02-08,1.8967,8.65,273.875,6.2,10.7833,0.2733,2.66,12.9482,74.8074,Moderate
Sasihithlu_Beach,2029-02-08,1.8583,8.65,273.5,6.3,9.9458,0.2733,2.66,13.0189,74.7932,Low
Ullal_Beach,2029-02-08,1.8858,8.5875,274.75,3.7,11.2167,0.2733,1.85,12.8153,74.8451,High
Panambur_Beach,2029-02-09,1.3633,9.2854,252.1667,0.4,8.3958,0.3962,2.66,12.9482,74.8074,High
Sasihithlu_Beach,2029-02-09,1.3375,9.2667,252.4167,0.3,8.5917,0.3962,2.66,13.0189,74.7932,Low
Ullal_Beach,2029-02-09,1.3508,9.2375,251.7083,0.6,8.2292,0.3962,1.85,12.8153,74.8451,High
Panambur_Beach,2029-02-10,1.3467,7.5688,251.125,2.9,7.4833,0.4038,2.66,12.9482,74.8074,Moderate
Sasihithlu_Beach,2029-02-10,1.3025,7.5521,251.0833,3.3,7.4417,0.4038,2.66,13.0189,74.7932,Low
Ullal_Beach,2029-02-10,1.36,7.4458,252.0,1.6,7.0042,0.4038,1.85,12.8153,74.8451,High
Panambur_Beach,2029-02-11,0.5433,9.1375,193.4167,6.7,6.3333,0.475,2.66,12.9482,74.8074,Moderate
Sasihithlu_Beach,2029-02-11,0.5075,9.1958,194.1667,4.3,6.3833,0.475,2.66,13.0189,74.7932,Low
Ullal_Beach,2029-02-11,0.5667,8.9604,192.0833,19.1,6.4042,0.475,1.85,12.8153,74.8451,High
Panambur_Beach,2029-02-12,0.6908,7.1688,280.5,0.1,7.9708,0.4996,2.66,12.9482,74.8074,Low
Sasihithlu_Beach,2029-02-12,0.6667,7.1771,280.0417,0.4,8.0208,0.4996,2.66,13.0189,74.7932,Low
Ullal_Beach,2029-02-12,0.7042,6.95,282.5417,0.0,9.0417,0.4996,1.85,12.8153,74.8451,Moderate
Panambur_Beach,2029-02-13,0.715,7.6938,298.0,0.0,8.75,0.5733,2.66,12.9482,74.8074,Low
Sasihithlu_Beach,2029-02-13,0.6825,7.6479,297.5,0.0,8.3667,0.5733,2.66,13.0189,74.7932,Low
Ullal_Beach,2029-02-13,0.7367,7.6938,299.375,0.0,9.0375,0.5733,1.85,12.8153,74.8451,Moderate
Panambur_Beach,2029-02-14,0.6958,7.3708,290.0833,0.0,8.9417,0.5754,2.66,12.9482,74.8074,Low
Sasihithlu_Beach,2029-02-14,0.66,7.3438,289.75,0.0,8.375,0.5754,2.66,13.0189,74.7932,Low
Ullal_Beach,2029-02-14,0.7208,7.3396,291.3333,0.0,9.5792,0.5754,1.85,12.8153,74.8451,High
Panambur_Beach,2029-02-15,0.5592,7.6292,268.8333,0.0,7.1292,0.5529,2.66,12.9482,74.8074,Low
Sasihithlu_Beach,2029-02-15,0.5392,7.65,267.8333,0.0,6.9583,0.5529,2.66,13.0189,74.7932,Low
Ullal_Beach,2029-02-15,0.5842,7.4271,271.125,0.0,8.1083,0.5529,1.85,12.8153,74.8451,High
Panambur_Beach,2029-02-16,0.4983,9.0708,232.5833,0.0,8.5417,0.5033,2.66,12.9482,74.8074,Moderate
Sasihithlu_Beach,2029-02-16,0.4717,9.1542,232.9583,0.0,7.7333,0.5033,2.66,13.0189,74.7932,Low
Ullal_Beach,2029-02-16,0.5092,8.75,233.5,0.0,9.4292,0.5033,1.85,12.8153,74.8451,High
Panambur_Beach,2029-02-17,0.505,9.8979,211.75,0.0,9.2,0.4996,2.66,12.9482,74.8074,Moderate
Sasihithlu_Beach,2029-02-17,0.4767,9.9208,213.0,0.0,8.4375,0.4996,2.66,13.0189,74.7932,Low
Ullal_Beach,2029-02-17,0.505,9.6688,210.7917,0.0,9.5417,0.4996,1.85,12.8153,74.8451,High
Panambur_Beach,2029-02-18,0.5183,9.3021,213.2083,0.0,9.025,0.5308,2.66,12.9482,74.8074,Moderate
Sasihithlu_Beach,2029-02-18,0.4942,9.3208,213.6667,0.0,8.5708,0.5308,2.66,13.0189,74.7932,Low
Ullal_Beach,2029-02-18,0.5258,9.0771,212.625,0.0,9.2167,0.5308,1.85,12.8153,74.8451,High
Panambur_Beach,2029-02-19,0.5083,9.4542,215.7083,0.0,8.2083,0.5483,2.66,12.9482,74.8074,Moderate
Sasihithlu_Beach,2029-02-19,0.4825,9.4625,216.4583,0.0,7.7708,0.5483,2.66,13.0189,74.7932,Low
Ullal_Beach,2029-02-19,0.5108,9.1854,215.2083,0.0,8.5208,0.5483,1.85,12.8153,74.8451,High
Panambur_Beach,2029-02-20,0.465,8.5583,217.875,0.0,9.0917,0.5554,2.66,12.9482,74.8074,Moderate
Sasihithlu_Beach,2029-02-20,0.4358,8.6396,217.3333,0.0,8.5708,0.5554,2.66,13.0189,74.7932,Low
Ullal_Beach,2029-02-20,0.4775,8.3604,217.9583,0.0,9.6917,0.5554,1.85,12.8153,74.8451,High
Panambur_Beach,2029-02-21,0.5067,7.4333,238.5,0.0,10.3042,0.5754,2.66,12.9482,74.8074,Moderate
Sasihithlu_Beach,2029-02-21,0.4767,7.4646,238.375,0.0,10.0375,0.5754,2.66,13.0189,74.7932,Low
Ullal_Beach,2029-02-21,0.5283,7.1896,239.5417,0.0,10.5125,0.5754,1.85,12.8153,74.8451,High
Panambur_Beach,2029-02-22,0.5517,6.2062,268.9583,0.0,8.1583,0.59,2.66,12.9482,74.8074,Low
Sasihithlu_Beach,2029-02-22,0.5292,6.1125,270.5,0.0,7.8167,0.59,2.66,13.0189,74.7932,Low
Ullal_Beach,2029-02-22,0.5533,6.225,268.5417,0.0,8.95,0.59,1.85,12.8153,74.8451,High
Panambur_Beach,2029-02-23,0.7467,6.3583,293.0,0.0,10.7292,0.6158,2.66,12.9482,74.8074,Low
Sasihithlu_Beach,2029-02-23,0.7167,6.3375,292.875,0.0,10.2708,0.6158,2.66,13.0189,74.7932,Low
Ullal_Beach,2029-02-23,0.765,6.3292,294.1667,0.0,10.5417,0.6158,1.85,12.8153,74.8451,High
Panambur_Beach,2029-02-24,0.6108,7.2562,271.6667,0.0,8.8417,0.5896,2.66,12.9482,74.8074,Low
Sasihithlu_Beach,2029-02-24,0.5875,7.2521,271.6667,0.0,7.9708,0.5896,2.66,13.0189,74.7932,Low
Ullal_Beach,2029-02-24,0.6292,7.075,273.125,0.0,9.2667,0.5896,1.85,12.8153,74.8451,High
Panambur_Beach,2029-02-25,0.5667,7.8396,258.875,0.0,9.0,0.5475,2.66,12.9482,74.8074,Moderate
Sasihithlu_Beach,2029-02-25,0.5375,7.875,259.0833,0.0,8.85,0.5475,2.66,13.0189,74.7932,Low
Ullal_Beach,2029-02-25,0.5717,7.5438,260.8333,0.0,9.1292,0.5475,1.85,12.8153,74.8451,High
Panambur_Beach,2029-02-26,0.5975,8.0708,249.375,0.0,9.7542,0.5217,2.66,12.9482,74.8074,Moderate
Sasihithlu_Beach,2029-02-26,0.5708,8.0271,249.9167,0.0,9.2958,0.5217,2.66,13.0189,74.7932,Low
Ullal_Beach,2029-02-26,0.6033,7.8646,250.7917,0.0,9.5417,0.5217,1.85,12.8153,74.8451,High
Panambur_Beach,2029-02-27,0.6233,7.0854,273.0,0.0,11.0542,0.5162,2.66,12.9482,74.8074,Low
Sasihithlu_Beach,2029-02-27,0.5992,7.0333,273.0833,0.0,10.0542,0.5162,2.66,13.0189,74.7932,Low
Ullal_Beach,2029-02-27,0.6325,6.9938,274.625,0.0,11.0667,0.5162,1.85,12.8153,74.8451,High
Panambur_Beach,2029-02-28,0.545,7.4229,258.4167,0.0,9.0708,0.4929,2.66,12.9482,74.8074,Moderate
Sasihithlu_Beach,2029-02-28,0.52,7.4875,257.9167,0.0,8.4375,0.4929,2.66,13.0189,74.7932,Low
Ullal_Beach,2029-02-28,0.5675,7.1938,260.5833,0.0,9.875,0.4929,1.85,12.8153,74.8451,High
Panambur_Beach,2029-03-01,0.61,7.3896,269.7083,0.0,8.9292,0.4862,2.66,12.9482,74.8074,Low
Sasihithlu_Beach,2029-03-01,0.575,7.3812,269.9167,0.0,8.5458,0.4862,2.66,13.0189,74.7932,Low
Ullal_Beach,2029-03-01,0.6267,7.2042,271.375,0.0,8.9333,0.4862,1.85,12.8153,74.8451,High
Panambur_Beach,2029-03-02,0.6175,7.55,285.8333,0.0,8.5083,0.4704,2.66,12.9482,74.8074,Low
Sasihithlu_Beach,2029-03-02,0.585,7.4729,284.875,0.0,7.4833,0.4704,2.66,13.0189,74.7932,Low
Ullal_Beach,2029-03-02,0.6333,7.5542,288.0417,0.0,9.8958,0.4704,1.85,12.8153,74.8451,High
Panambur_Beach,2029-03-03,0.4367,8.275,215.0417,0.0,8.5667,0.5462,2.66,12.9482,74.8074,Moderate
Sasihithlu_Beach,2029-03-03,0.4258,8.2438,217.4583,0.0,7.9708,0.5462,2.66,13.0189,74.7932,Low
Ullal_Beach,2029-03-03,0.4508,8.1292,213.2083,0.0,10.0958,0.5462,1.85,12.8153,74.8451,High
Panambur_Beach,2029-03-04,0.9225,7.1667,286.7917,0.0,14.4625,0.4146,2.66,12.9482,74.8074,Low
Sasihithlu_Beach,2029-03-04,0.8825,7.2542,285.25,0.0,13.8833,0.4146,2.66,13.0189,74.7932,Low
Ullal_Beach,2029-03-04,0.9358,6.7562,290.4167,0.0,14.175,0.4146,1.85,12.8153,74.8451,High
Panambur_Beach,2029-03-05,0.6358,7.2146,240.1667,1.6,10.7792,0.5042,2.66,12.9482,74.8074,Moderate
Sasihithlu_Beach,2029-03-05,0.605,7.1729,242.4167,1.3,10.1625,0.5042,2.66,13.0189,74.7932,Low
Ullal_Beach,2029-03-05,0.6483,7.0458,238.5,0.5,11.05,0.5042,1.85,12.8153,74.8451,High
Panambur_Beach,2029-03-06,0.8033,8.5854,213.25,4.6,9.675,0.3913,2.66,12.9482,74.8074,Moderate
Sasihithlu_Beach,2029-03-06,0.7633,8.5771,214.0417,3.9,9.5292,0.3913,2.66,13.0189,74.7932,Moderate
Ullal_Beach,2029-03-06,0.8058,8.4646,212.3333,5.0,9.7625,0.3913,1.85,12.8153,74.8451,High
Panambur_Beach,2029-03-07,2.7042,9.4021,273.7917,55.6,12.3,0.2967,2.66,12.9482,74.8074,Moderate
Sasihithlu_Beach,2029-03-07,2.64,9.4062,273.2917,67.3,11.6542,0.2967,2.66,13.0189,74.7932,Moderate
Ullal_Beach,2029-03-07,2.7008,9.2833,274.7917,49.0,11.625,0.2967,1.85,12.8153,74.8451,High
Panambur_Beach,2029-03-08,2.0058,8.6708,271.7917,7.3,10.6542,0.3008,2.66,12.9482,74.8074,Moderate
Sasihithlu_Beach,2029-03-08,1.965,8.6708,271.1667,9.4,9.9542,0.3008,2.66,13.0189,74.7932,Low
Ullal_Beach,2029-03-08,1.9942,8.6021,272.5833,5.7,11.1375,0.3008,1.85,12.8153,74.8451,High
Panambur_Beach,2029-03-09,1.1775,8.7792,250.5,0.4,9.2875,0.4233,2.66,12.9482,74.8074,High
Sasihithlu_Beach,2029-03-09,1.1492,8.7812,250.2917,0.7,8.7625,0.4233,2.66,13.0189,74.7932,Low
Ullal_Beach,2029-03-09,1.1483,8.7062,250.0,0.5,9.1875,0.4233,1.85,12.8153,74.8451,High
Panambur_Beach,2029-03-10,0.9258,8.0771,232.875,0.3,7.2667,0.3958,2.66,12.9482,74.8074,Moderate
Sasihithlu_Beach,2029-03-10,0.895,8.0479,233.375,0.4,7.1542,0.3958,2.66,13.0189,74.7932,Low
Ullal_Beach,2029-03-10,0.9333,7.9438,232.2083,0.0,7.4375,0.3958,1.85,12.8153,74.8451,High
Panambur_Beach,2029-03-11,0.5417,9.225,196.7917,6.1,7.1417,0.4817,2.66,12.9482,74.8074,Moderate
Sasihithlu_Beach,2029-03-11,0.5133,9.1938,198.9167,15.4,6.975,0.4817,2.66,13.0189,74.7932,Low
Ullal_Beach,2029-03-11,0.5625,9.1667,194.5833,18.2,7.4708,0.4817,1.85,12.8153,74.8451,High
Panambur_Beach,2029-03-12,0.6267,7.1104,273.5833,0.0,7.9917,0.5208,2.66,12.9482,74.8074,Low
Sasihithlu_Beach,2029-03-12,0.6,7.1354,273.25,0.0,7.6167,0.5208,2.66,13.0189,74.7932,Low
Ullal_Beach,2029-03-12,0.6583,6.8271,275.6667,0.0,9.6,0.5208,1.85,12.8153,74.8451,High
Panambur_Beach,2029-03-13,0.5258,7.5625,228.5,0.0,9.8417,0.6038,2.66,12.9482,74.8074,Moderate
Sasihithlu_Beach,2029-03-13,0.5,7.5625,228.1667,0.0,9.4458,0.6038,2.66,13.0189,74.7932,Low
Ullal_Beach,2029-03-13,0.5383,7.3271,230.5,0.0,9.3917,0.6038,1.85,12.8153,74.8451,High
Panambur_Beach,2029-03-14,0.445,8.5521,222.875,0.3,8.4583,0.5525,2.66,12.9482,74.8074,Moderate
Sasihithlu_Beach,2029-03-14,0.43,8.5792,224.2083,0.2,8.2333,0.5525,2.66,13.0189,74.7932,Low
Ullal_Beach,2029-03-14,0.4533,8.2104,223.25,0.5,8.575,0.5525,1.85,12.8153,74.8451,High
Panambur_Beach,2029-03-15,0.4825,8.925,224.3333,1.9,7.85,0.5425,2.66,12.9482,74.8074,Moderate
Sasihithlu_Beach,2029-03-15,0.46,8.9875,224.0833,1.2,7.6417,0.5425,2.66,13.0189,74.7932,Low
Ullal_Beach,2029-03-15,0.485,8.5771,225.2083,1.1,7.7708,0.5425,1.85,12.8153,74.8451,High
Panambur_Beach,2029-03-16,0.4533,9.6542,212.4583,0.6,9.2292,0.5529,2.66,12.9482,74.8074,Moderate
Sasihithlu_Beach,2029-03-16,0.4392,9.7042,212.7083,2.0,8.9375,0.5529,2.66,13.0189,74.7932,Low
Ullal_Beach,2029-03-16,0.4608,9.3542,212.0833,1.7,9.45,0.5529,1.85,12.8153,74.8451,High
Panambur_Beach,2029-03-17,0.5342,8.9021,222.1667,0.0,9.9333,0.5221,2.66,12.9482,74.8074,Moderate
Sasihithlu_Beach,2029-03-17,0.4992,8.9167,222.2917,0.0,9.525,0.5221,2.66,13.0189,74.7932,Low
Ullal_Beach,2029-03-17,0.55,8.6667,222.9167,0.0,10.1292,0.5221,1.85,12.8153,74.8451,High
Panambur_Beach,2029-03-18,0.5208,8.5146,220.9167,0.0,10.5667,0.5204,2.66,12.9482,74.8074,Moderate
Sasihithlu_Beach,2029-03-18,0.4967,8.5021,221.625,0.0,10.0125,0.5204,2.66,13.0189,74.7932,Low
Ullal_Beach,2029-03-18,0.53,8.325,221.0833,0.0,10.2542,0.5204,1.85,12.8153,74.8451,High
Panambur_Beach,2029-03-19,0.475,9.2458,207.0417,4.7,9.1083,0.5425,2.66,12.9482,74.8074,Moderate
Sasihithlu_Beach,2029-03-19,0.4492,9.2354,208.2917,1.9,8.4333,0.5425,2.66,13.0189,74.7932,Low
Ullal_Beach,2029-03-19,0.4775,9.0833,205.7917,5.9,8.4583,0.5425,1.85,12.8153,74.8451,High
Panambur_Beach,2029-03-20,0.5175,7.3125,242.1667,0.0,11.0375,0.5733,2.66,12.9482,74.8074,Moderate
Sasihithlu_Beach,2029-03-20,0.4942,7.2667,244.375,0.1,10.3792,0.5733,2.66,13.0189,74.7932,Low
Ullal_Beach,2029-03-20,0.5308,7.1854,241.5,0.0,11.5667,0.5733,1.85,12.8153,74.8451,High
Panambur_Beach,2029-03-21,0.65,5.6521,288.9583,0.0,14.3167,0.5804,2.66,12.9482,74.8074,Low
Sasihithlu_Beach,2029-03-21,0.6208,5.6521,288.375,0.0,13.6417,0.5804,2.66,13.0189,74.7932,Low
Ullal_Beach,2029-03-21,0.6808,5.4979,291.7917,0.0,14.525,0.5804,1.85,12.8153,74.8451,Moderate
Panambur_Beach,2029-03-22,0.8942,5.2042,310.9583,0.0,15.2125,0.5488,2.66,12.9482,74.8074,Low
Sasihithlu_Beach,2029-03-22,0.8633,5.2062,309.6667,0.0,14.6667,0.5488,2.66,13.0189,74.7932,Low
Ullal_Beach,2029-03-22,0.915,5.1438,312.8333,0.0,14.7583,0.5488,1.85,12.8153,74.8451,Moderate
Panambur_Beach,2029-03-23,1.035,5.5521,311.4583,0.0,13.8042,0.5183,2.66,12.9482,74.8074,Low
Sasihithlu_Beach,2029-03-23,0.9958,5.5521,310.25,0.0,13.3708,0.5183,2.66,13.0189,74.7932,Low
Ullal_Beach,2029-03-23,1.0608,5.4937,313.2917,0.0,13.0333,0.5183,1.85,12.8153,74.8451,Moderate
Panambur_Beach,2029-03-24,1.0833,5.8479,307.0,0.0,13.3417,0.5117,2.66,12.9482,74.8074,Low
Sasihithlu_Beach,2029-03-24,1.04,5.8521,305.75,0.0,12.925,0.5117,2.66,13.0189,74.7932,Low
Ullal_Beach,2029-03-24,1.1283,5.7729,309.0417,0.0,12.75,0.5117,1.85,12.8153,74.8451,Moderate
Panambur_Beach,2029-03-25,0.9692,6.1479,301.625,0.0,10.7583,0.5038,2.66,12.9482,74.8074,Low
Sasihithlu_Beach,2029-03-25,0.9375,6.1187,301.125,0.0,10.525,0.5038,2.66,13.0189,74.7932,Low
Ullal_Beach,2029-03-25,0.9783,6.1146,302.5,0.0,10.5042,0.5038,1.85,12.8153,74.8451,Moderate
Panambur_Beach,2029-03-26,1.07,6.0417,308.3333,0.0,14.6917,0.4833,2.66,12.9482,74.8074,Low
Sasihithlu_Beach,2029-03-26,1.03,6.0021,307.5833,0.0,14.1625,0.4833,2.66,13.0189,74.7932,Low
Ullal_Beach,2029-03-26,1.0908,6.0312,309.5833,0.0,14.3542,0.4833,1.85,12.8153,74.8451,Moderate
Panambur_Beach,2029-03-27,1.0542,5.7125,309.375,0.0,15.0875,0.4712,2.66,12.9482,74.8074,Low
Sasihithlu_Beach,2029-03-27,1.0067,5.6917,308.25,0.0,14.6,0.4712,2.66,13.0189,74.7932,Low
Ullal_Beach,2029-03-27,1.1058,5.675,310.875,0.0,14.6542,0.4712,1.85,12.8153,74.8451,Moderate
Panambur_Beach,2029-03-28,0.9142,5.4937,305.8333,0.0,14.7042,0.4467,2.66,12.9482,74.8074,Low
Sasihithlu_Beach,2029-03-28,0.8683,5.4979,304.5,0.0,14.2083,0.4467,2.66,13.0189,74.7932,Low
Ullal_Beach,2029-03-28,0.9592,5.3917,307.6667,0.0,13.925,0.4467,1.85,12.8153,74.8451,Moderate
Panambur_Beach,2029-03-29,0.6817,7.1812,282.5833,0.0,10.675,0.435,2.66,12.9482,74.8074,Low
Sasihithlu_Beach,2029-03-29,0.65,7.2208,281.125,0.0,10.2667,0.435,2.66,13.0189,74.7932,Low
Ullal_Beach,2029-03-29,0.7017,6.8292,285.1667,0.0,10.9042,0.435,1.85,12.8153,74.8451,High
Panambur_Beach,2029-03-30,0.6875,9.0312,247.2083,0.0,12.2417,0.4312,2.66,12.9482,74.8074,Moderate
Sasihithlu_Beach,2029-03-30,0.6542,9.1792,245.625,0.0,11.9042,0.4312,2.66,13.0189,74.7932,Low
Ullal_Beach,2029-03-30,0.7008,8.4375,250.3333,0.0,11.875,0.4312,1.85,12.8153,74.8451,High
Panambur_Beach,2029-03-31,0.6317,8.7125,238.0833,0.0,12.2292,0.4504,2.66,12.9482,74.8074,Moderate
Sasihithlu_Beach,2029-03-31,0.6,8.8375,237.3333,0.0,11.7458,0.4504,2.66,13.0189,74.7932,Low
Ullal_Beach,2029-03-31,0.6533,8.2396,240.4167,0.0,12.2542,0.4504,1.85,12.8153,74.8451,High
Panambur_Beach,2029-04-01,0.6258,7.7646,267.125,0.0,10.05,0.4708,2.66,12.9482,74.8074,Low
Sasihithlu_Beach,2029-04-01,0.595,7.7458,266.9167,0.0,9.1792,0.4708,2.66,13.0189,74.7932,Low
Ullal_Beach,2029-04-01,0.6408,7.6438,269.1667,0.0,10.2458,0.4708,1.85,12.8153,74.8451,High
Panambur_Beach,2029-04-02,0.5517,7.5771,282.5417,0.0,8.5792,0.465,2.66,12.9482,74.8074,Low
Sasihithlu_Beach,2029-04-02,0.5308,7.5562,282.5,0.0,8.3833,0.465,2.66,13.0189,74.7932,Low
Ullal_Beach,2029-04-02,0.5592,7.4729,284.7083,0.0,9.0333,0.465,1.85,12.8153,74.8451,High
Panambur_Beach,2029-04-03,0.43,8.3,218.3333,0.0,8.475,0.5462,2.66,12.9482,74.8074,Moderate
Sasihithlu_Beach,2029-04-03,0.4217,8.2562,221.1667,0.0,7.6458,0.5462,2.66,13.0189,74.7932,Low
Ullal_Beach,2029-04-03,0.4325,8.1958,216.0417,0.0,9.8625,0.5462,1.85,12.8153,74.8451,High
Panambur_Beach,2029-04-04,0.8217,8.5917,251.25,0.0,9.875,0.4183,2.66,12.9482,74.8074,Moderate
Sasihithlu_Beach,2029-04-04,0.785,8.675,250.0417,0.0,9.3875,0.4183,2.66,13.0189,74.7932,Low
Ullal_Beach,2029-04-04,0.8417,8.2083,253.9583,0.0,9.7375,0.4183,1.85,12.8153,74.8451,High
Panambur_Beach,2029-04-05,0.5383,7.6896,228.625,0.3,10.5583,0.4975,2.66,12.9482,74.8074,Moderate
Sasihithlu_Beach,2029-04-05,0.505,7.6458,230.5,0.3,10.0208,0.4975,2.66,13.0189,74.7932,Low
Ullal_Beach,2029-04-05,0.5475,7.5417,227.4167,0.0,10.5542,0.4975,1.85,12.8153,74.8451,High
Panambur_Beach,2029-04-06,0.8292,8.1979,224.5,6.9,8.5417,0.3988,2.66,12.9482,74.8074,Moderate
Sasihithlu_Beach,2029-04-06,0.7967,8.1708,225.875,1.2,7.9208,0.3988,2.66,13.0189,74.7932,Moderate
Ullal_Beach,2029-04-06,0.8317,8.1458,223.625,5.2,8.7958,0.3988,1.85,12.8153,74.8451,High
Panambur_Beach,2029-04-07,3.2675,9.6542,270.2083,141.7,17.4708,0.3254,2.66,12.9482,74.8074,Moderate
Sasihithlu_Beach,2029-04-07,3.18,9.6875,269.7917,141.3,16.7708,0.3254,2.66,13.0189,74.7932,Moderate
Ullal_Beach,2029-04-07,3.29,9.5896,271.2083,122.3,17.5375,0.3254,1.85,12.8153,74.8451,High
Panambur_Beach,2029-04-08,2.0467,8.7042,273.7083,11.3,7.8833,0.3079,2.66,12.9482,74.8074,Moderate
Sasihithlu_Beach,2029-04-08,2.0033,8.7104,272.9583,13.9,7.5333,0.3079,2.66,13.0189,74.7932,Low
Ullal_Beach,2029-04-08,2.0383,8.6417,274.4167,9.0,7.5958,0.3079,1.85,12.8153,74.8451,High
Panambur_Beach,2029-04-09,1.2067,8.1146,253.2083,2.6,7.2375,0.3792,2.66,12.9482,74.8074,Moderate
Sasihithlu_Beach,2029-04-09,1.1758,8.1396,253.0417,4.1,7.3167,0.3792,2.66,13.0189,74.7932,Low
Ullal_Beach,2029-04-09,1.1808,7.9771,252.7917,2.4,7.3958,0.3792,1.85,12.8153,74.8451,High
Panambur_Beach,2029-04-10,0.8,8.8958,221.4167,0.6,7.775,0.3767,2.66,12.9482,74.8074,Moderate
Sasihithlu_Beach,2029-04-10,0.7692,8.8833,222.2917,0.5,7.6458,0.3767,2.66,13.0189,74.7932,Low
Ullal_Beach,2029-04-10,0.8092,8.6833,220.7083,0.5,8.2125,0.3767,1.85,12.8153,74.8451,High
Panambur_Beach,2029-04-11,0.5092,8.6063,195.4167,3.3,6.3958,0.4696,2.66,12.9482,74.8074,Moderate
Sasihithlu_Beach,2029-04-11,0.4708,8.6729,197.2083,7.9,6.375,0.4696,2.66,13.0189,74.7932,Low
Ullal_Beach,2029-04-11,0.5325,8.3438,193.4167,8.3,6.2208,0.4696,1.85,12.8153,74.8451,High
Panambur_Beach,2029-04-12,0.5958,6.8979,284.1667,0.0,6.85,0.4842,2.66,12.9482,74.8074,Low
Sasihithlu_Beach,2029-04-12,0.565,6.8958,283.9583,0.0,6.9917,0.4842,2.66,13.0189,74.7932,Low
Ullal_Beach,2029-04-12,0.62,6.7562,285.625,0.0,7.3917,0.4842,1.85,12.8153,74.8451,Moderate
Panambur_Beach,2029-04-13,0.59,7.0542,254.2917,0.0,8.5833,0.4542,2.66,12.9482,74.8074,Moderate
Sasihithlu_Beach,2029-04-13,0.5633,7.0,255.875,0.0,8.4542,0.4542,2.66,13.0189,74.7932,Low
Ullal_Beach,2029-04-13,0.6092,6.9208,254.375,0.0,9.3375,0.4542,1.85,12.8153,74.8451,High
Panambur_Beach,2029-04-14,0.6092,7.6188,243.9583,0.0,8.875,0.4858,2.66,12.9482,74.8074,Moderate
Sasihithlu_Beach,2029-04-14,0.5758,7.5312,246.1667,0.1,8.8625,0.4858,2.66,13.0189,74.7932,Low
Ullal_Beach,2029-04-14,0.6267,7.5458,243.625,0.0,8.975,0.4858,1.85,12.8153,74.8451,High
Panambur_Beach,2029-04-15,0.6417,8.6521,211.1667,0.0,7.4667,0.5175,2.66,12.9482,74.8074,Moderate
Sasihithlu_Beach,2029-04-15,0.5942,8.5354,213.6667,0.0,7.5833,0.5175,2.66,13.0189,74.7932,Low
Ullal_Beach,2029-04-15,0.6642,8.7042,208.7917,0.0,7.525,0.5175,1.85,12.8153,74.8451,High
Panambur_Beach,2029-04-16,0.5875,8.2333,210.2083,0.5,8.3167,0.5392,2.66,12.9482,74.8074,Moderate
Sasihithlu_Beach,2029-04-16,0.5517,8.1396,212.7083,1.3,8.1958,0.5392,2.66,13.0189,74.7932,Low
Ullal_Beach,2029-04-16,0.6008,8.2521,208.125,0.0,8.7375,0.5392,1.85,12.8153,74.8451,High
Panambur_Beach,2029-04-17,0.545,7.7521,215.6667,0.7,9.6792,0.5483,2.66,12.9482,74.8074,Moderate
Sasihithlu_Beach,2029-04-17,0.5183,7.6417,218.375,0.7,9.5542,0.5483,2.66,13.0189,74.7932,Low
Ullal_Beach,2029-04-17,0.565,7.7458,213.25,0.5,9.6792,0.5483,1.85,12.8153,74.8451,High
Panambur_Beach,2029-04-18,0.6442,8.0583,227.3333,0.0,9.0875,0.5471,2.66,12.9482,74.8074,Moderate
Sasihithlu_Beach,2029-04-18,0.6058,7.9042,231.375,0.0,8.7958,0.5471,2.66,13.0189,74.7932,Low
Ullal_Beach,2029-04-18,0.6608,8.0208,224.2917,0.0,9.5417,0.5471,1.85,12.8153,74.8451,High
Panambur_Beach,2029-04-19,0.7183,8.9521,215.9167,0.0,8.5583,0.5629,2.66,12.9482,74.8074,Moderate
Sasihithlu_Beach,2029-04-19,0.6817,8.9042,217.0,0.0,8.3333,0.5629,2.66,13.0189,74.7932,Low
Ullal_Beach,2029-04-19,0.7408,8.8062,214.3333,0.0,8.7292,0.5629,1.85,12.8153,74.8451,High
Panambur_Beach,2029-04-20,0.6667,9.7833,211.4167,0.3,8.0708,0.5692,2.66,12.9482,74.8074,Moderate
Sasihithlu_Beach,2029-04-20,0.6417,9.7812,213.375,0.4,7.9708,0.5692,2.66,13.0189,74.7932,Low
Ullal_Beach,2029-04-20,0.675,9.5292,209.6667,0.0,8.5667,0.5692,1.85,12.8153,74.8451,High
Panambur_Beach,2029-04-21,0.6967,10.1917,214.4167,0.4,7.9292,0.5304,2.66,12.9482,74.8074,Moderate
Sasihithlu_Beach,2029-04-21,0.6667,10.2292,216.2917,0.8,7.6583,0.5304,2.66,13.0189,74.7932,Low
Ullal_Beach,2029-04-21,0.7017,9.925,212.5417,0.3,8.2125,0.5304,1.85,12.8153,74.8451,High
Panambur_Beach,2029-04-22,0.7175,9.8854,221.5,0.0,10.4375,0.5079,2.66,12.9482,74.8074,Moderate
Sasihithlu_Beach,2029-04-22,0.6942,9.9167,223.2917,0.1,9.9292,0.5079,2.66,13.0189,74.7932,Low
Ullal_Beach,2029-04-22,0.7225,9.5562,220.1667,0.0,10.625,0.5079,1.85,12.8153,74.8451,High
Panambur_Beach,2029-04-23,0.9075,7.95,266.875,0.0,13.7625,0.5017,2.66,12.9482,74.8074,Moderate
Sasihithlu_Beach,2029-04-23,0.8758,8.0042,266.9583,0.0,13.25,0.5017,2.66,13.0189,74.7932,Low
Ullal_Beach,2029-04-23,0.91,7.5979,268.5417,0.0,13.675,0.5017,1.85,12.8153,74.8451,High
Panambur_Beach,2029-04-24,0.885,7.0,281.3333,0.0,12.9083,0.4708,2.66,12.9482,74.8074,Low
Sasihithlu_Beach,2029-04-24,0.85,6.9896,281.125,0.0,12.6542,0.4708,2.66,13.0189,74.7932,Low
Ullal_Beach,2029-04-24,0.9,6.7812,284.0833,0.0,12.4542,0.4708,1.85,12.8153,74.8451,High
Panambur_Beach,2029-04-25,0.7008,7.8854,254.9167,0.0,8.5583,0.4358,2.66,12.9482,74.8074,Moderate
Sasihithlu_Beach,2029-04-25,0.6708,7.8021,255.5417,0.0,8.125,0.4358,2.66,13.0189,74.7932,Low
Ullal_Beach,2029-04-25,0.7208,7.75,255.4167,2.7,8.6208,0.4358,1.85,12.8153,74.8451,High
Panambur_Beach,2029-04-26,0.595,7.9604,240.5417,3.6,9.225,0.4492,2.66,12.9482,74.8074,Moderate
Sasihithlu_Beach,2029-04-26,0.5592,7.95,242.0,3.6,8.925,0.4492,2.66,13.0189,74.7932,Low
Ullal_Beach,2029-04-26,0.6117,7.8125,240.125,3.1,8.9208,0.4492,1.85,12.8153,74.8451,High
Panambur_Beach,2029-04-27,0.5292,7.1542,244.0833,0.3,10.4,0.4654,2.66,12.9482,74.8074,Moderate
Sasihithlu_Beach,2029-04-27,0.5,7.1042,245.9167,0.1,10.1417,0.4654,2.66,13.0189,74.7932,Low
Ullal_Beach,2029-04-27,0.545,7.0688,243.9167,0.2,10.1708,0.4654,1.85,12.8153,74.8451,High
Panambur_Beach,2029-04-28,0.5192,7.9375,248.125,7.9,7.775,0.4592,2.66,12.9482,74.8074,Moderate
Sasihithlu_Beach,2029-04-28,0.4942,7.9708,250.0,14.1,7.8042,0.4592,2.66,13.0189,74.7932,Low
Ullal_Beach,2029-04-28,0.5292,7.6667,248.0833,5.8,8.1042,0.4592,1.85,12.8153,74.8451,High
Panambur_Beach,2029-04-29,0.5008,7.8833,238.75,17.8,7.9625,0.4654,2.66,12.9482,74.8074,Moderate
Sasihithlu_Beach,2029-04-29,0.48,7.8646,241.7917,16.8,7.5833,0.4654,2.66,13.0189,74.7932,Low
Ullal_Beach,2029-04-29,0.5075,7.7604,236.125,4.9,7.4,0.4654,1.85,12.8153,74.8451,High
Panambur_Beach,2029-04-30,0.4692,8.5333,207.5,20.0,8.4375,0.5071,2.66,12.9482,74.8074,Moderate
Sasihithlu_Beach,2029-04-30,0.435,8.5375,211.1667,21.0,8.475,0.5071,2.66,13.0189,74.7932,Low
Ullal_Beach,2029-04-30,0.4892,8.3021,204.0417,6.6,7.7417,0.5071,1.85,12.8153,74.8451,High
Panambur_Beach,2029-05-01,0.5925,7.775,267.8333,0.0,11.3292,0.4783,2.66,12.9482,74.8074,Low
Sasihithlu_Beach,2029-05-01,0.5775,7.6042,266.0833,0.0,11.5,0.4783,2.66,13.0189,74.7932,Low
Ullal_Beach,2029-05-01,0.5992,7.7667,269.75,0.0,10.775,0.4783,1.85,12.8153,74.8451,High
Panambur_Beach,2029-05-02,0.5408,7.4542,276.9583,0.0,8.6125,0.4446,2.66,12.9482,74.8074,Low
Sasihithlu_Beach,2029-05-02,0.5183,7.5229,275.8333,0.0,7.9333,0.4446,2.66,13.0189,74.7932,Low
Ullal_Beach,2029-05-02,0.565,7.2229,279.5833,0.0,9.2792,0.4446,1.85,12.8153,74.8451,High
Panambur_Beach,2029-05-03,0.4683,7.9479,217.4167,0.0,8.025,0.5683,2.66,12.9482,74.8074,Moderate
Sasihithlu_Beach,2029-05-03,0.4475,7.9396,219.6667,0.0,7.6792,0.5683,2.66,13.0189,74.7932,Low
Ullal_Beach,2029-05-03,0.4733,7.8333,216.5417,0.0,8.2875,0.5683,1.85,12.8153,74.8451,High
Panambur_Beach,2029-05-04,0.6942,8.4354,239.8333,0.0,11.2333,0.4512,2.66,12.9482,74.8074,Moderate
Sasihithlu_Beach,2029-05-04,0.665,8.5167,239.3333,0.0,10.9125,0.4512,2.66,13.0189,74.7932,Low
Ullal_Beach,2029-05-04,0.7,8.0562,241.7917,0.0,11.1875,0.4512,1.85,12.8153,74.8451,High
Panambur_Beach,2029-05-05,0.5167,8.3042,221.25,0.4,8.025,0.4946,2.66,12.9482,74.8074,Moderate
Sasihithlu_Beach,2029-05-05,0.4942,8.275,223.25,0.5,7.5458,0.4946,2.66,13.0189,74.7932,Low
Ullal_Beach,2029-05-05,0.53,8.15,219.875,0.8,8.3708,0.4946,1.85,12.8153,74.8451,High
Panambur_Beach,2029-05-06,0.8808,7.9292,233.5417,1.4,8.6042,0.465,2.66,12.9482,74.8074,Moderate
Sasihithlu_Beach,2029-05-06,0.85,7.9458,234.125,2.1,8.1375,0.465,2.66,13.0189,74.7932,Low
Ullal_Beach,2029-05-06,0.8883,7.7667,233.25,1.0,9.4458,0.465,1.85,12.8153,74.8451,High
Panambur_Beach,2029-05-07,3.7992,10.0312,266.125,88.9,15.2958,0.3017,2.66,12.9482,74.8074,High
Sasihithlu_Beach,2029-05-07,3.685,10.025,265.4167,86.9,14.05,0.3017,2.66,13.0189,74.7932,Moderate
Ullal_Beach,2029-05-07,3.845,10.0542,267.0,86.7,15.2375,0.3017,1.85,12.8153,74.8451,High
Panambur_Beach,2029-05-08,2.3058,9.2396,274.0833,5.5,8.7625,0.2629,2.66,12.9482,74.8074,High
Sasihithlu_Beach,2029-05-08,2.2508,9.2292,273.7083,7.5,8.4083,0.2629,2.66,13.0189,74.7932,Low
Ullal_Beach,2029-05-08,2.2992,9.1625,275.0,5.2,8.075,0.2629,1.85,12.8153,74.8451,High
Panambur_Beach,2029-05-09,1.1708,8.3333,245.7083,14.0,6.45,0.2908,2.66,12.9482,74.8074,High
Sasihithlu_Beach,2029-05-09,1.1433,8.3271,246.0833,13.1,6.35,0.2908,2.66,13.0189,74.7932,Low
Ullal_Beach,2029-05-09,1.1625,8.2438,244.75,24.9,6.8875,0.2908,1.85,12.8153,74.8451,High
Panambur_Beach,2029-05-10,0.74,9.5375,208.5,0.1,7.6208,0.3671,2.66,12.9482,74.8074,Moderate
Sasihithlu_Beach,2029-05-10,0.7033,9.4771,209.9583,0.0,7.4792,0.3671,2.66,13.0189,74.7932,Low
Ullal_Beach,2029-05-10,0.7583,9.4021,206.375,0.3,7.625,0.3671,1.85,12.8153,74.8451,High
Panambur_Beach,2029-05-11,0.5125,6.9625,189.0833,17.6,6.725,0.4754,2.66,12.9482,74.8074,Moderate
Sasihithlu_Beach,2029-05-11,0.4742,7.2083,191.625,19.3,6.4625,0.4754,2.66,13.0189,74.7932,Low
Ullal_Beach,2029-05-11,0.5567,6.4896,185.625,32.3,8.0375,0.4754,1.85,12.8153,74.8451,High
Panambur_Beach,2029-05-12,0.66,7.1062,287.8333,0.2,6.7167,0.4429,2.66,12.9482,74.8074,Low
Sasihithlu_Beach,2029-05-12,0.6358,7.1,287.5,0.4,7.0458,0.4429,2.66,13.0189,74.7932,Low
Ullal_Beach,2029-05-12,0.6783,6.9021,289.5,1.9,6.3625,0.4429,1.85,12.8153,74.8451,Moderate
Panambur_Beach,2029-05-13,0.7592,8.775,227.375,12.7,6.7875,0.4004,2.66,12.9482,74.8074,Moderate
Sasihithlu_Beach,2029-05-13,0.7267,8.7958,228.0833,19.4,6.8708,0.4004,2.66,13.0189,74.7932,Low
Ullal_Beach,2029-05-13,0.7592,8.6562,225.7917,11.0,6.9625,0.4004,1.85,12.8153,74.8451,High
Panambur_Beach,2029-05-14,0.6675,7.8646,221.2083,2.1,7.8958,0.4646,2.66,12.9482,74.8074,Moderate
Sasihithlu_Beach,2029-05-14,0.6425,7.7958,222.9167,2.2,7.5875,0.4646,2.66,13.0189,74.7932,Low
Ullal_Beach,2029-05-14,0.6817,7.8438,218.7083,2.1,7.8708,0.4646,1.85,12.8153,74.8451,High
Panambur_Beach,2029-05-15,0.7175,8.0729,218.4167,1.2,8.975,0.4575,2.66,12.9482,74.8074,Moderate
Sasihithlu_Beach,2029-05-15,0.6808,8.0417,219.5,1.2,8.8833,0.4575,2.66,13.0189,74.7932,Low
Ullal_Beach,2029-05-15,0.7408,7.9875,216.75,1.2,8.825,0.4575,1.85,12.8153,74.8451,High
Panambur_Beach,2029-05-16,0.7383,7.1354,241.7917,0.2,11.4708,0.4488,2.66,12.9482,74.8074,Moderate
Sasihithlu_Beach,2029-05-16,0.7017,7.1646,241.75,0.4,11.0917,0.4488,2.66,13.0189,74.7932,Low
Ullal_Beach,2029-05-16,0.7592,6.9875,242.375,0.0,11.6583,0.4488,1.85,12.8153,74.8451,High
Panambur_Beach,2029-05-17,0.9925,6.1708,294.3333,0.0,12.3583,0.41,2.66,12.9482,74.8074,Low
Sasihithlu_Beach,2029-05-17,0.9583,6.1625,294.125,0.0,12.3208,0.41,2.66,13.0189,74.7932,Low
Ullal_Beach,2029-05-17,1.0108,6.0667,295.9167,0.0,11.9083,0.41,1.85,12.8153,74.8451,High
Panambur_Beach,2029-05-18,0.9542,6.3438,292.0,0.1,10.9958,0.3646,2.66,12.9482,74.8074,Low
Sasihithlu_Beach,2029-05-18,0.9192,6.3687,291.375,0.0,11.0292,0.3646,2.66,13.0189,74.7932,Low
Ullal_Beach,2029-05-18,0.9608,6.225,293.875,0.0,11.2708,0.3646,1.85,12.8153,74.8451,High
Panambur_Beach,2029-05-19,0.855,7.0104,279.4167,0.4,9.0458,0.3508,2.66,12.9482,74.8074,Low
Sasihithlu_Beach,2029-05-19,0.8325,7.0354,279.2917,0.3,9.0208,0.3508,2.66,13.0189,74.7932,Low
Ullal_Beach,2029-05-19,0.8683,6.8521,280.7917,0.3,9.3417,0.3508,1.85,12.8153,74.8451,High
Panambur_Beach,2029-05-20,0.785,7.1208,272.7083,0.3,11.45,0.3508,2.66,12.9482,74.8074,Low
Sasihithlu_Beach,2029-05-20,0.765,7.1375,272.625,0.7,11.1667,0.3508,2.66,13.0189,74.7932,Low
Ullal_Beach,2029-05-20,0.7983,6.9208,273.8333,0.1,11.3958,0.3508,1.85,12.8153,74.8451,High
Panambur_Beach,2029-05-21,0.8183,7.6833,269.875,15.8,10.1958,0.3271,2.66,12.9482,74.8074,Low
Sasihithlu_Beach,2029-05-21,0.7883,7.7167,269.0,8.9,10.2833,0.3271,2.66,13.0189,74.7932,Low
Ullal_Beach,2029-05-21,0.83,7.2917,272.6667,8.5,10.8208,0.3271,1.85,12.8153,74.8451,High
Panambur_Beach,2029-05-22,0.8292,7.3104,275.6667,11.0,9.5917,0.3196,2.66,12.9482,74.8074,Low
Sasihithlu_Beach,2029-05-22,0.8017,7.325,275.125,10.2,9.6542,0.3196,2.66,13.0189,74.7932,Low
Ullal_Beach,2029-05-22,0.8383,7.0979,277.5833,4.6,9.5208,0.3196,1.85,12.8153,74.8451,High
Panambur_Beach,2029-05-23,0.7742,9.0312,248.9167,2.7,7.1875,0.3612,2.66,12.9482,74.8074,Moderate
Sasihithlu_Beach,2029-05-23,0.7417,9.0583,248.9167,4.0,7.4542,0.3612,2.66,13.0189,74.7932,Low
Ullal_Beach,2029-05-23,0.7758,8.6979,250.4583,2.3,6.4792,0.3612,1.85,12.8153,74.8451,High
Panambur_Beach,2029-05-24,0.6783,10.4917,220.625,7.4,7.0542,0.3796,2.66,12.9482,74.8074,Moderate
Sasihithlu_Beach,2029-05-24,0.6533,10.575,220.75,6.3,6.8458,0.3796,2.66,13.0189,74.7932,Low
Ullal_Beach,2029-05-24,0.6683,10.1646,220.5417,2.3,7.15,0.3796,1.85,12.8153,74.8451,High
Panambur_Beach,2029-05-25,0.7408,11.5354,214.7083,4.0,7.3375,0.3971,2.66,12.9482,74.8074,Moderate
Sasihithlu_Beach,2029-05-25,0.7167,11.625,214.8333,2.4,7.3208,0.3971,2.66,13.0189,74.7932,Moderate
Ullal_Beach,2029-05-25,0.7225,11.1167,214.8333,7.1,6.6958,0.3971,1.85,12.8153,74.8451,High
Panambur_Beach,2029-05-26,0.7467,10.4479,219.0417,1.7,7.4458,0.4067,2.66,12.9482,74.8074,Moderate
Sasihithlu_Beach,2029-05-26,0.7233,10.5104,219.4167,1.5,7.7,0.4067,2.66,13.0189,74.7932,Low
Ullal_Beach,2029-05-26,0.735,10.2604,218.7083,3.8,7.5333,0.4067,1.85,12.8153,74.8451,High
Panambur_Beach,2029-05-27,0.7158,8.0083,256.0417,0.1,11.8167,0.4275,2.66,12.9482,74.8074,Moderate
Sasihithlu_Beach,2029-05-27,0.6933,7.9938,256.9583,0.1,11.5417,0.4275,2.66,13.0189,74.7932,Low
Ullal_Beach,2029-05-27,0.715,7.9354,255.9167,0.0,12.7958,0.4275,1.85,12.8153,74.8451,High
Panambur_Beach,2029-05-28,1.0217,6.4417,301.5417,0.0,13.925,0.4033,2.66,12.9482,74.8074,Low
Sasihithlu_Beach,2029-05-28,0.9825,6.5063,300.3333,0.0,13.6083,0.4033,2.66,13.0189,74.7932,Low
Ullal_Beach,2029-05-28,1.0592,6.2583,303.6667,0.0,14.4208,0.4033,1.85,12.8153,74.8451,Moderate
Panambur_Beach,2029-05-29,1.0417,7.9625,284.5,1.0,10.6875,0.3971,2.66,12.9482,74.8074,Low
Sasihithlu_Beach,2029-05-29,1.0025,8.0083,283.5833,1.1,10.5125,0.3971,2.66,13.0189,74.7932,Low
Ullal_Beach,2029-05-29,1.0508,7.6229,287.4167,0.8,11.0625,0.3971,1.85,12.8153,74.8451,High
Panambur_Beach,2029-05-30,0.9617,9.9396,250.2917,24.7,7.5542,0.3871,2.66,12.9482,74.8074,Moderate
Sasihithlu_Beach,2029-05-30,0.935,10.0312,249.0,22.3,7.3917,0.3871,2.66,13.0189,74.7932,Low
Ullal_Beach,2029-05-30,0.9483,9.3583,254.0,20.2,7.8708,0.3871,1.85,12.8153,74.8451,High
Panambur_Beach,2029-05-31,0.8367,10.1354,230.0417,18.8,5.9625,0.4008,2.66,12.9482,74.8074,Moderate
Sasihithlu_Beach,2029-05-31,0.8117,10.1854,229.7917,18.9,5.8333,0.4008,2.66,13.0189,74.7932,Low
Ullal_Beach,2029-05-31,0.8317,9.8062,231.4583,11.9,5.7958,0.4008,1.85,12.8153,74.8451,High
Panambur_Beach,2029-06-01,0.6283,8.425,288.6667,0.0,9.4667,0.4883,2.66,12.9482,74.8074,Low
Sasihithlu_Beach,2029-06-01,0.5967,8.4229,287.625,0.0,8.25,0.4883,2.66,13.0189,74.7932,Low
Ullal_Beach,2029-06-01,0.6533,8.2729,291.625,0.0,9.7958,0.4883,1.85,12.8153,74.8451,High
Panambur_Beach,2029-06-02,0.5792,7.9771,254.625,0.0,10.4792,0.5075,2.66,12.9482,74.8074,Moderate
Sasihithlu_Beach,2029-06-02,0.5617,7.9771,254.1667,0.0,9.8458,0.5075,2.66,13.0189,74.7932,Low
Ullal_Beach,2029-06-02,0.5925,7.6792,256.75,0.0,10.3333,0.5075,1.85,12.8153,74.8451,High
Panambur_Beach,2029-06-03,0.4267,8.6042,220.2917,0.0,8.5167,0.595,2.66,12.9482,74.8074,Moderate
Sasihithlu_Beach,2029-06-03,0.4133,8.5875,221.625,0.0,7.9625,0.595,2.66,13.0189,74.7932,Low
Ullal_Beach,2029-06-03,0.4358,8.3083,219.625,0.0,8.4833,0.595,1.85,12.8153,74.8451,High
Panambur_Beach,2029-06-04,0.6267,7.6396,254.5833,0.0,8.9167,0.4729,2.66,12.9482,74.8074,Moderate
Sasihithlu_Beach,2029-06-04,0.6017,7.6146,255.5417,0.0,8.8042,0.4729,2.66,13.0189,74.7932,Low
Ullal_Beach,2029-06-04,0.6358,7.5229,254.5833,0.0,8.9167,0.4729,1.85,12.8153,74.8451,High
Panambur_Beach,2029-06-05,0.5842,8.375,219.125,0.0,11.0792,0.4825,2.66,12.9482,74.8074,Moderate
Sasihithlu_Beach,2029-06-05,0.5567,8.3667,220.75,0.0,10.7458,0.4825,2.66,13.0189,74.7932,Low
Ullal_Beach,2029-06-05,0.5958,8.1833,218.0,0.0,11.5542,0.4825,1.85,12.8153,74.8451,High
Panambur_Beach,2029-06-06,0.8567,7.6417,234.375,1.0,8.8833,0.5088,2.66,12.9482,74.8074,Moderate
Sasihithlu_Beach,2029-06-06,0.8275,7.6583,234.9583,1.4,8.7417,0.5088,2.66,13.0189,74.7932,Low
Ullal_Beach,2029-06-06,0.8658,7.5083,234.125,0.3,9.3375,0.5088,1.85,12.8153,74.8451,High
Panambur_Beach,2029-06-07,3.8533,10.3146,264.375,53.3,11.3542,0.2317,2.66,12.9482,74.8074,High
Sasihithlu_Beach,2029-06-07,3.7458,10.3208,263.625,59.0,11.6333,0.2317,2.66,13.0189,74.7932,Moderate
Ullal_Beach,2029-06-07,3.845,10.2646,265.375,38.9,12.0,0.2317,1.85,12.8153,74.8451,High
Panambur_Beach,2029-06-08,2.1533,9.7333,266.2917,4.7,7.4125,0.2325,2.66,12.9482,74.8074,High
Sasihithlu_Beach,2029-06-08,2.1158,9.7604,265.875,3.6,7.5833,0.2325,2.66,13.0189,74.7932,Low
Ullal_Beach,2029-06-08,2.13,9.6042,266.6667,6.2,7.5083,0.2325,1.85,12.8153,74.8451,High
Panambur_Beach,2029-06-09,1.2142,8.6875,239.4167,6.6,7.0875,0.3017,2.66,12.9482,74.8074,High
Sasihithlu_Beach,2029-06-09,1.1792,8.6396,240.0,7.8,6.9125,0.3017,2.66,13.0189,74.7932,Moderate
Ullal_Beach,2029-06-09,1.2308,8.6312,238.5417,12.9,6.5958,0.3017,1.85,12.8153,74.8451,High
Panambur_Beach,2029-06-10,0.7183,9.4938,203.6667,0.5,7.725,0.3833,2.66,12.9482,74.8074,Moderate
Sasihithlu_Beach,2029-06-10,0.6833,9.4438,205.0833,1.0,7.3333,0.3833,2.66,13.0189,74.7932,Low
Ullal_Beach,2029-06-10,0.7308,9.4125,201.6667,1.6,7.925,0.3833,1.85,12.8153,74.8451,High
Panambur_Beach,2029-06-11,0.5058,7.7854,187.0,15.6,7.3083,0.485,2.66,12.9482,74.8074,Moderate
Sasihithlu_Beach,2029-06-11,0.4733,8.0208,189.2083,12.8,7.5042,0.485,2.66,13.0189,74.7932,Low
Ullal_Beach,2029-06-11,0.5258,7.4396,185.0833,14.0,7.0875,0.485,1.85,12.8153,74.8451,High
Panambur_Beach,2029-06-12,0.6892,9.0979,257.9167,0.4,6.9708,0.4246,2.66,12.9482,74.8074,Low
Sasihithlu_Beach,2029-06-12,0.6558,9.1375,257.375,0.0,6.7875,0.4246,2.66,13.0189,74.7932,Low
Ullal_Beach,2029-06-12,0.6992,8.7687,260.1667,1.2,7.3333,0.4246,1.85,12.8153,74.8451,High
Panambur_Beach,2029-06-13,2.8708,10.5688,270.8333,3.8,8.8167,0.4008,2.66,12.9482,74.8074,Moderate
Sasihithlu_Beach,2029-06-13,2.7983,10.5562,270.4583,4.8,9.3,0.4008,2.66,13.0189,74.7932,Moderate
Ullal_Beach,2029-06-13,2.8575,10.5458,271.7917,8.6,8.5125,0.4008,1.85,12.8153,74.8451,High
Panambur_Beach,2029-06-14,2.6792,10.2375,269.7917,11.3,7.4708,0.3862,2.66,12.9482,74.8074,Moderate
Sasihithlu_Beach,2029-06-14,2.6308,10.2396,269.5,7.0,7.5708,0.3862,2.66,13.0189,74.7932,Moderate
Ullal_Beach,2029-06-14,2.6708,10.1833,270.5417,7.0,7.6167,0.3862,1.85,12.8153,74.8451,High
Panambur_Beach,2029-06-15,2.6733,10.5146,272.7917,2.5,6.4917,0.3658,2.66,12.9482,74.8074,Moderate
Sasihithlu_Beach,2029-06-15,2.6108,10.5208,272.2917,3.8,6.2333,0.3658,2.66,13.0189,74.7932,Moderate
Ullal_Beach,2029-06-15,2.6675,10.4521,273.5417,2.6,6.5292,0.3658,1.85,12.8153,74.8451,High
Panambur_Beach,2029-06-16,2.4142,10.1292,276.75,3.9,6.8583,0.3417,2.66,12.9482,74.8074,Moderate
Sasihithlu_Beach,2029-06-16,2.3542,10.125,276.625,5.1,7.3833,0.3417,2.66,13.0189,74.7932,Low
Ullal_Beach,2029-06-16,2.4275,10.1188,277.75,3.8,6.7833,0.3417,1.85,12.8153,74.8451,High
Panambur_Beach,2029-06-17,2.1942,9.7083,273.5,2.9,6.7625,0.3292,2.66,12.9482,74.8074,Moderate
Sasihithlu_Beach,2029-06-17,2.1417,9.7167,273.4167,2.1,6.8292,0.3292,2.66,13.0189,74.7932,Low
Ullal_Beach,2029-06-17,2.1892,9.6708,274.2917,3.6,6.6042,0.3292,1.85,12.8153,74.8451,High
Panambur_Beach,2029-06-18,1.9392,9.275,271.2917,9.1,7.6958,0.3587,2.66,12.9482,74.8074,Moderate
Sasihithlu_Beach,2029-06-18,1.8983,9.2854,270.6667,8.8,7.9,0.3587,2.66,13.0189,74.7932,Low
Ullal_Beach,2029-06-18,1.9425,9.2208,271.6667,7.2,7.5625,0.3587,1.85,12.8153,74.8451,High
Panambur_Beach,2029-06-19,1.7158,9.0417,271.5417,7.6,9.475,0.3721,2.66,12.9482,74.8074,Moderate
Sasihithlu_Beach,2029-06-19,1.6858,9.0688,271.25,8.4,9.0208,0.3721,2.66,13.0189,74.7932,Low
Ullal_Beach,2029-06-19,1.7075,8.9625,272.5,9.2,9.1,0.3721,1.85,12.8153,74.8451,High
Panambur_Beach,2029-06-20,1.6608,9.1812,271.7083,4.7,6.5958,0.3733,2.66,12.9482,74.8074,Moderate
Sasihithlu_Beach,2029-06-20,1.6258,9.1812,271.4583,3.7,6.5833,0.3733,2.66,13.0189,74.7932,Low
Ullal_Beach,2029-06-20,1.6467,9.1208,272.3333,6.7,6.5083,0.3733,1.85,12.8153,74.8451,High
Panambur_Beach,2029-06-21,1.4583,8.9125,269.1667,24.5,6.1208,0.3658,2.66,12.9482,74.8074,Moderate
Sasihithlu_Beach,2029-06-21,1.4333,8.9125,268.8333,27.2,6.3667,0.3658,2.66,13.0189,74.7932,Low
Ullal_Beach,2029-06-21,1.4433,8.825,269.8333,30.0,5.9417,0.3658,1.85,12.8153,74.8451,High
Panambur_Beach,2029-06-22,1.4833,8.9396,265.4167,10.8,7.6125,0.3562,2.66,12.9482,74.8074,Moderate
Sasihithlu_Beach,2029-06-22,1.4508,8.95,264.875,12.8,7.425,0.3562,2.66,13.0189,74.7932,Low
Ullal_Beach,2029-06-22,1.4683,8.8083,266.0,7.2,7.7667,0.3562,1.85,12.8153,74.8451,High
Panambur_Beach,2029-06-23,1.715,9.1,261.625,28.1,6.0917,0.3433,2.66,12.9482,74.8074,Moderate
Sasihithlu_Beach,2029-06-23,1.6842,9.1375,261.0,24.7,6.4208,0.3433,2.66,13.0189,74.7932,Low
Ullal_Beach,2029-06-23,1.6925,8.9417,262.375,22.9,5.7125,0.3433,1.85,12.8153,74.8451,High
Panambur_Beach,2029-06-24,1.9692,8.6708,263.7083,23.3,5.4583,0.3196,2.66,12.9482,74.8074,Moderate
Sasihithlu_Beach,2029-06-24,1.9375,8.6938,263.125,15.2,5.2208,0.3196,2.66,13.0189,74.7932,Low
Ullal_Beach,2029-06-24,1.9417,8.5688,264.4583,19.7,5.25,0.3196,1.85,12.8153,74.8451,High
Panambur_Beach,2029-06-25,2.0242,9.0146,269.2917,10.6,6.4458,0.305,2.66,12.9482,74.8074,Moderate
Sasihithlu_Beach,2029-06-25,1.9867,9.0312,268.5417,11.8,6.3042,0.305,2.66,13.0189,74.7932,Low
Ullal_Beach,2029-06-25,2.0208,8.9604,270.0833,14.9,6.2208,0.305,1.85,12.8153,74.8451,High
Panambur_Beach,2029-06-26,2.1425,9.3104,267.125,9.1,7.9125,0.3079,2.66,12.9482,74.8074,Moderate
Sasihithlu_Beach,2029-06-26,2.0975,9.3167,266.75,15.2,8.0208,0.3079,2.66,13.0189,74.7932,Low
Ullal_Beach,2029-06-26,2.1308,9.2542,267.9583,5.7,7.3,0.3079,1.85,12.8153,74.8451,High
Panambur_Beach,2029-06-27,2.3317,10.1646,264.75,34.5,7.3417,0.3004,2.66,12.9482,74.8074,Moderate
Sasihithlu_Beach,2029-06-27,2.2675,10.1646,264.3333,33.5,7.2875,0.3004,2.66,13.0189,74.7932,Low
Ullal_Beach,2029-06-27,2.3325,10.1,265.2917,30.8,7.3375,0.3004,1.85,12.8153,74.8451,High
Panambur_Beach,2029-06-28,2.58,10.3042,265.0417,43.5,6.4667,0.2933,2.66,12.9482,74.8074,Moderate
Sasihithlu_Beach,2029-06-28,2.5225,10.3438,264.4583,49.8,6.3917,0.2933,2.66,13.0189,74.7932,Moderate
Ullal_Beach,2029-06-28,2.5558,10.2,265.4167,47.3,6.0917,0.2933,1.85,12.8153,74.8451,High
Panambur_Beach,2029-06-29,2.5783,10.4896,265.4583,22.3,7.4625,0.2846,2.66,12.9482,74.8074,Moderate
Sasihithlu_Beach,2029-06-29,2.5275,10.5187,264.5833,42.3,7.825,0.2846,2.66,13.0189,74.7932,Moderate
Ullal_Beach,2029-06-29,2.5425,10.3937,266.0417,30.4,5.7667,0.2846,1.85,12.8153,74.8451,High
Panambur_Beach,2029-06-30,2.3617,10.175,266.5417,17.5,9.275,0.2979,2.66,12.9482,74.8074,Moderate
Sasihithlu_Beach,2029-06-30,2.325,10.1979,266.0,23.4,9.5375,0.2979,2.66,13.0189,74.7932,Moderate
Ullal_Beach,2029-06-30,2.315,10.0729,267.2083,10.0,8.4542,0.2979,1.85,12.8153,74.8451,High
Panambur_Beach,2029-07-01,0.4983,8.2188,267.9167,0.0,10.6875,0.4692,2.66,12.9482,74.8074,Low
Sasihithlu_Beach,2029-07-01,0.47,8.3625,264.7917,0.0,9.3958,0.4692,2.66,13.0189,74.7932,Low
Ullal_Beach,2029-07-01,0.5292,7.725,276.3333,0.0,12.1375,0.4692,1.85,12.8153,74.8451,High
Panambur_Beach,2029-07-02,0.6583,7.1,272.2917,0.0,8.5875,0.5246,2.66,12.9482,74.8074,Low
Sasihithlu_Beach,2029-07-02,0.6292,7.0854,272.5,0.0,8.4625,0.5246,2.66,13.0189,74.7932,Low
Ullal_Beach,2029-07-02,0.6725,6.9583,273.75,0.1,8.4833,0.5246,1.85,12.8153,74.8451,High
Panambur_Beach,2029-07-03,0.5067,11.1979,213.5,0.0,7.9583,0.5908,2.66,12.9482,74.8074,Moderate
Sasihithlu_Beach,2029-07-03,0.4883,11.3875,213.7917,0.0,7.2333,0.5908,2.66,13.0189,74.7932,Low
Ullal_Beach,2029-07-03,0.5017,10.4833,213.3333,0.0,8.6208,0.5908,1.85,12.8153,74.8451,High
Panambur_Beach,2029-07-04,0.5592,8.4708,243.9167,0.4,7.5875,0.4896,2.66,12.9482,74.8074,Moderate
Sasihithlu_Beach,2029-07-04,0.5392,8.4792,245.3333,0.9,7.3167,0.4896,2.66,13.0189,74.7932,Low
Ullal_Beach,2029-07-04,0.57,8.2062,243.0417,0.8,7.775,0.4896,1.85,12.8153,74.8451,High
Panambur_Beach,2029-07-05,0.6975,8.7313,226.625,0.6,12.4583,0.4721,2.66,12.9482,74.8074,Moderate
Sasihithlu_Beach,2029-07-05,0.6642,8.8229,227.0,1.0,11.775,0.4721,2.66,13.0189,74.7932,Low
Ullal_Beach,2029-07-05,0.7025,8.3083,227.1667,0.3,12.2375,0.4721,1.85,12.8153,74.8451,High
Panambur_Beach,2029-07-06,1.3567,8.8854,240.0417,14.3,9.9583,0.4517,2.66,12.9482,74.8074,Moderate
Sasihithlu_Beach,2029-07-06,1.3183,8.9396,239.5,6.5,10.0625,0.4517,2.66,13.0189,74.7932,Moderate
Ullal_Beach,2029-07-06,1.3517,8.6917,240.375,8.8,9.8083,0.4517,1.85,12.8153,74.8451,High
Panambur_Beach,2029-07-07,3.3383,10.1146,263.875,54.3,10.8917,0.2075,2.66,12.9482,74.8074,Moderate
Sasihithlu_Beach,2029-07-07,3.2542,10.1083,263.0833,46.4,11.2417,0.2075,2.66,13.0189,74.7932,Moderate
Ullal_Beach,2029-07-07,3.3342,10.075,264.875,45.9,10.4792,0.2075,1.85,12.8153,74.8451,High
Panambur_Beach,2029-07-08,1.9725,9.4188,263.875,2.3,9.175,0.2383,2.66,12.9482,74.8074,High
Sasihithlu_Beach,2029-07-08,1.9375,9.4292,263.375,2.9,8.9542,0.2383,2.66,13.0189,74.7932,Low
Ullal_Beach,2029-07-08,1.9542,9.2583,264.2083,3.1,9.2042,0.2383,1.85,12.8153,74.8451,High
Panambur_Beach,2029-07-09,1.2733,8.6146,245.8333,16.9,7.4125,0.3108,2.66,12.9482,74.8074,High
Sasihithlu_Beach,2029-07-09,1.2333,8.5917,246.125,14.8,7.1083,0.3108,2.66,13.0189,74.7932,Low
Ullal_Beach,2029-07-09,1.2808,8.5521,245.1667,24.4,7.4208,0.3108,1.85,12.8153,74.8451,High
Panambur_Beach,2029-07-10,0.6283,9.5979,199.5417,2.4,4.9833,0.4192,2.66,12.9482,74.8074,Moderate
Sasihithlu_Beach,2029-07-10,0.5858,9.5229,200.875,2.6,5.0208,0.4192,2.66,13.0189,74.7932,Low
Ullal_Beach,2029-07-10,0.645,9.5833,197.625,1.9,5.1833,0.4192,1.85,12.8153,74.8451,High
Panambur_Beach,2029-07-11,0.565,9.3729,197.6667,6.2,6.5208,0.46,2.66,12.9482,74.8074,Moderate
Sasihithlu_Beach,2029-07-11,0.5325,9.4688,198.2917,6.9,6.8958,0.46,2.66,13.0189,74.7932,Low
Ullal_Beach,2029-07-11,0.5742,9.0625,196.375,1.3,6.8625,0.46,1.85,12.8153,74.8451,High
Panambur_Beach,2029-07-12,0.7208,9.4062,236.1667,0.3,6.8833,0.3796,2.66,12.9482,74.8074,Moderate
Sasihithlu_Beach,2029-07-12,0.68,9.4438,235.9167,0.2,7.0917,0.3796,2.66,13.0189,74.7932,Low
Ullal_Beach,2029-07-12,0.73,9.1875,237.625,0.3,7.325,0.3796,1.85,12.8153,74.8451,High
Panambur_Beach,2029-07-13,1.82,8.6875,262.7917,63.1,7.8333,0.2158,2.66,12.9482,74.8074,Moderate
Sasihithlu_Beach,2029-07-13,1.7875,8.725,262.5417,56.8,7.4375,0.2158,2.66,13.0189,74.7932,Low
Ullal_Beach,2029-07-13,1.8125,8.5083,263.625,44.4,8.6958,0.2158,1.85,12.8153,74.8451,High
Panambur_Beach,2029-07-14,1.935,8.6646,267.0417,33.3,6.8667,0.2275,2.66,12.9482,74.8074,Moderate
Sasihithlu_Beach,2029-07-14,1.9025,8.6729,266.375,28.5,6.575,0.2275,2.66,13.0189,74.7932,Low
Ullal_Beach,2029-07-14,1.9225,8.5625,267.9167,23.8,5.8833,0.2275,1.85,12.8153,74.8451,High
Panambur_Beach,2029-07-15,1.8825,9.1125,267.625,6.5,7.4417,0.245,2.66,12.9482,74.8074,Moderate
Sasihithlu_Beach,2029-07-15,1.8383,9.1021,267.25,8.4,7.1542,0.245,2.66,13.0189,74.7932,Low
Ullal_Beach,2029-07-15,1.885,9.0521,268.5,8.5,7.2083,0.245,1.85,12.8153,74.8451,High
Panambur_Beach,2029-07-16,1.8283,8.9792,268.3333,10.6,7.4542,0.2546,2.66,12.9482,74.8074,Moderate
Sasihithlu_Beach,2029-07-16,1.79,8.9958,267.7083,11.9,7.2375,0.2546,2.66,13.0189,74.7932,Low
Ullal_Beach,2029-07-16,1.8042,8.9292,269.2083,7.4,7.3708,0.2546,1.85,12.8153,74.8451,High
Panambur_Beach,2029-07-17,1.975,8.9,268.125,9.8,6.8125,0.2488,2.66,12.9482,74.8074,Moderate
Sasihithlu_Beach,2029-07-17,1.9433,8.9167,267.7917,10.6,6.5375,0.2488,2.66,13.0189,74.7932,Low
Ullal_Beach,2029-07-17,1.9575,8.8104,269.125,8.6,6.9917,0.2488,1.85,12.8153,74.8451,High
Panambur_Beach,2029-07-18,2.4558,8.45,270.7083,21.3,8.575,0.2629,2.66,12.9482,74.8074,Moderate
Sasihithlu_Beach,2029-07-18,2.3992,8.4979,270.2083,23.2,7.7667,0.2629,2.66,13.0189,74.7932,Low
Ullal_Beach,2029-07-18,2.4467,8.3563,271.5833,16.4,9.3083,0.2629,1.85,12.8153,74.8451,High
Panambur_Beach,2029-07-19,2.9467,8.8792,271.5417,23.7,11.4875,0.285,2.66,12.9482,74.8074,Moderate
Sasihithlu_Beach,2029-07-19,2.8767,8.9,270.6667,29.3,11.9917,0.285,2.66,13.0189,74.7932,Moderate
Ullal_Beach,2029-07-19,2.9442,8.8042,272.2083,22.0,9.5042,0.285,1.85,12.8153,74.8451,High
Panambur_Beach,2029-07-20,3.07,9.0792,269.2083,26.7,13.75,0.3025,2.66,12.9482,74.8074,Moderate
Sasihithlu_Beach,2029-07-20,3.0125,9.1042,268.7083,30.0,13.4875,0.3025,2.66,13.0189,74.7932,Moderate
Ullal_Beach,2029-07-20,3.0367,9.0104,270.1667,15.4,13.9667,0.3025,1.85,12.8153,74.8451,High
Panambur_Beach,2029-07-21,2.945,9.2,270.5833,33.3,12.9625,0.2596,2.66,12.9482,74.8074,Moderate
Sasihithlu_Beach,2029-07-21,2.89,9.2375,269.8333,26.9,11.8083,0.2596,2.66,13.0189,74.7932,Moderate
Ullal_Beach,2029-07-21,2.9317,9.1396,271.5833,19.1,13.1625,0.2596,1.85,12.8153,74.8451,High
Panambur_Beach,2029-07-22,2.7992,8.7958,268.75,54.4,15.1875,0.2321,2.66,12.9482,74.8074,Moderate
Sasihithlu_Beach,2029-07-22,2.7483,8.8104,268.5,53.9,15.1375,0.2321,2.66,13.0189,74.7932,Moderate
Ullal_Beach,2029-07-22,2.7825,8.6938,269.5417,44.7,12.5125,0.2321,1.85,12.8153,74.8451,High
Panambur_Beach,2029-07-23,2.7667,8.9104,268.4583,64.3,13.25,0.2317,2.66,12.9482,74.8074,Moderate
Sasihithlu_Beach,2029-07-23,2.71,8.9146,267.8333,57.9,12.5417,0.2317,2.66,13.0189,74.7932,Moderate
Ullal_Beach,2029-07-23,2.7508,8.8563,268.9167,51.9,13.3667,0.2317,1.85,12.8153,74.8451,High
Panambur_Beach,2029-07-24,2.9008,9.3146,270.2083,72.9,14.3708,0.2679,2.66,12.9482,74.8074,Moderate
Sasihithlu_Beach,2029-07-24,2.8408,9.3146,269.7917,80.7,14.0833,0.2679,2.66,13.0189,74.7932,Moderate
Ullal_Beach,2029-07-24,2.8758,9.3021,271.0833,57.3,12.8708,0.2679,1.85,12.8153,74.8451,High
Panambur_Beach,2029-07-25,2.7642,9.6771,272.0,44.4,8.2958,0.2871,2.66,12.9482,74.8074,Moderate
Sasihithlu_Beach,2029-07-25,2.695,9.6854,271.5417,41.8,8.5208,0.2871,2.66,13.0189,74.7932,Moderate
Ullal_Beach,2029-07-25,2.7517,9.6188,272.6667,33.7,7.1583,0.2871,1.85,12.8153,74.8451,High
Panambur_Beach,2029-07-26,2.5292,9.7479,269.75,33.8,8.0583,0.2504,2.66,12.9482,74.8074,Moderate
Sasihithlu_Beach,2029-07-26,2.4792,9.7583,269.7083,36.1,7.1,0.2504,2.66,13.0189,74.7932,Low
Ullal_Beach,2029-07-26,2.5042,9.6917,270.7083,25.6,8.0042,0.2504,1.85,12.8153,74.8451,High
Panambur_Beach,2029-07-27,2.335,9.4688,269.5,31.4,10.2458,0.2192,2.66,12.9482,74.8074,Moderate
Sasihithlu_Beach,2029-07-27,2.2883,9.475,268.875,27.3,8.9375,0.2192,2.66,13.0189,74.7932,Low
Ullal_Beach,2029-07-27,2.3067,9.4083,270.25,27.7,9.6458,0.2192,1.85,12.8153,74.8451,High
Panambur_Beach,2029-07-28,2.1217,9.1854,268.0833,19.4,10.7958,0.2354,2.66,12.9482,74.8074,Moderate
Sasihithlu_Beach,2029-07-28,2.0767,9.1896,267.4583,20.7,10.7333,0.2354,2.66,13.0189,74.7932,Low
Ullal_Beach,2029-07-28,2.1075,9.1312,268.5833,13.9,10.5292,0.2354,1.85,12.8153,74.8451,High
Panambur_Beach,2029-07-29,1.9517,8.8125,269.4167,5.7,12.275,0.205,2.66,12.9482,74.8074,Moderate
Sasihithlu_Beach,2029-07-29,1.9092,8.8354,269.1667,7.2,11.7167,0.205,2.66,13.0189,74.7932,Low
Ullal_Beach,2029-07-29,1.9475,8.7354,270.4167,5.1,12.0042,0.205,1.85,12.8153,74.8451,High
Panambur_Beach,2029-07-30,1.8675,8.8792,271.2917,3.8,8.95,0.1992,2.66,12.9482,74.8074,Moderate
Sasihithlu_Beach,2029-07-30,1.8325,8.8792,271.1667,4.1,8.475,0.1992,2.66,13.0189,74.7932,Low
Ullal_Beach,2029-07-30,1.8642,8.8146,272.2917,2.2,8.7833,0.1992,1.85,12.8153,74.8451,High
Panambur_Beach,2029-07-31,1.9542,9.0542,275.625,5.5,9.0667,0.2296,2.66,12.9482,74.8074,Moderate
Sasihithlu_Beach,2029-07-31,1.9117,9.0479,275.0,6.1,8.2708,0.2296,2.66,13.0189,74.7932,Low
Ullal_Beach,2029-07-31,1.9517,9.0187,275.7917,4.4,9.45,0.2296,1.85,12.8153,74.8451,High
Panambur_Beach,2029-08-01,0.5033,7.7396,264.1667,0.0,11.0,0.4996,2.66,12.9482,74.8074,Low
Sasihithlu_Beach,2029-08-01,0.4783,7.7979,262.4583,0.0,10.6125,0.4996,2.66,13.0189,74.7932,Low
Ullal_Beach,2029-08-01,0.5108,7.5625,266.75,0.0,11.5708,0.4996,1.85,12.8153,74.8451,High
Panambur_Beach,2029-08-02,0.6842,7.0,282.9583,0.0,8.0667,0.5171,2.66,12.9482,74.8074,Low
Sasihithlu_Beach,2029-08-02,0.6583,7.0083,281.9583,0.0,7.9708,0.5171,2.66,13.0189,74.7932,Low
Ullal_Beach,2029-08-02,0.7058,6.8479,284.875,0.0,8.5167,0.5171,1.85,12.8153,74.8451,High
Panambur_Beach,2029-08-03,0.5933,11.0312,220.0833,0.0,8.0625,0.5863,2.66,12.9482,74.8074,Moderate
Sasihithlu_Beach,2029-08-03,0.5658,11.3125,219.6667,0.0,7.9583,0.5863,2.66,13.0189,74.7932,Low
Ullal_Beach,2029-08-03,0.5833,10.4271,220.5833,0.0,9.4333,0.5863,1.85,12.8153,74.8451,High
Panambur_Beach,2029-08-04,0.63,10.0208,235.4583,0.0,7.3417,0.4767,2.66,12.9482,74.8074,Moderate
Sasihithlu_Beach,2029-08-04,0.6033,10.1083,235.9583,2.0,7.0208,0.4767,2.66,13.0189,74.7932,Low
Ullal_Beach,2029-08-04,0.6408,9.5938,236.4167,0.1,8.1208,0.4767,1.85,12.8153,74.8451,High
Panambur_Beach,2029-08-05,0.7608,7.8396,248.4583,0.0,13.125,0.4262,2.66,12.9482,74.8074,Moderate
Sasihithlu_Beach,2029-08-05,0.7358,7.95,248.3333,0.0,12.5375,0.4262,2.66,13.0189,74.7932,Low
Ullal_Beach,2029-08-05,0.765,7.4104,250.4583,0.3,13.2125,0.4262,1.85,12.8153,74.8451,High
Panambur_Beach,2029-08-06,2.0625,9.6521,250.5417,8.9,9.9667,0.4017,2.66,12.9482,74.8074,Moderate
Sasihithlu_Beach,2029-08-06,2.0067,9.6771,250.2083,7.0,10.6,0.4017,2.66,13.0189,74.7932,Moderate
Ullal_Beach,2029-08-06,2.0458,9.5562,250.9167,8.4,9.6167,0.4017,1.85,12.8153,74.8451,High
Panambur_Beach,2029-08-07,3.0483,10.3083,266.5,34.8,7.6708,0.175,2.66,12.9482,74.8074,Moderate
Sasihithlu_Beach,2029-08-07,2.9833,10.3312,265.7917,38.5,7.3542,0.175,2.66,13.0189,74.7932,Moderate
Ullal_Beach,2029-08-07,3.0092,10.2062,267.25,52.7,7.1667,0.175,1.85,12.8153,74.8451,High
Panambur_Beach,2029-08-08,1.8592,9.3354,265.0417,2.7,6.6833,0.2004,2.66,12.9482,74.8074,Moderate
Sasihithlu_Beach,2029-08-08,1.8333,9.35,264.7083,3.5,6.4292,0.2004,2.66,13.0189,74.7932,Low
Ullal_Beach,2029-08-08,1.845,9.2146,265.8333,3.1,6.6875,0.2004,1.85,12.8153,74.8451,High
Panambur_Beach,2029-08-09,1.4667,7.6396,252.0,20.1,8.8458,0.295,2.66,12.9482,74.8074,High
Sasihithlu_Beach,2029-08-09,1.4192,7.6438,251.75,17.1,8.2042,0.295,2.66,13.0189,74.7932,Low
Ullal_Beach,2029-08-09,1.5017,7.5708,252.25,22.3,8.9583,0.295,1.85,12.8153,74.8451,High
Panambur_Beach,2029-08-10,0.5442,10.025,195.1667,7.3,5.1458,0.4233,2.66,12.9482,74.8074,Moderate
Sasihithlu_Beach,2029-08-10,0.5067,10.0583,196.7083,14.0,5.1208,0.4233,2.66,13.0189,74.7932,Low
Ullal_Beach,2029-08-10,0.555,9.8021,193.6667,5.8,5.1917,0.4233,1.85,12.8153,74.8451,High
Panambur_Beach,2029-08-11,0.5425,9.4729,200.6667,11.6,7.7,0.4358,2.66,12.9482,74.8074,Moderate
Sasihithlu_Beach,2029-08-11,0.51,9.475,201.1667,16.0,7.5917,0.4358,2.66,13.0189,74.7932,Low
Ullal_Beach,2029-08-11,0.54,9.3417,200.1667,10.0,7.8708,0.4358,1.85,12.8153,74.8451,High
Panambur_Beach,2029-08-12,0.6867,9.9146,211.75,0.0,6.3167,0.3892,2.66,12.9482,74.8074,Moderate
Sasihithlu_Beach,2029-08-12,0.6458,9.9438,212.0,0.0,6.2875,0.3892,2.66,13.0189,74.7932,Low
Ullal_Beach,2029-08-12,0.6933,9.7396,211.4167,0.0,6.925,0.3892,1.85,12.8153,74.8451,High
Panambur_Beach,2029-08-13,1.3208,7.8,268.2083,2.9,9.7458,0.2004,2.66,12.9482,74.8074,Moderate
Sasihithlu_Beach,2029-08-13,1.2883,7.8333,267.9167,3.2,9.525,0.2004,2.66,13.0189,74.7932,Low
Ullal_Beach,2029-08-13,1.3067,7.65,268.9583,2.0,9.7208,0.2004,1.85,12.8153,74.8451,High
Panambur_Beach,2029-08-14,1.1625,7.95,264.8333,3.8,8.5917,0.2158,2.66,12.9482,74.8074,Moderate
Sasihithlu_Beach,2029-08-14,1.1392,7.9542,264.7083,3.6,8.475,0.2158,2.66,13.0189,74.7932,Low
Ullal_Beach,2029-08-14,1.1558,7.8479,265.5833,1.7,8.8375,0.2158,1.85,12.8153,74.8451,High
Panambur_Beach,2029-08-15,1.0817,8.3521,263.2083,0.6,7.9625,0.2138,2.66,12.9482,74.8074,Moderate
Sasihithlu_Beach,2029-08-15,1.06,8.3521,263.2083,1.3,7.7167,0.2138,2.66,13.0189,74.7932,Low
Ullal_Beach,2029-08-15,1.0758,8.2167,263.9583,0.3,8.0083,0.2138,1.85,12.8153,74.8451,High
Panambur_Beach,2029-08-16,1.0767,8.5,260.875,2.0,8.0,0.2554,2.66,12.9482,74.8074,Moderate
Sasihithlu_Beach,2029-08-16,1.0558,8.4646,260.875,1.6,7.9417,0.2554,2.66,13.0189,74.7932,Low
Ullal_Beach,2029-08-16,1.0692,8.3812,260.8333,1.0,7.5042,0.2554,1.85,12.8153,74.8451,High
Panambur_Beach,2029-08-17,1.1033,8.4062,258.875,4.6,8.3167,0.2738,2.66,12.9482,74.8074,Moderate
Sasihithlu_Beach,2029-08-17,1.0692,8.3917,259.25,6.1,8.3458,0.2738,2.66,13.0189,74.7932,Low
Ullal_Beach,2029-08-17,1.0917,8.2646,259.1667,4.2,8.0458,0.2738,1.85,12.8153,74.8451,High
Panambur_Beach,2029-08-18,1.23,8.4438,261.375,4.9,9.5292,0.3054,2.66,12.9482,74.8074,Moderate
Sasihithlu_Beach,2029-08-18,1.1975,8.425,261.375,4.3,9.3458,0.3054,2.66,13.0189,74.7932,Low
Ullal_Beach,2029-08-18,1.205,8.3375,261.375,4.2,9.45,0.3054,1.85,12.8153,74.8451,High
Panambur_Beach,2029-08-19,1.335,7.9417,264.8333,15.1,6.8292,0.2771,2.66,12.9482,74.8074,Moderate
Sasihithlu_Beach,2029-08-19,1.3042,7.9125,265.0417,13.9,6.9417,0.2771,2.66,13.0189,74.7932,Low
Ullal_Beach,2029-08-19,1.3292,7.8667,265.2083,16.9,6.9417,0.2771,1.85,12.8153,74.8451,High
Panambur_Beach,2029-08-20,1.3108,7.8875,266.0833,3.0,8.1708,0.2517,2.66,12.9482,74.8074,Moderate
Sasihithlu_Beach,2029-08-20,1.275,7.8438,266.125,2.7,8.0292,0.2517,2.66,13.0189,74.7932,Low
Ullal_Beach,2029-08-20,1.3133,7.8625,266.375,2.9,7.5708,0.2517,1.85,12.8153,74.8451,High
Panambur_Beach,2029-08-21,1.1808,7.6229,271.7083,0.9,10.6542,0.2433,2.66,12.9482,74.8074,Moderate
Sasihithlu_Beach,2029-08-21,1.145,7.6167,271.5,1.0,10.475,0.2433,2.66,13.0189,74.7932,Low
Ullal_Beach,2029-08-21,1.1925,7.525,272.4167,0.9,10.1042,0.2433,1.85,12.8153,74.8451,High
Panambur_Beach,2029-08-22,1.0458,7.3917,276.875,0.5,12.6083,0.2254,2.66,12.9482,74.8074,Moderate
Sasihithlu_Beach,2029-08-22,1.0225,7.4333,275.875,0.4,12.2375,0.2254,2.66,13.0189,74.7932,Low
Ullal_Beach,2029-08-22,1.0517,7.1646,278.7083,0.3,12.4292,0.2254,1.85,12.8153,74.8451,High
Panambur_Beach,2029-08-23,0.9308,8.2771,263.125,0.7,9.7583,0.19,2.66,12.9482,74.8074,Moderate
Sasihithlu_Beach,2029-08-23,0.9083,8.3188,262.375,1.6,9.5375,0.19,2.66,13.0189,74.7932,Low
Ullal_Beach,2029-08-23,0.9217,7.9542,264.7917,0.5,9.95,0.19,1.85,12.8153,74.8451,High
Panambur_Beach,2029-08-24,0.8858,9.7542,240.7917,2.3,5.7625,0.2108,2.66,12.9482,74.8074,High
Sasihithlu_Beach,2029-08-24,0.8658,9.7542,240.625,1.5,5.5792,0.2108,2.66,13.0189,74.7932,Low
Ullal_Beach,2029-08-24,0.8775,9.5187,241.125,1.9,5.6875,0.2108,1.85,12.8153,74.8451,High
Panambur_Beach,2029-08-25,0.8517,9.2625,245.0,6.1,7.75,0.2367,2.66,12.9482,74.8074,High
Sasihithlu_Beach,2029-08-25,0.83,9.2083,245.7083,7.1,7.6875,0.2367,2.66,13.0189,74.7932,Low
Ullal_Beach,2029-08-25,0.8425,9.1896,244.8333,2.7,7.7417,0.2367,1.85,12.8153,74.8451,High
Panambur_Beach,2029-08-26,1.0292,8.2833,265.1667,3.8,6.1583,0.2508,2.66,12.9482,74.8074,Moderate
Sasihithlu_Beach,2029-08-26,1.0058,8.2458,265.5833,5.7,5.7708,0.2508,2.66,13.0189,74.7932,Low
Ullal_Beach,2029-08-26,1.0233,8.2625,265.2917,8.3,6.325,0.2508,1.85,12.8153,74.8451,High
Panambur_Beach,2029-08-27,1.0767,8.3229,266.375,1.2,7.2042,0.2721,2.66,12.9482,74.8074,Moderate
Sasihithlu_Beach,2029-08-27,1.0542,8.3042,266.5,0.6,6.9917,0.2721,2.66,13.0189,74.7932,Low
Ullal_Beach,2029-08-27,1.0692,8.2854,266.5,0.8,7.0125,0.2721,1.85,12.8153,74.8451,High
Panambur_Beach,2029-08-28,1.11,8.5479,266.9167,0.3,9.2042,0.2804,2.66,12.9482,74.8074,Moderate
Sasihithlu_Beach,2029-08-28,1.0967,8.55,266.7917,0.2,9.1417,0.2804,2.66,13.0189,74.7932,Low
Ullal_Beach,2029-08-28,1.1258,8.5271,267.4167,0.2,9.2208,0.2804,1.85,12.8153,74.8451,High
Panambur_Beach,2029-08-29,1.1433,8.6271,261.0833,2.4,10.2458,0.3142,2.66,12.9482,74.8074,Moderate
Sasihithlu_Beach,2029-08-29,1.1242,8.6229,261.0833,1.8,9.6042,0.3142,2.66,13.0189,74.7932,Low
Ullal_Beach,2029-08-29,1.14,8.5542,261.0833,1.9,10.0083,0.3142,1.85,12.8153,74.8451,High
Panambur_Beach,2029-08-30,1.1258,8.3271,251.4583,2.6,8.325,0.35,2.66,12.9482,74.8074,Moderate
Sasihithlu_Beach,2029-08-30,1.0892,8.2708,251.9583,2.4,7.8917,0.35,2.66,13.0189,74.7932,Low
Ullal_Beach,2029-08-30,1.1425,8.2812,250.875,1.5,8.1125,0.35,1.85,12.8153,74.8451,High
Panambur_Beach,2029-08-31,1.2567,8.6667,253.125,0.4,8.8375,0.3483,2.66,12.9482,74.8074,High
Sasihithlu_Beach,2029-08-31,1.2142,8.6292,253.25,0.5,8.6458,0.3483,2.66,13.0189,74.7932,Low
Ullal_Beach,2029-08-31,1.2725,8.6167,252.25,0.0,8.8958,0.3483,1.85,12.8153,74.8451,High
Panambur_Beach,2029-09-01,0.4892,7.0875,260.625,0.0,11.0417,0.5162,2.66,12.9482,74.8074,Moderate
Sasihithlu_Beach,2029-09-01,0.4633,7.2021,259.4583,0.0,10.4875,0.5162,2.66,13.0189,74.7932,Low
Ullal_Beach,2029-09-01,0.5142,6.7542,263.0833,0.0,11.7,0.5162,1.85,12.8153,74.8451,High
Panambur_Beach,2029-09-02,0.6058,7.4458,259.0833,0.0,8.7833,0.5075,2.66,12.9482,74.8074,Moderate
Sasihithlu_Beach,2029-09-02,0.575,7.3833,259.5417,0.0,8.5833,0.5075,2.66,13.0189,74.7932,Low
Ullal_Beach,2029-09-02,0.6175,7.3625,260.125,0.0,8.9542,0.5075,1.85,12.8153,74.8451,High
Panambur_Beach,2029-09-03,0.6042,10.1875,213.2917,0.0,8.2875,0.6304,2.66,12.9482,74.8074,Moderate
Sasihithlu_Beach,2029-09-03,0.5808,10.225,213.9167,0.0,7.3958,0.6304,2.66,13.0189,74.7932,Low
Ullal_Beach,2029-09-03,0.595,9.9229,213.1667,0.0,9.4042,0.6304,1.85,12.8153,74.8451,High
Panambur_Beach,2029-09-04,0.6467,10.1625,223.0833,0.2,7.575,0.475,2.66,12.9482,74.8074,Moderate
Sasihithlu_Beach,2029-09-04,0.6158,10.2229,223.7917,0.3,7.1042,0.475,2.66,13.0189,74.7932,Low
Ullal_Beach,2029-09-04,0.6458,9.8646,223.125,0.1,7.9542,0.475,1.85,12.8153,74.8451,High
Panambur_Beach,2029-09-05,0.895,7.9896,249.1667,3.0,10.775,0.3771,2.66,12.9482,74.8074,Moderate
Sasihithlu_Beach,2029-09-05,0.8725,8.0312,248.5,4.5,10.4083,0.3771,2.66,13.0189,74.7932,Low
Ullal_Beach,2029-09-05,0.8958,7.725,250.375,1.0,11.3667,0.3771,1.85,12.8153,74.8451,High
Panambur_Beach,2029-09-06,2.1767,9.8812,257.0,30.3,10.4417,0.3971,2.66,12.9482,74.8074,Moderate
Sasihithlu_Beach,2029-09-06,2.1117,9.8667,255.875,31.6,10.6083,0.3971,2.66,13.0189,74.7932,Moderate
Ullal_Beach,2029-09-06,2.1758,9.8729,257.5417,27.5,9.9375,0.3971,1.85,12.8153,74.8451,High
Panambur_Beach,2029-09-07,2.7825,10.5979,267.4583,20.1,6.2833,0.1579,2.66,12.9482,74.8074,Moderate
Sasihithlu_Beach,2029-09-07,2.7275,10.6125,266.7917,25.0,5.9292,0.1579,2.66,13.0189,74.7932,Moderate
Ullal_Beach,2029-09-07,2.7542,10.5125,268.3333,11.2,5.3167,0.1579,1.85,12.8153,74.8451,High
Panambur_Beach,2029-09-08,1.8092,9.3083,266.7917,1.7,7.0125,0.1971,2.66,12.9482,74.8074,Moderate
Sasihithlu_Beach,2029-09-08,1.7825,9.3146,266.25,2.1,7.0625,0.1971,2.66,13.0189,74.7932,Low
Ullal_Beach,2029-09-08,1.7883,9.2042,267.375,3.2,7.525,0.1971,1.85,12.8153,74.8451,High
Panambur_Beach,2029-09-09,1.5658,7.7833,265.875,10.7,7.7583,0.2767,2.66,12.9482,74.8074,Moderate
Sasihithlu_Beach,2029-09-09,1.5258,7.7667,265.25,11.1,8.2042,0.2767,2.66,13.0189,74.7932,Low
Ullal_Beach,2029-09-09,1.5742,7.7375,266.4583,6.2,7.9625,0.2767,1.85,12.8153,74.8451,High
Panambur_Beach,2029-09-10,0.5625,11.0396,200.25,8.7,6.0625,0.4108,2.66,12.9482,74.8074,Moderate
Sasihithlu_Beach,2029-09-10,0.5442,11.1583,200.7917,5.9,5.9,0.4108,2.66,13.0189,74.7932,Low
Ullal_Beach,2029-09-10,0.5625,10.6688,198.6667,6.0,6.1875,0.4108,1.85,12.8153,74.8451,High
Panambur_Beach,2029-09-11,0.5333,11.0812,199.3333,21.9,5.1042,0.4196,2.66,12.9482,74.8074,Moderate
Sasihithlu_Beach,2029-09-11,0.5108,11.1917,200.3333,23.8,5.0833,0.4196,2.66,13.0189,74.7932,Low
Ullal_Beach,2029-09-11,0.5333,10.7875,197.9583,17.3,5.475,0.4196,1.85,12.8153,74.8451,High
Panambur_Beach,2029-09-12,0.7292,9.4438,206.5417,4.6,7.1458,0.4275,2.66,12.9482,74.8074,Moderate
Sasihithlu_Beach,2029-09-12,0.6892,9.4646,207.1667,4.0,7.3917,0.4275,2.66,13.0189,74.7932,Low
Ullal_Beach,2029-09-12,0.7442,9.3292,206.0417,8.7,7.4208,0.4275,1.85,12.8153,74.8451,High
Panambur_Beach,2029-09-13,1.1875,7.8708,265.0833,7.3,7.2792,0.3142,2.66,12.9482,74.8074,Moderate
Sasihithlu_Beach,2029-09-13,1.1608,7.8729,264.8333,9.2,7.1958,0.3142,2.66,13.0189,74.7932,Low
Ullal_Beach,2029-09-13,1.1775,7.7604,265.5833,7.7,6.6,0.3142,1.85,12.8153,74.8451,High
Panambur_Beach,2029-09-14,1.2808,8.3292,262.125,30.8,8.0,0.3288,2.66,12.9482,74.8074,Moderate
Sasihithlu_Beach,2029-09-14,1.2575,8.3208,261.4167,30.9,8.0042,0.3288,2.66,13.0189,74.7932,Low
Ullal_Beach,2029-09-14,1.2758,8.1833,262.9583,27.6,7.8083,0.3288,1.85,12.8153,74.8451,High
Panambur_Beach,2029-09-15,1.5075,7.9479,258.0417,42.7,10.1417,0.3142,2.66,12.9482,74.8074,Moderate
Sasihithlu_Beach,2029-09-15,1.4667,7.9729,257.1667,41.9,9.9917,0.3142,2.66,13.0189,74.7932,Low
Ullal_Beach,2029-09-15,1.4933,7.8604,258.75,38.7,10.45,0.3142,1.85,12.8153,74.8451,High
Panambur_Beach,2029-09-16,1.6183,8.2104,259.1667,34.0,6.4958,0.2983,2.66,12.9482,74.8074,High
Sasihithlu_Beach,2029-09-16,1.5825,8.1979,258.75,37.5,6.125,0.2983,2.66,13.0189,74.7932,Low
Ullal_Beach,2029-09-16,1.6033,8.1667,259.2917,46.1,6.5875,0.2983,1.85,12.8153,74.8451,High
Panambur_Beach,2029-09-17,1.3392,8.5542,254.5,12.3,5.9083,0.3354,2.66,12.9482,74.8074,Moderate
Sasihithlu_Beach,2029-09-17,1.3067,8.5,255.0833,14.3,5.8792,0.3354,2.66,13.0189,74.7932,Low
Ullal_Beach,2029-09-17,1.3442,8.5625,254.125,16.4,5.7833,0.3354,1.85,12.8153,74.8451,High
Panambur_Beach,2029-09-18,1.2092,8.3292,248.625,15.4,9.5625,0.3546,2.66,12.9482,74.8074,High
Sasihithlu_Beach,2029-09-18,1.1808,8.2875,249.125,5.9,9.8583,0.3546,2.66,13.0189,74.7932,Low
Ullal_Beach,2029-09-18,1.2108,8.3396,247.9167,15.5,8.5667,0.3546,1.85,12.8153,74.8451,High
Panambur_Beach,2029-09-19,1.2067,8.3146,251.9583,5.0,8.6667,0.3938,2.66,12.9482,74.8074,High
Sasihithlu_Beach,2029-09-19,1.1842,8.2875,253.0,7.7,8.6958,0.3938,2.66,13.0189,74.7932,Low
Ullal_Beach,2029-09-19,1.2042,8.2875,251.2083,6.2,8.2708,0.3938,1.85,12.8153,74.8451,High
Panambur_Beach,2029-09-20,1.2717,8.4312,255.625,6.2,6.1833,0.3738,2.66,12.9482,74.8074,Moderate
Sasihithlu_Beach,2029-09-20,1.235,8.4188,255.875,7.9,6.3583,0.3738,2.66,13.0189,74.7932,Low
Ullal_Beach,2029-09-20,1.2792,8.4,255.6667,7.2,6.1542,0.3738,1.85,12.8153,74.8451,High
Panambur_Beach,2029-09-21,1.2683,8.7188,253.8333,4.2,6.4458,0.335,2.66,12.9482,74.8074,Moderate
Sasihithlu_Beach,2029-09-21,1.2242,8.6833,253.7083,6.0,6.3792,0.335,2.66,13.0189,74.7932,Low
Ullal_Beach,2029-09-21,1.2875,8.6833,254.25,2.8,6.3625,0.335,1.85,12.8153,74.8451,High
Panambur_Beach,2029-09-22,1.33,9.2271,246.3333,18.1,6.4958,0.3329,2.66,12.9482,74.8074,High
Sasihithlu_Beach,2029-09-22,1.2817,9.2062,246.0833,16.1,6.3917,0.3329,2.66,13.0189,74.7932,Low
Ullal_Beach,2029-09-22,1.3358,9.1021,246.5833,13.3,6.1667,0.3329,1.85,12.8153,74.8451,High
Panambur_Beach,2029-09-23,1.1758,9.25,244.2083,26.3,6.9708,0.3262,2.66,12.9482,74.8074,High
Sasihithlu_Beach,2029-09-23,1.1392,9.225,244.2083,35.1,6.7208,0.3262,2.66,13.0189,74.7932,Low
Ullal_Beach,2029-09-23,1.1758,9.0417,244.3333,15.1,7.1083,0.3262,1.85,12.8153,74.8451,High
Panambur_Beach,2029-09-24,1.0917,8.8104,245.6667,25.3,6.9417,0.3471,2.66,12.9482,74.8074,High
Sasihithlu_Beach,2029-09-24,1.0483,8.7938,245.3333,27.2,6.8125,0.3471,2.66,13.0189,74.7932,Low
Ullal_Beach,2029-09-24,1.0967,8.6542,246.375,34.5,7.0208,0.3471,1.85,12.8153,74.8451,High
Panambur_Beach,2029-09-25,0.9525,7.9021,252.2917,1.9,7.55,0.3275,2.66,12.9482,74.8074,Moderate
Sasihithlu_Beach,2029-09-25,0.9275,7.8958,252.125,3.9,7.55,0.3275,2.66,13.0189,74.7932,Low
Ullal_Beach,2029-09-25,0.955,7.7542,252.7083,5.2,7.1042,0.3275,1.85,12.8153,74.8451,High
Panambur_Beach,2029-09-26,0.84,7.3354,257.9583,7.5,6.0208,0.3658,2.66,12.9482,74.8074,Moderate
Sasihithlu_Beach,2029-09-26,0.8158,7.3146,258.2083,4.9,5.9208,0.3658,2.66,13.0189,74.7932,Low
Ullal_Beach,2029-09-26,0.8467,7.2396,258.4583,9.1,6.25,0.3658,1.85,12.8153,74.8451,High
Panambur_Beach,2029-09-27,0.9283,7.5771,265.8333,12.2,6.3583,0.4129,2.66,12.9482,74.8074,Moderate
Sasihithlu_Beach,2029-09-27,0.9042,7.5333,266.0833,12.2,6.6042,0.4129,2.66,13.0189,74.7932,Low
Ullal_Beach,2029-09-27,0.9225,7.5479,265.4583,8.2,6.2375,0.4129,1.85,12.8153,74.8451,High
Panambur_Beach,2029-09-28,1.3492,7.1875,264.5,52.5,10.3208,0.4388,2.66,12.9482,74.8074,Moderate
Sasihithlu_Beach,2029-09-28,1.3175,7.125,263.6667,43.6,10.3875,0.4388,2.66,13.0189,74.7932,Low
Ullal_Beach,2029-09-28,1.3483,7.2125,265.625,35.7,9.9417,0.4388,1.85,12.8153,74.8451,High
Panambur_Beach,2029-09-29,1.6117,6.925,261.5833,45.4,12.4375,0.4521,2.66,12.9482,74.8074,Moderate
Sasihithlu_Beach,2029-09-29,1.5717,6.9438,260.9167,47.2,12.2583,0.4521,2.66,13.0189,74.7932,Low
Ullal_Beach,2029-09-29,1.6167,6.8688,261.8333,27.9,12.7417,0.4521,1.85,12.8153,74.8451,High
Panambur_Beach,2029-09-30,1.7875,7.0646,263.625,33.5,13.1583,0.4858,2.66,12.9482,74.8074,High
Sasihithlu_Beach,2029-09-30,1.7383,7.0792,263.25,32.2,13.2833,0.4858,2.66,13.0189,74.7932,Low
Ullal_Beach,2029-09-30,1.7967,7.0417,264.2083,27.7,13.5958,0.4858,1.85,12.8153,74.8451,High
Panambur_Beach,2029-10-01,0.5275,7.0625,266.75,0.0,9.9375,0.5838,2.66,12.9482,74.8074,Low
Sasihithlu_Beach,2029-10-01,0.5083,7.0667,267.3333,0.0,9.5333,0.5838,2.66,13.0189,74.7932,Low
Ullal_Beach,2029-10-01,0.545,6.8938,269.4167,0.0,11.7625,0.5838,1.85,12.8153,74.8451,High
Panambur_Beach,2029-10-02,0.5775,8.0167,247.625,0.0,8.3333,0.5708,2.66,12.9482,74.8074,Moderate
Sasihithlu_Beach,2029-10-02,0.5483,7.9875,247.5417,0.0,7.9125,0.5708,2.66,13.0189,74.7932,Low
Ullal_Beach,2029-10-02,0.5833,7.8333,248.6667,0.0,8.6875,0.5708,1.85,12.8153,74.8451,High
Panambur_Beach,2029-10-03,0.5383,8.8646,219.6667,0.0,9.7583,0.6279,2.66,12.9482,74.8074,Moderate
Sasihithlu_Beach,2029-10-03,0.5167,8.9188,220.8333,0.0,8.5417,0.6279,2.66,13.0189,74.7932,Low
Ullal_Beach,2029-10-03,0.5442,8.6292,219.1667,0.0,10.4792,0.6279,1.85,12.8153,74.8451,High
Panambur_Beach,2029-10-04,0.5783,9.6458,215.125,0.2,7.8542,0.4962,2.66,12.9482,74.8074,Moderate
Sasihithlu_Beach,2029-10-04,0.5533,9.6688,216.25,0.3,7.4958,0.4962,2.66,13.0189,74.7932,Low
Ullal_Beach,2029-10-04,0.5833,9.425,213.875,0.5,8.2083,0.4962,1.85,12.8153,74.8451,High
Panambur_Beach,2029-10-05,0.7825,7.975,246.2083,19.4,8.6833,0.3583,2.66,12.9482,74.8074,Moderate
Sasihithlu_Beach,2029-10-05,0.7583,8.0083,246.0417,18.2,8.3875,0.3583,2.66,13.0189,74.7932,Low
Ullal_Beach,2029-10-05,0.7875,7.7,247.1667,21.1,9.1792,0.3583,1.85,12.8153,74.8451,High
Panambur_Beach,2029-10-06,2.8492,10.6229,262.25,33.2,11.9833,0.3892,2.66,12.9482,74.8074,Moderate
Sasihithlu_Beach,2029-10-06,2.7817,10.6437,261.375,29.8,12.5583,0.3892,2.66,13.0189,74.7932,Moderate
Ullal_Beach,2029-10-06,2.8317,10.5625,262.5833,33.0,11.0167,0.3892,1.85,12.8153,74.8451,High
Panambur_Beach,2029-10-07,2.415,10.3458,265.3333,8.0,6.6958,0.1725,2.66,12.9482,74.8074,Moderate
Sasihithlu_Beach,2029-10-07,2.3642,10.3771,264.875,8.0,6.8083,0.1725,2.66,13.0189,74.7932,Low
Ullal_Beach,2029-10-07,2.39,10.2833,266.0833,4.1,6.5417,0.1725,1.85,12.8153,74.8451,High
Panambur_Beach,2029-10-08,1.6792,9.1812,267.5417,2.5,12.0208,0.1692,2.66,12.9482,74.8074,Moderate
Sasihithlu_Beach,2029-10-08,1.6508,9.2042,267.2083,2.9,11.5125,0.1692,2.66,13.0189,74.7932,Low
Ullal_Beach,2029-10-08,1.6725,9.05,268.5417,1.5,11.9833,0.1692,1.85,12.8153,74.8451,High
Panambur_Beach,2029-10-09,1.4183,7.725,271.7917,13.9,7.4958,0.2508,2.66,12.9482,74.8074,Moderate
Sasihithlu_Beach,2029-10-09,1.3808,7.7125,271.6667,15.3,7.5625,0.2508,2.66,13.0189,74.7932,Low
Ullal_Beach,2029-10-09,1.4258,7.6667,272.6667,12.6,7.5875,0.2508,1.85,12.8153,74.8451,High
Panambur_Beach,2029-10-10,0.6042,10.9083,201.4167,15.7,5.5875,0.4596,2.66,12.9482,74.8074,Moderate
Sasihithlu_Beach,2029-10-10,0.58,10.9854,201.9167,23.4,5.5833,0.4596,2.66,13.0189,74.7932,Low
Ullal_Beach,2029-10-10,0.6067,10.6625,200.125,13.0,5.6792,0.4596,1.85,12.8153,74.8451,High
Panambur_Beach,2029-10-11,0.5817,11.1667,198.75,13.8,5.1083,0.425,2.66,12.9482,74.8074,Moderate
Sasihithlu_Beach,2029-10-11,0.5467,11.2792,199.75,13.1,5.425,0.425,2.66,13.0189,74.7932,Low
Ullal_Beach,2029-10-11,0.5833,10.9188,197.5,12.8,5.4708,0.425,1.85,12.8153,74.8451,High
Panambur_Beach,2029-10-12,0.6617,8.3708,212.6667,4.8,6.3375,0.4429,2.66,12.9482,74.8074,Moderate
Sasihithlu_Beach,2029-10-12,0.6408,8.425,213.0417,4.6,5.8,0.4429,2.66,13.0189,74.7932,Low
Ullal_Beach,2029-10-12,0.6592,8.1938,212.2917,7.5,6.5333,0.4429,1.85,12.8153,74.8451,High
Panambur_Beach,2029-10-13,0.6392,9.2458,201.3333,1.0,5.9292,0.5217,2.66,12.9482,74.8074,Moderate
Sasihithlu_Beach,2029-10-13,0.61,9.2917,202.875,1.7,5.4708,0.5217,2.66,13.0189,74.7932,Low
Ullal_Beach,2029-10-13,0.645,8.9792,199.8333,0.5,6.4125,0.5217,1.85,12.8153,74.8451,High
Panambur_Beach,2029-10-14,0.65,10.0458,202.5,1.4,6.4208,0.5125,2.66,12.9482,74.8074,Moderate
Sasihithlu_Beach,2029-10-14,0.6108,10.1833,203.5833,3.5,6.5583,0.5125,2.66,13.0189,74.7932,Low
Ullal_Beach,2029-10-14,0.6583,9.6771,201.125,1.2,6.075,0.5125,1.85,12.8153,74.8451,High
Panambur_Beach,2029-10-15,0.7358,11.9729,200.0,4.3,6.3125,0.5262,2.66,12.9482,74.8074,Moderate
Sasihithlu_Beach,2029-10-15,0.705,12.2125,200.7083,5.6,5.9125,0.5262,2.66,13.0189,74.7932,Low
Ullal_Beach,2029-10-15,0.7233,11.3083,198.7083,2.0,5.9333,0.5262,1.85,12.8153,74.8451,High
Panambur_Beach,2029-10-16,0.7583,11.4312,201.4167,24.3,6.8833,0.5204,2.66,12.9482,74.8074,Moderate
Sasihithlu_Beach,2029-10-16,0.7192,11.6167,201.75,42.1,6.825,0.5204,2.66,13.0189,74.7932,Low
Ullal_Beach,2029-10-16,0.7483,11.0125,200.5417,13.0,6.7208,0.5204,1.85,12.8153,74.8451,High
Panambur_Beach,2029-10-17,0.7592,10.8542,199.5,21.5,6.8875,0.4967,2.66,12.9482,74.8074,Moderate
Sasihithlu_Beach,2029-10-17,0.7258,10.9396,200.0417,40.0,6.7917,0.4967,2.66,13.0189,74.7932,Moderate
Ullal_Beach,2029-10-17,0.7533,10.6583,198.5,18.1,6.7417,0.4967,1.85,12.8153,74.8451,High
Panambur_Beach,2029-10-18,0.6767,9.7375,201.4583,19.7,7.0625,0.44,2.66,12.9482,74.8074,Moderate
Sasihithlu_Beach,2029-10-18,0.6458,9.7687,202.5417,18.3,7.05,0.44,2.66,13.0189,74.7932,Low
Ullal_Beach,2029-10-18,0.6792,9.6063,200.125,13.6,6.4583,0.44,1.85,12.8153,74.8451,High
Panambur_Beach,2029-10-19,0.5992,8.4875,203.5833,5.4,6.5875,0.4329,2.66,12.9482,74.8074,Moderate
Sasihithlu_Beach,2029-10-19,0.57,8.475,204.7917,2.4,5.9875,0.4329,2.66,13.0189,74.7932,Low
Ullal_Beach,2029-10-19,0.6058,8.3938,202.2917,5.7,6.1125,0.4329,1.85,12.8153,74.8451,High
Panambur_Beach,2029-10-20,0.5367,8.2917,202.7917,8.2,7.2,0.4446,2.66,12.9482,74.8074,Moderate
Sasihithlu_Beach,2029-10-20,0.5042,8.2479,203.9583,11.5,7.3333,0.4446,2.66,13.0189,74.7932,Low
Ullal_Beach,2029-10-20,0.5475,8.275,201.2917,10.0,6.65,0.4446,1.85,12.8153,74.8451,High
Panambur_Beach,2029-10-21,0.5242,8.7625,197.25,18.8,5.7333,0.4421,2.66,12.9482,74.8074,Moderate
Sasihithlu_Beach,2029-10-21,0.4867,8.7396,198.25,32.2,5.8375,0.4421,2.66,13.0189,74.7932,Low
Ullal_Beach,2029-10-21,0.5367,8.6792,196.1667,13.8,5.5167,0.4421,1.85,12.8153,74.8451,High
Panambur_Beach,2029-10-22,0.5058,8.9083,199.375,12.7,6.325,0.4296,2.66,12.9482,74.8074,Moderate
Sasihithlu_Beach,2029-10-22,0.4775,8.9292,200.2083,7.1,6.1875,0.4296,2.66,13.0189,74.7932,Low
Ullal_Beach,2029-10-22,0.5175,8.8021,198.4583,8.0,6.625,0.4296,1.85,12.8153,74.8451,High
Panambur_Beach,2029-10-23,0.5267,8.15,207.2917,1.0,7.325,0.4575,2.66,12.9482,74.8074,Moderate
Sasihithlu_Beach,2029-10-23,0.4967,8.1729,208.0833,1.6,7.4417,0.4575,2.66,13.0189,74.7932,Low
Ullal_Beach,2029-10-23,0.5417,8.0792,206.0,0.1,6.9042,0.4575,1.85,12.8153,74.8451,High
Panambur_Beach,2029-10-24,0.5258,7.6167,209.875,7.6,7.55,0.4992,2.66,12.9482,74.8074,Moderate
Sasihithlu_Beach,2029-10-24,0.4967,7.6583,211.625,4.6,7.3333,0.4992,2.66,13.0189,74.7932,Low
Ullal_Beach,2029-10-24,0.5417,7.4062,207.9583,2.4,7.675,0.4992,1.85,12.8153,74.8451,High
Panambur_Beach,2029-10-25,0.5217,8.1771,220.9167,0.9,6.6542,0.5225,2.66,12.9482,74.8074,Moderate
Sasihithlu_Beach,2029-10-25,0.4908,8.1458,221.7917,1.1,6.2417,0.5225,2.66,13.0189,74.7932,Low
Ullal_Beach,2029-10-25,0.5267,8.0917,220.0,0.2,6.8708,0.5225,1.85,12.8153,74.8451,High
Panambur_Beach,2029-10-26,0.5317,8.6688,220.625,0.0,6.4875,0.5383,2.66,12.9482,74.8074,Moderate
Sasihithlu_Beach,2029-10-26,0.495,8.6458,221.1667,0.0,6.7083,0.5383,2.66,13.0189,74.7932,Low
Ullal_Beach,2029-10-26,0.5367,8.6292,219.5,0.0,6.7,0.5383,1.85,12.8153,74.8451,High
Panambur_Beach,2029-10-27,0.5092,8.2104,216.0417,0.0,7.5792,0.5912,2.66,12.9482,74.8074,Moderate
Sasihithlu_Beach,2029-10-27,0.4858,8.1917,218.7917,0.0,7.7125,0.5912,2.66,13.0189,74.7932,Low
Ullal_Beach,2029-10-27,0.5108,8.1042,213.0,0.0,8.3708,0.5912,1.85,12.8153,74.8451,High
Panambur_Beach,2029-10-28,0.5517,8.5271,206.375,2.0,7.5,0.615,2.66,12.9482,74.8074,Moderate
Sasihithlu_Beach,2029-10-28,0.5267,8.5917,208.2083,2.0,7.375,0.615,2.66,13.0189,74.7932,Low
Ullal_Beach,2029-10-28,0.5625,8.2854,204.6667,1.2,7.4125,0.615,1.85,12.8153,74.8451,High
Panambur_Beach,2029-10-29,0.4958,9.7062,195.2083,37.6,6.0,0.5621,2.66,12.9482,74.8074,Moderate
Sasihithlu_Beach,2029-10-29,0.4667,9.8333,196.0833,34.3,5.6042,0.5621,2.66,13.0189,74.7932,Low
Ullal_Beach,2029-10-29,0.505,9.4167,194.0833,18.6,6.6542,0.5621,1.85,12.8153,74.8451,High
Panambur_Beach,2029-10-30,0.5767,9.7604,190.125,13.5,5.3792,0.5358,2.66,12.9482,74.8074,Moderate
Sasihithlu_Beach,2029-10-30,0.5367,9.8417,191.125,12.4,5.1542,0.5358,2.66,13.0189,74.7932,Low
Ullal_Beach,2029-10-30,0.5917,9.6104,188.875,5.9,4.6708,0.5358,1.85,12.8153,74.8451,High
Panambur_Beach,2029-10-31,0.59,9.4546,187.4583,8.4,5.2,0.545,2.66,12.9482,74.8074,Moderate
Sasihithlu_Beach,2029-10-31,0.5642,9.4796,188.4583,5.5,5.6542,0.545,2.66,13.0189,74.7932,Low
Ullal_Beach,2029-10-31,0.6242,9.4083,186.4583,22.6,4.1542,0.545,1.85,12.8153,74.8451,High
Panambur_Beach,2029-11-01,0.48,7.3917,262.3333,0.0,9.3542,0.6175,2.66,12.9482,74.8074,Moderate
Sasihithlu_Beach,2029-11-01,0.45,7.375,261.9583,0.0,8.7333,0.6175,2.66,13.0189,74.7932,Low
Ullal_Beach,2029-11-01,0.4983,7.2604,265.25,0.0,9.9417,0.6175,1.85,12.8153,74.8451,High
Panambur_Beach,2029-11-02,0.56,7.85,251.5417,0.0,8.5583,0.5658,2.66,12.9482,74.8074,Moderate
Sasihithlu_Beach,2029-11-02,0.54,7.825,251.8333,0.0,8.1917,0.5658,2.66,13.0189,74.7932,Low
Ullal_Beach,2029-11-02,0.5692,7.6604,252.5417,0.0,9.0833,0.5658,1.85,12.8153,74.8451,High
Panambur_Beach,2029-11-03,0.505,8.9,209.75,0.0,7.9,0.6196,2.66,12.9482,74.8074,Moderate
Sasihithlu_Beach,2029-11-03,0.4808,8.9729,210.4583,0.0,7.6708,0.6196,2.66,13.0189,74.7932,Low
Ullal_Beach,2029-11-03,0.5117,8.6417,209.1667,0.0,8.5208,0.6196,1.85,12.8153,74.8451,High
Panambur_Beach,2029-11-04,0.61,8.1875,235.3333,0.0,10.0542,0.4825,2.66,12.9482,74.8074,Moderate
Sasihithlu_Beach,2029-11-04,0.575,8.1938,236.5833,0.0,9.8667,0.4825,2.66,13.0189,74.7932,Low
Ullal_Beach,2029-11-04,0.6175,7.9625,235.2917,0.0,10.0167,0.4825,1.85,12.8153,74.8451,High
Panambur_Beach,2029-11-05,0.7042,8.6333,236.375,40.2,8.6208,0.3767,2.66,12.9482,74.8074,Moderate
Sasihithlu_Beach,2029-11-05,0.6933,8.6396,236.9167,43.6,8.1667,0.3767,2.66,13.0189,74.7932,Low
Ullal_Beach,2029-11-05,0.7067,8.4396,236.0417,24.3,9.1417,0.3767,1.85,12.8153,74.8451,High
Panambur_Beach,2029-11-06,2.8,10.2771,268.2917,14.7,10.3042,0.3813,2.66,12.9482,74.8074,Moderate
Sasihithlu_Beach,2029-11-06,2.7475,10.2812,267.5417,18.2,10.7792,0.3813,2.66,13.0189,74.7932,Moderate
Ullal_Beach,2029-11-06,2.7683,10.2542,268.7083,14.6,9.3667,0.3813,1.85,12.8153,74.8451,High
Panambur_Beach,2029-11-07,1.8808,9.7271,261.5,7.6,5.6042,0.1925,2.66,12.9482,74.8074,Moderate
Sasihithlu_Beach,2029-11-07,1.8433,9.7375,261.0833,7.7,5.4333,0.1925,2.66,13.0189,74.7932,Low
Ullal_Beach,2029-11-07,1.8658,9.65,262.125,8.0,5.1792,0.1925,1.85,12.8153,74.8451,High
Panambur_Beach,2029-11-08,1.5542,8.775,268.0417,1.4,13.6042,0.1767,2.66,12.9482,74.8074,Moderate
Sasihithlu_Beach,2029-11-08,1.5217,8.8062,267.4167,1.2,13.15,0.1767,2.66,13.0189,74.7932,Low
Ullal_Beach,2029-11-08,1.5417,8.5938,269.1667,1.3,13.3208,0.1767,1.85,12.8153,74.8451,High
Panambur_Beach,2029-11-09,1.2875,7.6083,265.9583,17.9,6.6708,0.2533,2.66,12.9482,74.8074,Moderate
Sasihithlu_Beach,2029-11-09,1.26,7.5917,266.0,13.9,6.5417,0.2533,2.66,13.0189,74.7932,Low
Ullal_Beach,2029-11-09,1.29,7.5792,266.375,15.2,6.9417,0.2533,1.85,12.8153,74.8451,High
Panambur_Beach,2029-11-10,0.5933,10.0917,204.375,18.4,6.7583,0.4833,2.66,12.9482,74.8074,Moderate
Sasihithlu_Beach,2029-11-10,0.5667,10.1333,205.2083,17.8,6.3958,0.4833,2.66,13.0189,74.7932,Low
Ullal_Beach,2029-11-10,0.5933,9.8354,203.25,11.3,7.3333,0.4833,1.85,12.8153,74.8451,High
Panambur_Beach,2029-11-11,0.5883,10.1833,197.375,0.0,6.1125,0.4233,2.66,12.9482,74.8074,Moderate
Sasihithlu_Beach,2029-11-11,0.5508,10.2146,198.125,0.0,5.8875,0.4233,2.66,13.0189,74.7932,Low
Ullal_Beach,2029-11-11,0.5892,10.0979,196.0417,0.0,5.9583,0.4233,1.85,12.8153,74.8451,High
Panambur_Beach,2029-11-12,0.5567,8.2833,221.0417,2.5,5.0875,0.4192,2.66,12.9482,74.8074,Moderate
Sasihithlu_Beach,2029-11-12,0.5267,8.2958,221.5417,5.9,5.0042,0.4192,2.66,13.0189,74.7932,Low
Ullal_Beach,2029-11-12,0.57,8.1521,220.8333,1.4,5.5333,0.4192,1.85,12.8153,74.8451,High
Panambur_Beach,2029-11-13,0.5167,9.3188,202.1667,0.0,6.9208,0.3929,2.66,12.9482,74.8074,Moderate
Sasihithlu_Beach,2029-11-13,0.4942,9.3937,202.6667,0.0,6.6625,0.3929,2.66,13.0189,74.7932,Low
Ullal_Beach,2029-11-13,0.5242,9.0812,201.4167,0.0,8.2125,0.3929,1.85,12.8153,74.8451,High
Panambur_Beach,2029-11-14,0.46,9.7146,202.7083,0.0,6.9625,0.4008,2.66,12.9482,74.8074,Moderate
Sasihithlu_Beach,2029-11-14,0.43,9.7354,203.875,0.0,6.925,0.4008,2.66,13.0189,74.7932,Low
Ullal_Beach,2029-11-14,0.465,9.575,201.375,0.0,8.5625,0.4008,1.85,12.8153,74.8451,High
Panambur_Beach,2029-11-15,0.5525,10.5896,196.9167,0.0,7.1042,0.4204,2.66,12.9482,74.8074,Moderate
Sasihithlu_Beach,2029-11-15,0.5175,10.6688,197.7083,0.0,7.575,0.4204,2.66,13.0189,74.7932,Low
Ullal_Beach,2029-11-15,0.5625,10.3479,195.6667,0.0,7.6583,0.4204,1.85,12.8153,74.8451,High
Panambur_Beach,2029-11-16,0.5958,10.4146,197.9583,0.0,6.7667,0.42,2.66,12.9482,74.8074,Moderate
Sasihithlu_Beach,2029-11-16,0.5658,10.4792,199.0833,0.1,6.7708,0.42,2.66,13.0189,74.7932,Low
Ullal_Beach,2029-11-16,0.6008,10.1833,196.2917,0.0,7.3,0.42,1.85,12.8153,74.8451,High
Panambur_Beach,2029-11-17,0.5517,9.7958,202.125,0.0,6.5333,0.4417,2.66,12.9482,74.8074,Moderate
Sasihithlu_Beach,2029-11-17,0.5167,9.85,203.125,0.0,6.6875,0.4417,2.66,13.0189,74.7932,Low
Ullal_Beach,2029-11-17,0.5592,9.5625,201.0417,0.0,6.5917,0.4417,1.85,12.8153,74.8451,High
Panambur_Beach,2029-11-18,0.4675,9.1375,205.375,2.2,6.9208,0.4667,2.66,12.9482,74.8074,Moderate
Sasihithlu_Beach,2029-11-18,0.4375,9.1875,206.5,1.2,6.8417,0.4667,2.66,13.0189,74.7932,Low
Ullal_Beach,2029-11-18,0.4775,8.9646,204.375,3.0,6.8167,0.4667,1.85,12.8153,74.8451,High
Panambur_Beach,2029-11-19,0.4267,8.5854,205.4167,0.0,6.1125,0.4662,2.66,12.9482,74.8074,Moderate
Sasihithlu_Beach,2029-11-19,0.4108,8.5938,206.75,0.5,6.0583,0.4662,2.66,13.0189,74.7932,Low
Ullal_Beach,2029-11-19,0.4417,8.4583,204.6667,0.0,7.175,0.4662,1.85,12.8153,74.8451,High
Panambur_Beach,2029-11-20,0.4267,8.2438,211.625,0.0,7.0167,0.4488,2.66,12.9482,74.8074,Moderate
Sasihithlu_Beach,2029-11-20,0.4117,8.2833,212.0833,0.1,6.825,0.4488,2.66,13.0189,74.7932,Low
Ullal_Beach,2029-11-20,0.4358,8.0875,209.9583,0.0,7.9208,0.4488,1.85,12.8153,74.8451,High
Panambur_Beach,2029-11-21,0.4458,7.9542,221.5417,0.0,7.6875,0.4792,2.66,12.9482,74.8074,Moderate
Sasihithlu_Beach,2029-11-21,0.4283,7.9062,224.6667,0.0,7.7417,0.4792,2.66,13.0189,74.7932,Low
Ullal_Beach,2029-11-21,0.4542,7.8458,219.4167,0.0,7.7708,0.4792,1.85,12.8153,74.8451,High
Panambur_Beach,2029-11-22,0.4775,7.3833,237.9583,1.9,7.8375,0.515,2.66,12.9482,74.8074,Moderate
Sasihithlu_Beach,2029-11-22,0.46,7.3208,241.5417,2.6,7.9208,0.515,2.66,13.0189,74.7932,Low
Ullal_Beach,2029-11-22,0.48,7.3,235.7083,0.5,8.3042,0.515,1.85,12.8153,74.8451,High
Panambur_Beach,2029-11-23,0.5042,8.1542,228.4167,10.7,6.2708,0.5429,2.66,12.9482,74.8074,Moderate
Sasihithlu_Beach,2029-11-23,0.4842,8.225,231.2917,10.1,6.2625,0.5429,2.66,13.0189,74.7932,Low
Ullal_Beach,2029-11-23,0.515,7.8417,225.625,4.3,5.8583,0.5429,1.85,12.8153,74.8451,High
Panambur_Beach,2029-11-24,0.5967,7.9292,232.7083,3.6,5.8958,0.5521,2.66,12.9482,74.8074,Moderate
Sasihithlu_Beach,2029-11-24,0.5675,7.9354,233.0833,3.7,6.3583,0.5521,2.66,13.0189,74.7932,Low
Ullal_Beach,2029-11-24,0.6125,7.7833,233.375,4.9,5.5792,0.5521,1.85,12.8153,74.8451,High
Panambur_Beach,2029-11-25,0.5142,8.2042,203.8333,13.6,5.7125,0.5558,2.66,12.9482,74.8074,Moderate
Sasihithlu_Beach,2029-11-25,0.4783,8.3021,205.0,14.3,6.2042,0.5558,2.66,13.0189,74.7932,Low
Ullal_Beach,2029-11-25,0.5242,7.9875,202.4583,11.5,7.3708,0.5558,1.85,12.8153,74.8451,High
Panambur_Beach,2029-11-26,0.48,8.7938,200.4167,0.0,6.2917,0.5604,2.66,12.9482,74.8074,Moderate
Sasihithlu_Beach,2029-11-26,0.45,8.8708,201.75,0.0,5.3292,0.5604,2.66,13.0189,74.7932,Low
Ullal_Beach,2029-11-26,0.4983,8.5958,198.75,0.0,8.3542,0.5604,1.85,12.8153,74.8451,High
Panambur_Beach,2029-11-27,0.4008,8.2687,204.625,0.0,5.7,0.5379,2.66,12.9482,74.8074,Moderate
Sasihithlu_Beach,2029-11-27,0.3733,8.2833,205.2917,0.0,5.3083,0.5379,2.66,13.0189,74.7932,Low
Ullal_Beach,2029-11-27,0.4058,8.1063,203.6667,0.0,7.9042,0.5379,1.85,12.8153,74.8451,High
Panambur_Beach,2029-11-28,0.3508,9.6,200.1667,0.0,7.2083,0.5321,2.66,12.9482,74.8074,Moderate
Sasihithlu_Beach,2029-11-28,0.3308,9.5521,201.5833,0.0,6.8333,0.5321,2.66,13.0189,74.7932,Low
Ullal_Beach,2029-11-28,0.3675,9.5833,198.875,0.0,7.2958,0.5321,1.85,12.8153,74.8451,High
Panambur_Beach,2029-11-29,0.5292,9.475,212.7083,0.1,7.4875,0.5375,2.66,12.9482,74.8074,Moderate
Sasihithlu_Beach,2029-11-29,0.5025,9.3646,215.5833,0.1,7.3208,0.5375,2.66,13.0189,74.7932,Low
Ullal_Beach,2029-11-29,0.5442,9.5062,210.75,0.1,7.6333,0.5375,1.85,12.8153,74.8451,High
Panambur_Beach,2029-11-30,0.6842,7.7,255.75,0.0,8.7583,0.4979,2.66,12.9482,74.8074,Low
Sasihithlu_Beach,2029-11-30,0.6567,7.6438,256.875,0.9,8.8375,0.4979,2.66,13.0189,74.7932,Low
Ullal_Beach,2029-11-30,0.7033,7.6083,255.9167,1.2,8.2708,0.4979,1.85,12.8153,74.8451,High
Panambur_Beach,2029-12-01,0.4725,7.4333,239.5833,0.0,7.4417,0.6004,2.66,12.9482,74.8074,Moderate
Sasihithlu_Beach,2029-12-01,0.44,7.3708,241.125,0.0,7.2417,0.6004,2.66,13.0189,74.7932,Low
Ullal_Beach,2029-12-01,0.4925,7.3292,240.2917,0.0,8.6417,0.6004,1.85,12.8153,74.8451,High
Panambur_Beach,2029-12-02,0.6117,7.4271,278.375,0.0,8.25,0.5562,2.66,12.9482,74.8074,Low
Sasihithlu_Beach,2029-12-02,0.5875,7.4042,278.6667,0.0,8.0875,0.5562,2.66,13.0189,74.7932,Low
Ullal_Beach,2029-12-02,0.6317,7.3167,280.0833,0.0,8.7042,0.5562,1.85,12.8153,74.8451,High
Panambur_Beach,2029-12-03,0.4867,8.3792,223.9583,0.0,8.1667,0.5896,2.66,12.9482,74.8074,Moderate
Sasihithlu_Beach,2029-12-03,0.4633,8.3667,225.2083,0.0,7.5083,0.5896,2.66,13.0189,74.7932,Low
Ullal_Beach,2029-12-03,0.4983,8.2104,223.2917,0.0,8.9375,0.5896,1.85,12.8153,74.8451,High
Panambur_Beach,2029-12-04,0.6267,7.0479,256.0,0.0,9.6083,0.4492,2.66,12.9482,74.8074,Moderate
Sasihithlu_Beach,2029-12-04,0.6,6.9625,258.1667,0.1,9.3958,0.4492,2.66,13.0189,74.7932,Low
Ullal_Beach,2029-12-04,0.6342,6.9729,255.2083,0.0,9.6583,0.4492,1.85,12.8153,74.8451,High
Panambur_Beach,2029-12-05,0.6983,8.9083,230.375,0.8,6.1708,0.3892,2.66,12.9482,74.8074,Moderate
Sasihithlu_Beach,2029-12-05,0.6708,8.9021,230.625,2.3,6.2083,0.3892,2.66,13.0189,74.7932,Low
Ullal_Beach,2029-12-05,0.7008,8.7354,229.5,1.2,6.075,0.3892,1.85,12.8153,74.8451,High
Panambur_Beach,2029-12-06,2.7475,10.3292,269.6667,9.9,11.6875,0.4054,2.66,12.9482,74.8074,Moderate
Sasihithlu_Beach,2029-12-06,2.6808,10.3104,268.7917,13.0,11.9583,0.4054,2.66,13.0189,74.7932,Moderate
Ullal_Beach,2029-12-06,2.7367,10.3333,270.4167,9.3,11.4125,0.4054,1.85,12.8153,74.8451,High
Panambur_Beach,2029-12-07,1.6458,9.0021,260.5833,14.3,7.3208,0.2079,2.66,12.9482,74.8074,Moderate
Sasihithlu_Beach,2029-12-07,1.6175,9.0229,260.375,10.8,6.5625,0.2079,2.66,13.0189,74.7932,Low
Ullal_Beach,2029-12-07,1.64,8.9271,261.375,15.6,6.8792,0.2079,1.85,12.8153,74.8451,High
Panambur_Beach,2029-12-08,1.4283,8.1938,270.25,2.0,12.4917,0.2021,2.66,12.9482,74.8074,Moderate
Sasihithlu_Beach,2029-12-08,1.3967,8.2667,269.375,2.0,11.9583,0.2021,2.66,13.0189,74.7932,Low
Ullal_Beach,2029-12-08,1.435,8.0167,271.5,2.0,12.5708,0.2021,1.85,12.8153,74.8451,High
Panambur_Beach,2029-12-09,1.13,7.1896,265.4583,16.6,8.675,0.2775,2.66,12.9482,74.8074,Moderate
Sasihithlu_Beach,2029-12-09,1.1042,7.2,265.1667,17.9,8.3083,0.2775,2.66,13.0189,74.7932,Low
Ullal_Beach,2029-12-09,1.13,7.1042,266.0417,11.4,8.6292,0.2775,1.85,12.8153,74.8451,High
Panambur_Beach,2029-12-10,0.6425,9.6417,205.875,27.0,6.2708,0.4925,2.66,12.9482,74.8074,Moderate
Sasihithlu_Beach,2029-12-10,0.6183,9.6667,207.2083,37.6,5.9292,0.4925,2.66,13.0189,74.7932,Low
Ullal_Beach,2029-12-10,0.6492,9.4458,204.1667,29.4,5.85,0.4925,1.85,12.8153,74.8451,High
Panambur_Beach,2029-12-11,0.5575,9.7958,200.0417,0.0,6.9792,0.3942,2.66,12.9482,74.8074,Moderate
Sasihithlu_Beach,2029-12-11,0.52,9.9042,200.9583,0.0,6.6292,0.3942,2.66,13.0189,74.7932,Low
Ullal_Beach,2029-12-11,0.565,9.4208,198.25,0.0,9.5417,0.3942,1.85,12.8153,74.8451,High
Panambur_Beach,2029-12-12,0.4717,8.3771,212.375,2.0,6.7083,0.3933,2.66,12.9482,74.8074,Moderate
Sasihithlu_Beach,2029-12-12,0.4508,8.3104,213.0417,0.8,6.6083,0.3933,2.66,13.0189,74.7932,Low
Ullal_Beach,2029-12-12,0.4833,8.225,212.3333,0.2,7.0958,0.3933,1.85,12.8153,74.8451,High
Panambur_Beach,2029-12-13,0.4733,8.9354,212.25,0.1,6.1042,0.3929,2.66,12.9482,74.8074,Moderate
Sasihithlu_Beach,2029-12-13,0.4542,8.9271,212.4167,0.1,6.1125,0.3929,2.66,13.0189,74.7932,Low
Ullal_Beach,2029-12-13,0.4783,8.7146,211.3333,0.2,6.4208,0.3929,1.85,12.8153,74.8451,High
Panambur_Beach,2029-12-14,0.5708,9.7771,212.5417,0.0,8.1917,0.3954,2.66,12.9482,74.8074,Moderate
Sasihithlu_Beach,2029-12-14,0.5308,10.0396,216.7083,0.0,7.2458,0.3954,2.66,13.0189,74.7932,Low
Ullal_Beach,2029-12-14,0.5933,9.025,208.0417,0.0,10.4292,0.3954,1.85,12.8153,74.8451,High
Panambur_Beach,2029-12-15,0.5867,10.7396,206.0,0.0,7.8958,0.3746,2.66,12.9482,74.8074,Moderate
Sasihithlu_Beach,2029-12-15,0.5492,10.7375,206.375,0.0,7.3125,0.3746,2.66,13.0189,74.7932,Low
Ullal_Beach,2029-12-15,0.5983,10.4271,206.375,0.0,8.6625,0.3746,1.85,12.8153,74.8451,High
Panambur_Beach,2029-12-16,0.4925,10.4438,201.7083,0.1,7.1208,0.3738,2.66,12.9482,74.8074,Moderate
Sasihithlu_Beach,2029-12-16,0.4633,10.4583,202.5417,0.0,6.4708,0.3738,2.66,13.0189,74.7932,Low
Ullal_Beach,2029-12-16,0.4983,10.2396,201.0,0.1,7.8583,0.3738,1.85,12.8153,74.8451,High
Panambur_Beach,2029-12-17,0.4708,9.3125,201.0417,0.5,6.6333,0.4158,2.66,12.9482,74.8074,Moderate
Sasihithlu_Beach,2029-12-17,0.43,9.5875,204.3333,0.5,6.0333,0.4158,2.66,13.0189,74.7932,Low
Ullal_Beach,2029-12-17,0.485,8.8563,196.5833,0.3,10.1875,0.4158,1.85,12.8153,74.8451,High
Panambur_Beach,2029-12-18,0.4875,7.7833,214.3333,0.0,7.9833,0.4258,2.66,12.9482,74.8074,Moderate
Sasihithlu_Beach,2029-12-18,0.4483,8.1125,223.1667,0.0,6.6458,0.4258,2.66,13.0189,74.7932,Low
Ullal_Beach,2029-12-18,0.495,7.5021,208.0417,0.0,8.2375,0.4258,1.85,12.8153,74.8451,High
Panambur_Beach,2029-12-19,0.5067,7.6771,214.4167,0.0,9.125,0.3938,2.66,12.9482,74.8074,Moderate
Sasihithlu_Beach,2029-12-19,0.4633,8.0667,227.2083,0.0,7.9708,0.3938,2.66,13.0189,74.7932,Low
Ullal_Beach,2029-12-19,0.525,7.3167,209.625,0.0,11.5292,0.3938,1.85,12.8153,74.8451,High
Panambur_Beach,2029-12-20,0.4992,7.9938,230.3333,0.0,9.125,0.415,2.66,12.9482,74.8074,Moderate
Sasihithlu_Beach,2029-12-20,0.46,8.4271,242.375,0.0,7.8875,0.415,2.66,13.0189,74.7932,Low
Ullal_Beach,2029-12-20,0.5233,7.55,222.7083,0.0,11.4917,0.415,1.85,12.8153,74.8451,High
Panambur_Beach,2029-12-21,0.4267,9.0333,235.6667,0.0,7.2375,0.4283,2.66,12.9482,74.8074,Moderate
Sasihithlu_Beach,2029-12-21,0.4058,9.1333,235.8333,0.0,6.4292,0.4283,2.66,13.0189,74.7932,Low
Ullal_Beach,2029-12-21,0.4375,8.6417,236.75,0.0,9.4958,0.4283,1.85,12.8153,74.8451,High
Panambur_Beach,2029-12-22,0.4142,9.7833,220.4583,0.0,6.9792,0.415,2.66,12.9482,74.8074,Moderate
Sasihithlu_Beach,2029-12-22,0.3892,9.8958,220.4167,0.0,6.8292,0.415,2.66,13.0189,74.7932,Low
Ullal_Beach,2029-12-22,0.4167,9.3896,221.125,0.0,7.6333,0.415,1.85,12.8153,74.8451,High
Panambur_Beach,2029-12-23,0.4117,9.3875,213.2917,0.0,7.4833,0.4104,2.66,12.9482,74.8074,Moderate
Sasihithlu_Beach,2029-12-23,0.3892,9.5062,214.6667,0.0,7.3583,0.4104,2.66,13.0189,74.7932,Low
Ullal_Beach,2029-12-23,0.4208,9.0021,211.9583,0.0,8.8083,0.4104,1.85,12.8153,74.8451,High
Panambur_Beach,2029-12-24,0.4217,9.2562,209.875,0.0,8.7667,0.3813,2.66,12.9482,74.8074,Moderate
Sasihithlu_Beach,2029-12-24,0.4017,9.3375,210.875,0.1,8.1708,0.3813,2.66,13.0189,74.7932,Low
Ullal_Beach,2029-12-24,0.4325,8.9333,208.5417,0.0,9.8917,0.3813,1.85,12.8153,74.8451,High
Panambur_Beach,2029-12-25,0.4008,9.9938,204.3333,0.0,7.4917,0.3671,2.66,12.9482,74.8074,Moderate
Sasihithlu_Beach,2029-12-25,0.3833,9.9167,207.125,0.0,6.8708,0.3671,2.66,13.0189,74.7932,Low
Ullal_Beach,2029-12-25,0.4092,9.5312,201.875,0.0,9.7458,0.3671,1.85,12.8153,74.8451,High
Panambur_Beach,2029-12-26,0.3825,9.725,213.5833,0.0,8.4625,0.3675,2.66,12.9482,74.8074,Moderate
Sasihithlu_Beach,2029-12-26,0.36,9.8438,214.3333,0.0,7.625,0.3675,2.66,13.0189,74.7932,Low
Ullal_Beach,2029-12-26,0.3892,8.9625,210.0417,0.0,9.8958,0.3675,1.85,12.8153,74.8451,High
Panambur_Beach,2029-12-27,0.5008,10.2604,217.5,0.0,10.0917,0.3854,2.66,12.9482,74.8074,Moderate
Sasihithlu_Beach,2029-12-27,0.4708,10.6708,220.2917,0.0,9.1667,0.3854,2.66,13.0189,74.7932,Low
Ullal_Beach,2029-12-27,0.5367,8.9562,207.9583,0.0,11.8875,0.3854,1.85,12.8153,74.8451,High
Panambur_Beach,2029-12-28,0.4933,9.9354,218.5417,0.0,10.5542,0.4104,2.66,12.9482,74.8074,Moderate
Sasihithlu_Beach,2029-12-28,0.4683,10.325,221.9167,0.0,9.4542,0.4104,2.66,13.0189,74.7932,Low
Ullal_Beach,2029-12-28,0.5025,9.1917,215.0833,0.0,12.6042,0.4104,1.85,12.8153,74.8451,High
Panambur_Beach,2029-12-29,0.4417,9.2521,235.8333,0.0,7.975,0.4133,2.66,12.9482,74.8074,Moderate
Sasihithlu_Beach,2029-12-29,0.4258,9.2958,236.5,0.0,7.7708,0.4133,2.66,13.0189,74.7932,Low
Ullal_Beach,2029-12-29,0.4533,8.8062,235.75,0.0,10.2042,0.4133,1.85,12.8153,74.8451,High
Panambur_Beach,2029-12-30,0.4225,9.0479,220.375,0.0,9.1458,0.4262,2.66,12.9482,74.8074,Moderate
Sasihithlu_Beach,2029-12-30,0.4008,9.1583,221.0417,0.0,8.5458,0.4262,2.66,13.0189,74.7932,Low
Ullal_Beach,2029-12-30,0.4425,8.3042,219.9583,0.0,10.6458,0.4262,1.85,12.8153,74.8451,High
Panambur_Beach,2029-12-31,0.4633,8.8604,204.0,0.0,9.1542,0.4688,2.66,12.9482,74.8074,Moderate
Sasihithlu_Beach,2029-12-31,0.4425,8.9521,205.0417,0.0,8.5208,0.4688,2.66,13.0189,74.7932,Low
Ullal_Beach,2029-12-31,0.4617,8.6958,203.3333,0.0,10.2083,0.4688,1.85,12.8153,74.8451,High
Panambur_Beach,2030-01-01,0.4417,9.75,205.4583,0.0,6.7125,0.4454,2.66,12.9482,74.8074,Moderate
Sasihithlu_Beach,2030-01-01,0.4192,9.8875,205.7917,0.0,6.7708,0.4454,2.66,13.0189,74.7932,Low
Ullal_Beach,2030-01-01,0.4342,9.3875,204.7083,0.0,6.975,0.4454,1.85,12.8153,74.8451,High
Panambur_Beach,2030-01-02,0.6417,8.4625,243.0,0.0,12.1083,0.3875,2.66,12.9482,74.8074,Moderate
Sasihithlu_Beach,2030-01-02,0.6092,8.5812,241.7083,0.0,11.8125,0.3875,2.66,13.0189,74.7932,Low
Ullal_Beach,2030-01-02,0.6567,8.0646,245.5,0.0,11.6958,0.3875,1.85,12.8153,74.8451,High
Panambur_Beach,2030-01-03,0.5692,6.9333,260.75,0.0,8.5125,0.4929,2.66,12.9482,74.8074,Low
Sasihithlu_Beach,2030-01-03,0.5392,6.8542,261.5417,0.0,8.4,0.4929,2.66,13.0189,74.7932,Low
Ullal_Beach,2030-01-03,0.5742,6.8938,261.6667,0.0,8.7042,0.4929,1.85,12.8153,74.8451,High
Panambur_Beach,2030-01-04,0.8483,10.9292,213.0417,0.0,8.1917,0.5588,2.66,12.9482,74.8074,Moderate
Sasihithlu_Beach,2030-01-04,0.8117,10.9521,214.125,0.3,8.1833,0.5588,2.66,13.0189,74.7932,Moderate
Ullal_Beach,2030-01-04,0.845,10.6646,211.75,0.0,8.3292,0.5588,1.85,12.8153,74.8451,High
Panambur_Beach,2030-01-05,0.7242,9.6562,215.25,0.6,10.5708,0.51,2.66,12.9482,74.8074,Moderate
Sasihithlu_Beach,2030-01-05,0.6983,9.7354,215.6667,0.9,10.0625,0.51,2.66,13.0189,74.7932,Low
Ullal_Beach,2030-01-05,0.7317,9.2833,215.25,0.7,10.2667,0.51,1.85,12.8153,74.8451,High
Panambur_Beach,2030-01-06,1.7017,8.7,264.625,2.5,11.8542,0.2008,2.66,12.9482,74.8074,Moderate
Sasihithlu_Beach,2030-01-06,1.6692,8.7417,264.375,2.0,11.5583,0.2008,2.66,13.0189,74.7932,Low
Ullal_Beach,2030-01-06,1.7033,8.5042,265.5417,2.6,11.575,0.2008,1.85,12.8153,74.8451,High
Panambur_Beach,2030-01-07,2.5625,10.0562,265.7083,38.9,8.7792,0.4025,2.66,12.9482,74.8074,Moderate
Sasihithlu_Beach,2030-01-07,2.525,10.0833,265.2917,48.8,9.2917,0.4025,2.66,13.0189,74.7932,Low
Ullal_Beach,2030-01-07,2.5108,9.9854,266.2083,31.9,7.9917,0.4025,1.85,12.8153,74.8451,High
Panambur_Beach,2030-01-08,2.1108,9.1833,267.125,55.5,8.675,0.2908,2.66,12.9482,74.8074,Moderate
Sasihithlu_Beach,2030-01-08,2.07,9.1896,266.5833,58.1,8.2792,0.2908,2.66,13.0189,74.7932,Low
Ullal_Beach,2030-01-08,2.1058,9.15,267.8333,42.0,8.6417,0.2908,1.85,12.8153,74.8451,High
Panambur_Beach,2030-01-09,2.0325,8.4229,270.6667,21.2,14.0667,0.3125,2.66,12.9482,74.8074,Moderate
Sasihithlu_Beach,2030-01-09,1.9792,8.4271,270.0417,20.3,13.5958,0.3125,2.66,13.0189,74.7932,Low
Ullal_Beach,2030-01-09,2.0533,8.3729,271.875,20.7,13.7792,0.3125,1.85,12.8153,74.8451,High
Panambur_Beach,2030-01-10,0.9633,8.9771,248.625,5.5,6.6042,0.3904,2.66,12.9482,74.8074,Moderate
Sasihithlu_Beach,2030-01-10,0.9383,8.9771,248.75,6.6,6.4833,0.3904,2.66,13.0189,74.7932,Low
Ullal_Beach,2030-01-10,0.9575,8.8062,248.625,0.8,6.8458,0.3904,1.85,12.8153,74.8451,High
Panambur_Beach,2030-01-11,0.5375,9.5333,206.3333,16.7,5.2917,0.4229,2.66,12.9482,74.8074,Moderate
Sasihithlu_Beach,2030-01-11,0.515,9.5438,206.9583,6.9,5.1458,0.4229,2.66,13.0189,74.7932,Low
Ullal_Beach,2030-01-11,0.5483,9.425,205.0833,12.4,5.825,0.4229,1.85,12.8153,74.8451,High
Panambur_Beach,2030-01-12,0.8425,5.4458,302.4167,0.3,13.775,0.4083,2.66,12.9482,74.8074,Low
Sasihithlu_Beach,2030-01-12,0.7842,5.4688,300.3333,0.3,13.2042,0.4083,2.66,13.0189,74.7932,Low
Ullal_Beach,2030-01-12,0.8992,5.3417,304.875,0.3,13.125,0.4083,1.85,12.8153,74.8451,Moderate
Panambur_Beach,2030-01-13,0.5217,8.6583,236.375,0.0,7.5333,0.4475,2.66,12.9482,74.8074,Moderate
Sasihithlu_Beach,2030-01-13,0.4967,8.6792,236.625,0.0,7.1625,0.4475,2.66,13.0189,74.7932,Low
Ullal_Beach,2030-01-13,0.5292,8.5042,237.0,0.0,8.6667,0.4475,1.85,12.8153,74.8451,High
Panambur_Beach,2030-01-14,0.4608,8.2938,215.0833,0.0,8.4208,0.5,2.66,12.9482,74.8074,Moderate
Sasihithlu_Beach,2030-01-14,0.4367,8.3229,215.4167,0.0,8.1292,0.5,2.66,13.0189,74.7932,Low
Ullal_Beach,2030-01-14,0.4817,7.9917,215.5,0.0,8.8,0.5,1.85,12.8153,74.8451,High
Panambur_Beach,2030-01-15,0.5217,7.0292,246.0833,0.0,8.3875,0.5079,2.66,12.9482,74.8074,Moderate
Sasihithlu_Beach,2030-01-15,0.5042,6.9667,249.125,0.0,8.1583,0.5079,2.66,13.0189,74.7932,Low
Ullal_Beach,2030-01-15,0.5217,7.0146,243.9167,0.0,8.9208,0.5079,1.85,12.8153,74.8451,High
Panambur_Beach,2030-01-16,0.8892,6.2729,302.875,0.0,8.7333,0.4892,2.66,12.9482,74.8074,Low
Sasihithlu_Beach,2030-01-16,0.8567,6.2521,302.7917,0.0,8.7083,0.4892,2.66,13.0189,74.7932,Low
Ullal_Beach,2030-01-16,0.9083,6.2625,303.9167,0.0,8.95,0.4892,1.85,12.8153,74.8451,Moderate
Panambur_Beach,2030-01-17,0.64,5.9667,286.375,0.0,7.9958,0.5058,2.66,12.9482,74.8074,Low
Sasihithlu_Beach,2030-01-17,0.6117,5.9167,285.25,0.0,8.0625,0.5058,2.66,13.0189,74.7932,Low
Ullal_Beach,2030-01-17,0.6725,5.9354,288.75,0.0,7.8042,0.5058,1.85,12.8153,74.8451,Moderate
Panambur_Beach,2030-01-18,0.475,6.4042,263.6667,1.1,8.3458,0.4717,2.66,12.9482,74.8074,Low
Sasihithlu_Beach,2030-01-18,0.465,6.3021,266.25,1.8,8.2667,0.4717,2.66,13.0189,74.7932,Low
Ullal_Beach,2030-01-18,0.4675,6.4438,262.25,1.4,7.8792,0.4717,1.85,12.8153,74.8451,High
Panambur_Beach,2030-01-19,0.5875,6.5229,287.5833,0.0,8.6,0.4771,2.66,12.9482,74.8074,Low
Sasihithlu_Beach,2030-01-19,0.5642,6.5104,287.2917,0.0,8.6,0.4771,2.66,13.0189,74.7932,Low
Ullal_Beach,2030-01-19,0.5975,6.35,289.5,0.0,8.5708,0.4771,1.85,12.8153,74.8451,Moderate
Panambur_Beach,2030-01-20,0.6017,6.5188,291.0833,0.0,9.1542,0.4617,2.66,12.9482,74.8074,Low
Sasihithlu_Beach,2030-01-20,0.585,6.5583,290.3333,0.0,9.2208,0.4617,2.66,13.0189,74.7932,Low
Ullal_Beach,2030-01-20,0.6142,6.2354,293.2083,0.0,8.8458,0.4617,1.85,12.8153,74.8451,Moderate
Panambur_Beach,2030-01-21,0.7117,6.4625,294.7083,0.0,8.9917,0.4408,2.66,12.9482,74.8074,Low
Sasihithlu_Beach,2030-01-21,0.6767,6.4792,293.3333,0.0,9.0042,0.4408,2.66,13.0189,74.7932,Low
Ullal_Beach,2030-01-21,0.7342,6.2563,297.6667,0.0,8.675,0.4408,1.85,12.8153,74.8451,Moderate
Panambur_Beach,2030-01-22,0.6967,6.8438,282.9167,0.0,9.7417,0.4242,2.66,12.9482,74.8074,Low
Sasihithlu_Beach,2030-01-22,0.6675,6.8833,281.3333,0.0,9.7583,0.4242,2.66,13.0189,74.7932,Low
Ullal_Beach,2030-01-22,0.7192,6.5938,286.5,0.0,8.9375,0.4242,1.85,12.8153,74.8451,Moderate
Panambur_Beach,2030-01-23,0.745,5.8938,299.25,0.0,11.9583,0.4292,2.66,12.9482,74.8074,Low
Sasihithlu_Beach,2030-01-23,0.7075,5.9312,297.125,0.0,11.7667,0.4292,2.66,13.0189,74.7932,Low
Ullal_Beach,2030-01-23,0.7817,5.7604,302.0417,0.0,11.1333,0.4292,1.85,12.8153,74.8451,Moderate
Panambur_Beach,2030-01-24,0.7375,6.5875,296.2917,0.0,10.1375,0.4479,2.66,12.9482,74.8074,Low
Sasihithlu_Beach,2030-01-24,0.7,6.5812,295.5833,0.0,10.2208,0.4479,2.66,13.0189,74.7932,Low
Ullal_Beach,2030-01-24,0.7808,6.4583,298.3333,0.0,9.25,0.4479,1.85,12.8153,74.8451,Moderate
Panambur_Beach,2030-01-25,0.5758,7.2458,281.5,0.0,9.9167,0.4179,2.66,12.9482,74.8074,Low
Sasihithlu_Beach,2030-01-25,0.5475,7.2562,280.2917,0.0,9.8125,0.4179,2.66,13.0189,74.7932,Low
Ullal_Beach,2030-01-25,0.6108,7.0458,284.5417,0.0,9.775,0.4179,1.85,12.8153,74.8451,Moderate
Panambur_Beach,2030-01-26,0.5,7.3771,262.125,0.0,9.2042,0.4029,2.66,12.9482,74.8074,Low
Sasihithlu_Beach,2030-01-26,0.4708,7.4312,259.5833,0.0,9.15,0.4029,2.66,13.0189,74.7932,Low
Ullal_Beach,2030-01-26,0.5367,7.0417,266.5,0.0,8.925,0.4029,1.85,12.8153,74.8451,High
Panambur_Beach,2030-01-27,0.5067,7.5417,245.75,0.0,9.9208,0.4062,2.66,12.9482,74.8074,Moderate
Sasihithlu_Beach,2030-01-27,0.4867,7.4208,244.7083,0.0,9.5708,0.4062,2.66,13.0189,74.7932,Low
Ullal_Beach,2030-01-27,0.5108,7.5438,246.75,0.0,9.9417,0.4062,1.85,12.8153,74.8451,High
Panambur_Beach,2030-01-28,0.4117,8.0083,214.0,0.0,10.0667,0.4133,2.66,12.9482,74.8074,Moderate
Sasihithlu_Beach,2030-01-28,0.3933,7.8646,212.7917,0.0,10.0583,0.4133,2.66,13.0189,74.7932,Low
Ullal_Beach,2030-01-28,0.4167,7.9917,215.0,0.0,9.9792,0.4133,1.85,12.8153,74.8451,High
Panambur_Beach,2030-01-29,0.3925,9.0542,213.4583,0.0,8.9375,0.425,2.66,12.9482,74.8074,Moderate
Sasihithlu_Beach,2030-01-29,0.375,9.0688,213.9167,0.0,8.9042,0.425,2.66,13.0189,74.7932,Low
Ullal_Beach,2030-01-29,0.4,8.8792,212.4167,0.0,9.3917,0.425,1.85,12.8153,74.8451,High
Panambur_Beach,2030-01-30,0.4558,9.4917,231.9583,0.0,8.8292,0.4321,2.66,12.9482,74.8074,Moderate
Sasihithlu_Beach,2030-01-30,0.4367,9.5187,233.8333,0.0,8.8208,0.4321,2.66,13.0189,74.7932,Low
Ullal_Beach,2030-01-30,0.4558,9.1729,231.2917,0.0,9.2292,0.4321,1.85,12.8153,74.8451,High
Panambur_Beach,2030-01-31,0.6358,9.2438,253.4583,0.0,8.2917,0.4167,2.66,12.9482,74.8074,Low
Sasihithlu_Beach,2030-01-31,0.5983,9.3563,251.9583,0.0,8.2167,0.4167,2.66,13.0189,74.7932,Low
Ullal_Beach,2030-01-31,0.65,8.7729,256.8333,0.0,8.3667,0.4167,1.85,12.8153,74.8451,High
Panambur_Beach,2030-02-01,0.4158,9.5646,201.4583,0.0,6.2375,0.4333,2.66,12.9482,74.8074,Moderate
Sasihithlu_Beach,2030-02-01,0.4042,9.6771,202.4583,0.1,6.1042,0.4333,2.66,13.0189,74.7932,Low
Ullal_Beach,2030-02-01,0.4183,9.2583,200.7083,0.0,6.6958,0.4333,1.85,12.8153,74.8451,High
Panambur_Beach,2030-02-02,0.59,7.4917,250.625,0.0,11.9708,0.4146,2.66,12.9482,74.8074,Moderate
Sasihithlu_Beach,2030-02-02,0.56,7.6229,247.6667,0.0,11.825,0.4146,2.66,13.0189,74.7932,Low
Ullal_Beach,2030-02-02,0.6192,7.0854,255.8333,0.0,11.1708,0.4146,1.85,12.8153,74.8451,High
Panambur_Beach,2030-02-03,0.4642,7.6,229.7917,0.0,9.45,0.4421,2.66,12.9482,74.8074,Moderate
Sasihithlu_Beach,2030-02-03,0.4458,7.5646,230.25,0.0,9.4375,0.4421,2.66,13.0189,74.7932,Low
Ullal_Beach,2030-02-03,0.4808,7.5125,229.875,0.0,9.7042,0.4421,1.85,12.8153,74.8451,High
Panambur_Beach,2030-02-04,0.8567,9.5625,215.375,0.1,9.0042,0.5204,2.66,12.9482,74.8074,Moderate
Sasihithlu_Beach,2030-02-04,0.8058,9.5479,216.6667,0.5,8.8375,0.5204,2.66,13.0189,74.7932,Low
Ullal_Beach,2030-02-04,0.8692,9.4167,214.9167,0.0,9.3208,0.5204,1.85,12.8153,74.8451,High
Panambur_Beach,2030-02-05,0.7575,7.9542,243.5417,0.2,9.6833,0.5183,2.66,12.9482,74.8074,Moderate
Sasihithlu_Beach,2030-02-05,0.7175,7.9604,243.3333,0.3,9.2125,0.5183,2.66,13.0189,74.7932,Low
Ullal_Beach,2030-02-05,0.7767,7.8062,244.9583,0.0,9.8083,0.5183,1.85,12.8153,74.8451,High
Panambur_Beach,2030-02-06,1.4217,8.7167,257.75,16.9,6.9583,0.2458,2.66,12.9482,74.8074,Moderate
Sasihithlu_Beach,2030-02-06,1.3942,8.7625,257.25,12.8,6.7833,0.2458,2.66,13.0189,74.7932,Low
Ullal_Beach,2030-02-06,1.4267,8.5208,258.625,26.3,6.6083,0.2458,1.85,12.8153,74.8451,High
Panambur_Beach,2030-02-07,2.5758,9.9333,269.125,9.1,9.3583,0.4008,2.66,12.9482,74.8074,Moderate
Sasihithlu_Beach,2030-02-07,2.5408,9.9333,268.5417,10.5,9.7125,0.4008,2.66,13.0189,74.7932,Low
Ullal_Beach,2030-02-07,2.53,9.8833,269.75,7.4,8.9583,0.4008,1.85,12.8153,74.8451,High
Panambur_Beach,2030-02-08,2.0075,9.1375,267.7917,13.8,6.2583,0.2688,2.66,12.9482,74.8074,Moderate
Sasihithlu_Beach,2030-02-08,1.9667,9.1417,267.7083,14.9,5.8875,0.2688,2.66,13.0189,74.7932,Low
Ullal_Beach,2030-02-08,1.9758,9.075,268.5833,13.7,6.8917,0.2688,1.85,12.8153,74.8451,High
Panambur_Beach,2030-02-09,1.9608,8.4208,269.1667,15.1,8.7875,0.2817,2.66,12.9482,74.8074,Moderate
Sasihithlu_Beach,2030-02-09,1.905,8.4062,268.875,17.6,8.1167,0.2817,2.66,13.0189,74.7932,Low
Ullal_Beach,2030-02-09,1.9808,8.375,270.0833,16.8,9.0458,0.2817,1.85,12.8153,74.8451,High
Panambur_Beach,2030-02-10,0.8192,9.5833,233.1667,2.1,7.0042,0.4554,2.66,12.9482,74.8074,Moderate
Sasihithlu_Beach,2030-02-10,0.7967,9.5812,233.625,1.7,7.0625,0.4554,2.66,13.0189,74.7932,Low
Ullal_Beach,2030-02-10,0.8242,9.3563,233.1667,5.2,6.6333,0.4554,1.85,12.8153,74.8451,High
Panambur_Beach,2030-02-11,0.465,9.4646,203.125,4.7,6.5917,0.425,2.66,12.9482,74.8074,Moderate
Sasihithlu_Beach,2030-02-11,0.4425,9.4604,203.75,4.1,6.4917,0.425,2.66,13.0189,74.7932,Low
Ullal_Beach,2030-02-11,0.475,9.3354,202.0417,5.6,6.5292,0.425,1.85,12.8153,74.8451,High
Panambur_Beach,2030-02-12,0.9792,5.8396,296.1667,44.6,11.2542,0.3433,2.66,12.9482,74.8074,Low
Sasihithlu_Beach,2030-02-12,0.9333,5.9146,294.2083,35.2,11.5333,0.3433,2.66,13.0189,74.7932,Low
Ullal_Beach,2030-02-12,1.0325,5.65,298.6667,39.3,9.7375,0.3433,1.85,12.8153,74.8451,Moderate
Panambur_Beach,2030-02-13,0.7092,6.2104,302.5833,0.0,9.4875,0.5692,2.66,12.9482,74.8074,Low
Sasihithlu_Beach,2030-02-13,0.6742,6.1854,301.7917,0.0,8.9417,0.5692,2.66,13.0189,74.7932,Low
Ullal_Beach,2030-02-13,0.7292,6.1875,304.3333,0.0,9.4875,0.5692,1.85,12.8153,74.8451,Moderate
Panambur_Beach,2030-02-14,0.6175,5.9979,300.7917,0.0,7.625,0.5729,2.66,12.9482,74.8074,Low
Sasihithlu_Beach,2030-02-14,0.5942,5.9583,300.4167,0.0,7.2333,0.5729,2.66,13.0189,74.7932,Low
Ullal_Beach,2030-02-14,0.6283,5.9625,302.125,0.0,8.3458,0.5729,1.85,12.8153,74.8451,Moderate
Panambur_Beach,2030-02-15,0.6408,6.2437,296.9583,0.0,8.3792,0.5571,2.66,12.9482,74.8074,Low
Sasihithlu_Beach,2030-02-15,0.6142,6.2375,296.8333,0.0,8.1125,0.5571,2.66,13.0189,74.7932,Low
Ullal_Beach,2030-02-15,0.6592,6.1667,298.375,0.0,8.8792,0.5571,1.85,12.8153,74.8451,Moderate
Panambur_Beach,2030-02-16,0.6525,6.6917,290.2917,0.0,8.6458,0.5117,2.66,12.9482,74.8074,Low
Sasihithlu_Beach,2030-02-16,0.6217,6.6625,289.8333,0.0,8.2042,0.5117,2.66,13.0189,74.7932,Low
Ullal_Beach,2030-02-16,0.6817,6.6521,291.9167,0.0,9.925,0.5117,1.85,12.8153,74.8451,Moderate
Panambur_Beach,2030-02-17,0.515,6.6417,268.375,0.0,8.6167,0.5083,2.66,12.9482,74.8074,Low
Sasihithlu_Beach,2030-02-17,0.4917,6.5938,269.5417,0.0,7.7583,0.5083,2.66,13.0189,74.7932,Low
Ullal_Beach,2030-02-17,0.535,6.5458,268.75,0.0,9.3042,0.5083,1.85,12.8153,74.8451,High
Panambur_Beach,2030-02-18,0.4725,7.1354,248.6667,0.0,8.2458,0.5308,2.66,12.9482,74.8074,Moderate
Sasihithlu_Beach,2030-02-18,0.4417,7.075,249.1667,0.1,8.0542,0.5308,2.66,13.0189,74.7932,Low
Ullal_Beach,2030-02-18,0.4858,6.9938,249.4167,0.0,8.3333,0.5308,1.85,12.8153,74.8451,High
Panambur_Beach,2030-02-19,0.4775,7.25,246.7083,0.0,9.1958,0.5092,2.66,12.9482,74.8074,Moderate
Sasihithlu_Beach,2030-02-19,0.445,7.2083,246.75,0.0,9.2125,0.5092,2.66,13.0189,74.7932,Low
Ullal_Beach,2030-02-19,0.4958,7.1646,247.25,0.0,9.4208,0.5092,1.85,12.8153,74.8451,High
Panambur_Beach,2030-02-20,0.4975,5.8312,271.8333,0.0,11.2417,0.4371,2.66,12.9482,74.8074,Low
Sasihithlu_Beach,2030-02-20,0.4675,5.7896,272.375,0.0,11.3,0.4371,2.66,13.0189,74.7932,Low
Ullal_Beach,2030-02-20,0.5108,5.7521,272.3333,0.0,10.9458,0.4371,1.85,12.8153,74.8451,High
Panambur_Beach,2030-02-21,0.6617,5.3583,297.8333,0.0,11.6375,0.4,2.66,12.9482,74.8074,Low
Sasihithlu_Beach,2030-02-21,0.6433,5.3271,297.7083,0.0,11.6583,0.4,2.66,13.0189,74.7932,Low
Ullal_Beach,2030-02-21,0.675,5.3146,298.9167,0.0,10.9917,0.4,1.85,12.8153,74.8451,Moderate
Panambur_Beach,2030-02-22,0.8383,5.4708,307.5833,0.0,12.4083,0.4233,2.66,12.9482,74.8074,Low
Sasihithlu_Beach,2030-02-22,0.8042,5.4458,306.8333,0.0,12.0083,0.4233,2.66,13.0189,74.7932,Low
Ullal_Beach,2030-02-22,0.8725,5.4354,309.2917,0.0,12.3958,0.4233,1.85,12.8153,74.8451,Moderate
Panambur_Beach,2030-02-23,0.7458,6.1938,298.375,0.0,12.4208,0.4317,2.66,12.9482,74.8074,Low
Sasihithlu_Beach,2030-02-23,0.7158,6.1396,297.875,0.0,12.1458,0.4317,2.66,13.0189,74.7932,Low
Ullal_Beach,2030-02-23,0.7733,6.1458,299.375,0.0,11.9,0.4317,1.85,12.8153,74.8451,Moderate
Panambur_Beach,2030-02-24,0.7433,6.4167,293.8333,0.0,11.4542,0.425,2.66,12.9482,74.8074,Low
Sasihithlu_Beach,2030-02-24,0.7042,6.3729,293.125,0.0,11.4375,0.425,2.66,13.0189,74.7932,Low
Ullal_Beach,2030-02-24,0.7808,6.3271,295.4167,0.0,10.8875,0.425,1.85,12.8153,74.8451,Moderate
Panambur_Beach,2030-02-25,0.6617,7.3917,263.5833,0.0,10.2667,0.4354,2.66,12.9482,74.8074,Low
Sasihithlu_Beach,2030-02-25,0.6208,7.3292,264.0833,0.0,10.275,0.4354,2.66,13.0189,74.7932,Low
Ullal_Beach,2030-02-25,0.6867,7.2688,264.5417,0.0,10.2083,0.4354,1.85,12.8153,74.8451,High
Panambur_Beach,2030-02-26,0.6933,7.5958,272.7917,0.0,7.9,0.4617,2.66,12.9482,74.8074,Low
Sasihithlu_Beach,2030-02-26,0.6542,7.5708,272.5,0.0,8.3667,0.4617,2.66,13.0189,74.7932,Low
Ullal_Beach,2030-02-26,0.7158,7.5188,274.7083,0.0,8.3083,0.4617,1.85,12.8153,74.8451,High
Panambur_Beach,2030-02-27,0.59,6.6625,268.1667,0.0,10.0708,0.4862,2.66,12.9482,74.8074,Low
Sasihithlu_Beach,2030-02-27,0.5583,6.6667,266.375,0.0,10.1,0.4862,2.66,13.0189,74.7932,Low
Ullal_Beach,2030-02-27,0.6142,6.5354,271.0833,0.0,10.0875,0.4862,1.85,12.8153,74.8451,High
Panambur_Beach,2030-02-28,0.6625,5.7667,289.7917,0.0,7.975,0.4875,2.66,12.9482,74.8074,Low
Sasihithlu_Beach,2030-02-28,0.6325,5.75,289.3333,0.0,7.8042,0.4875,2.66,13.0189,74.7932,Low
Ullal_Beach,2030-02-28,0.6775,5.7375,291.125,0.0,8.3667,0.4875,1.85,12.8153,74.8451,Moderate
Panambur_Beach,2030-03-01,0.58,6.3521,275.2917,0.0,9.5792,0.4858,2.66,12.9482,74.8074,Low
Sasihithlu_Beach,2030-03-01,0.5508,6.325,275.2083,0.0,9.7417,0.4858,2.66,13.0189,74.7932,Low
Ullal_Beach,2030-03-01,0.5925,6.2208,276.5417,0.0,9.3583,0.4858,1.85,12.8153,74.8451,High
Panambur_Beach,2030-03-02,0.4508,8.7667,218.5,7.2,5.875,0.4517,2.66,12.9482,74.8074,Moderate
Sasihithlu_Beach,2030-03-02,0.4317,8.7917,220.125,12.0,5.7792,0.4517,2.66,13.0189,74.7932,Low
Ullal_Beach,2030-03-02,0.4567,8.6021,217.2917,10.4,5.3875,0.4517,1.85,12.8153,74.8451,High
Panambur_Beach,2030-03-03,0.4542,7.5125,239.0833,0.0,8.6583,0.4483,2.66,12.9482,74.8074,Moderate
Sasihithlu_Beach,2030-03-03,0.435,7.55,238.75,0.0,9.025,0.4483,2.66,13.0189,74.7932,Low
Ullal_Beach,2030-03-03,0.47,7.2771,240.2083,0.0,8.9458,0.4483,1.85,12.8153,74.8451,High
Panambur_Beach,2030-03-04,0.7142,5.7146,286.0833,0.0,13.8083,0.4058,2.66,12.9482,74.8074,Low
Sasihithlu_Beach,2030-03-04,0.685,5.6917,285.7917,0.1,13.7167,0.4058,2.66,13.0189,74.7932,Low
Ullal_Beach,2030-03-04,0.7358,5.7,286.375,1.0,12.6917,0.4058,1.85,12.8153,74.8451,Moderate
Panambur_Beach,2030-03-05,0.7567,8.5792,223.0833,0.0,9.7375,0.5142,2.66,12.9482,74.8074,Moderate
Sasihithlu_Beach,2030-03-05,0.7183,8.5208,224.4167,0.0,9.9667,0.5142,2.66,13.0189,74.7932,Low
Ullal_Beach,2030-03-05,0.7733,8.4562,222.9583,0.0,9.2542,0.5142,1.85,12.8153,74.8451,High
Panambur_Beach,2030-03-06,0.585,7.2208,249.0833,0.0,9.9958,0.5083,2.66,12.9482,74.8074,Moderate
Sasihithlu_Beach,2030-03-06,0.5592,7.2479,249.6667,0.1,9.6833,0.5083,2.66,13.0189,74.7932,Low
Ullal_Beach,2030-03-06,0.5958,6.9917,250.1667,0.0,10.2917,0.5083,1.85,12.8153,74.8451,High
Panambur_Beach,2030-03-07,1.3992,9.6083,252.5833,16.3,5.9542,0.3112,2.66,12.9482,74.8074,Moderate
Sasihithlu_Beach,2030-03-07,1.3783,9.6271,252.5417,19.1,6.2042,0.3112,2.66,13.0189,74.7932,Low
Ullal_Beach,2030-03-07,1.3725,9.4021,252.9583,15.7,5.5,0.3112,1.85,12.8153,74.8451,High
Panambur_Beach,2030-03-08,2.465,9.8479,273.25,17.1,7.5042,0.3796,2.66,12.9482,74.8074,Moderate
Sasihithlu_Beach,2030-03-08,2.415,9.8458,272.375,17.5,7.8083,0.3796,2.66,13.0189,74.7932,Low
Ullal_Beach,2030-03-08,2.4175,9.8062,274.125,12.4,6.1292,0.3796,1.85,12.8153,74.8451,High
Panambur_Beach,2030-03-09,2.1475,9.6521,269.0833,24.8,8.3292,0.2746,2.66,12.9482,74.8074,Moderate
Sasihithlu_Beach,2030-03-09,2.0892,9.6292,268.9167,31.5,6.7042,0.2746,2.66,13.0189,74.7932,Low
Ullal_Beach,2030-03-09,2.1183,9.5958,269.5833,29.2,8.0292,0.2746,1.85,12.8153,74.8451,High
Panambur_Beach,2030-03-10,1.7925,8.4979,263.375,12.3,8.0958,0.2854,2.66,12.9482,74.8074,Moderate
Sasihithlu_Beach,2030-03-10,1.7442,8.4792,263.0417,12.0,7.4958,0.2854,2.66,13.0189,74.7932,Low
Ullal_Beach,2030-03-10,1.8,8.4729,263.75,11.1,7.0333,0.2854,1.85,12.8153,74.8451,High
Panambur_Beach,2030-03-11,0.8425,9.9979,215.375,1.1,6.3583,0.4992,2.66,12.9482,74.8074,Moderate
Sasihithlu_Beach,2030-03-11,0.8033,10.0375,216.2083,1.7,6.4792,0.4992,2.66,13.0189,74.7932,Low
Ullal_Beach,2030-03-11,0.8542,9.7354,214.0417,3.2,6.1625,0.4992,1.85,12.8153,74.8451,High
Panambur_Beach,2030-03-12,0.42,9.3354,202.8333,21.0,6.1875,0.4379,2.66,12.9482,74.8074,Moderate
Sasihithlu_Beach,2030-03-12,0.405,9.3583,204.2917,16.3,6.4625,0.4379,2.66,13.0189,74.7932,Low
Ullal_Beach,2030-03-12,0.4275,9.1271,200.7917,10.1,6.8625,0.4379,1.85,12.8153,74.8451,High
Panambur_Beach,2030-03-13,1.11,5.8521,245.25,26.9,15.6917,0.3288,2.66,12.9482,74.8074,Moderate
Sasihithlu_Beach,2030-03-13,1.045,5.8458,242.7917,30.0,15.7833,0.3288,2.66,13.0189,74.7932,Low
Ullal_Beach,2030-03-13,1.1808,5.7458,248.875,31.0,15.1,0.3288,1.85,12.8153,74.8451,High
Panambur_Beach,2030-03-14,0.6433,7.4625,268.9167,0.0,8.8875,0.4833,2.66,12.9482,74.8074,Low
Sasihithlu_Beach,2030-03-14,0.6167,7.4021,269.7917,0.0,9.0833,0.4833,2.66,13.0189,74.7932,Low
Ullal_Beach,2030-03-14,0.6708,7.375,269.8333,0.0,8.9958,0.4833,1.85,12.8153,74.8451,High
Panambur_Beach,2030-03-15,0.7192,6.4812,287.2083,0.0,11.125,0.4625,2.66,12.9482,74.8074,Low
Sasihithlu_Beach,2030-03-15,0.6933,6.4062,287.75,0.0,11.0833,0.4625,2.66,13.0189,74.7932,Low
Ullal_Beach,2030-03-15,0.7383,6.4646,287.625,0.0,11.2667,0.4625,1.85,12.8153,74.8451,High
Panambur_Beach,2030-03-16,0.8075,5.7375,297.9583,0.0,11.5667,0.4362,2.66,12.9482,74.8074,Low
Sasihithlu_Beach,2030-03-16,0.7758,5.7021,297.7083,0.0,11.5208,0.4362,2.66,13.0189,74.7932,Low
Ullal_Beach,2030-03-16,0.8367,5.7062,298.875,0.0,11.4833,0.4362,1.85,12.8153,74.8451,Moderate
Panambur_Beach,2030-03-17,0.8608,5.9521,302.2917,0.0,11.3792,0.4012,2.66,12.9482,74.8074,Low
Sasihithlu_Beach,2030-03-17,0.8258,5.8833,301.6667,0.0,11.5667,0.4012,2.66,13.0189,74.7932,Low
Ullal_Beach,2030-03-17,0.8883,5.9771,303.4167,0.0,10.8167,0.4012,1.85,12.8153,74.8451,Moderate
Panambur_Beach,2030-03-18,0.7492,5.9771,296.0417,0.0,9.5,0.3883,2.66,12.9482,74.8074,Low
Sasihithlu_Beach,2030-03-18,0.7108,5.9229,295.3333,0.0,9.6792,0.3883,2.66,13.0189,74.7932,Low
Ullal_Beach,2030-03-18,0.7583,5.925,297.25,0.0,9.6958,0.3883,1.85,12.8153,74.8451,Moderate
Panambur_Beach,2030-03-19,0.7175,6.3979,288.0,0.0,10.9792,0.4217,2.66,12.9482,74.8074,Low
Sasihithlu_Beach,2030-03-19,0.69,6.3958,287.375,0.0,10.8792,0.4217,2.66,13.0189,74.7932,Low
Ullal_Beach,2030-03-19,0.7367,6.1688,290.2083,0.0,10.7875,0.4217,1.85,12.8153,74.8451,Moderate
Panambur_Beach,2030-03-20,0.885,6.8146,287.7917,0.0,11.7417,0.4908,2.66,12.9482,74.8074,Low
Sasihithlu_Beach,2030-03-20,0.8558,6.8042,287.0,0.0,11.9167,0.4908,2.66,13.0189,74.7932,Low
Ullal_Beach,2030-03-20,0.8992,6.575,289.9583,0.0,10.6875,0.4908,1.85,12.8153,74.8451,Moderate
Panambur_Beach,2030-03-21,0.86,6.7729,289.25,0.0,7.1417,0.5067,2.66,12.9482,74.8074,Low
Sasihithlu_Beach,2030-03-21,0.82,6.7104,289.125,0.0,6.9167,0.5067,2.66,13.0189,74.7932,Low
Ullal_Beach,2030-03-21,0.8758,6.6938,290.75,0.0,7.1167,0.5067,1.85,12.8153,74.8451,Moderate
Panambur_Beach,2030-03-22,0.8058,6.6188,263.7083,1.5,10.7792,0.5471,2.66,12.9482,74.8074,Low
Sasihithlu_Beach,2030-03-22,0.7783,6.5917,262.625,0.7,10.9625,0.5471,2.66,13.0189,74.7932,Low
Ullal_Beach,2030-03-22,0.8175,6.5667,265.5833,1.0,10.4375,0.5471,1.85,12.8153,74.8451,High
Panambur_Beach,2030-03-23,0.5283,7.5562,240.125,1.3,7.9042,0.5417,2.66,12.9482,74.8074,Moderate
Sasihithlu_Beach,2030-03-23,0.5058,7.6,238.625,1.3,7.7417,0.5417,2.66,13.0189,74.7932,Low
Ullal_Beach,2030-03-23,0.5458,7.25,242.375,0.8,8.1958,0.5417,1.85,12.8153,74.8451,High
Panambur_Beach,2030-03-24,0.5508,7.6667,247.5,0.0,9.8833,0.5658,2.66,12.9482,74.8074,Moderate
Sasihithlu_Beach,2030-03-24,0.5308,7.7188,246.875,0.1,9.8792,0.5658,2.66,13.0189,74.7932,Low
Ullal_Beach,2030-03-24,0.5775,7.2854,249.75,0.1,9.4125,0.5658,1.85,12.8153,74.8451,High
Panambur_Beach,2030-03-25,0.6092,7.2708,256.8333,0.0,8.7958,0.5771,2.66,12.9482,74.8074,Moderate
Sasihithlu_Beach,2030-03-25,0.5892,7.2312,258.5,0.0,8.8542,0.5771,2.66,13.0189,74.7932,Low
Ullal_Beach,2030-03-25,0.6167,7.1188,257.0,0.0,8.6458,0.5771,1.85,12.8153,74.8451,High
Panambur_Beach,2030-03-26,0.715,7.5,262.1667,0.0,9.0458,0.5858,2.66,12.9482,74.8074,Low
Sasihithlu_Beach,2030-03-26,0.68,7.4979,262.5833,0.0,8.65,0.5858,2.66,13.0189,74.7932,Low
Ullal_Beach,2030-03-26,0.7325,7.3062,263.2917,0.1,9.1042,0.5858,1.85,12.8153,74.8451,High
Panambur_Beach,2030-03-27,0.7308,6.7875,280.125,0.0,8.7792,0.5529,2.66,12.9482,74.8074,Low
Sasihithlu_Beach,2030-03-27,0.695,6.7438,280.75,0.0,8.7792,0.5529,2.66,13.0189,74.7932,Low
Ullal_Beach,2030-03-27,0.745,6.7479,280.8333,0.0,8.45,0.5529,1.85,12.8153,74.8451,High
Panambur_Beach,2030-03-28,0.6275,7.1938,263.2917,0.0,8.8042,0.545,2.66,12.9482,74.8074,Low
Sasihithlu_Beach,2030-03-28,0.5983,7.1375,264.6667,0.0,8.8792,0.545,2.66,13.0189,74.7932,Low
Ullal_Beach,2030-03-28,0.6517,7.1062,263.2083,0.0,8.8792,0.545,1.85,12.8153,74.8451,High
Panambur_Beach,2030-03-29,0.5908,7.7458,241.9583,0.0,8.3625,0.5704,2.66,12.9482,74.8074,Moderate
Sasihithlu_Beach,2030-03-29,0.56,7.6667,245.0417,0.0,8.55,0.5704,2.66,13.0189,74.7932,Low
Ullal_Beach,2030-03-29,0.5975,7.6062,241.25,0.0,8.6042,0.5704,1.85,12.8153,74.8451,High
Panambur_Beach,2030-03-30,0.6525,9.2229,227.0833,0.0,8.6417,0.5679,2.66,12.9482,74.8074,Moderate
Sasihithlu_Beach,2030-03-30,0.6258,9.2208,228.5833,0.6,8.5958,0.5679,2.66,13.0189,74.7932,Low
Ullal_Beach,2030-03-30,0.6608,8.9479,227.1667,0.0,9.1167,0.5679,1.85,12.8153,74.8451,High
Panambur_Beach,2030-03-31,0.7217,9.1604,229.7917,0.0,10.8708,0.5387,2.66,12.9482,74.8074,Moderate
Sasihithlu_Beach,2030-03-31,0.6942,9.1938,230.5,0.0,10.8208,0.5387,2.66,13.0189,74.7932,Low
Ullal_Beach,2030-03-31,0.7267,8.8542,230.125,0.0,10.85,0.5387,1.85,12.8153,74.8451,High
Panambur_Beach,2030-04-01,0.7258,9.0896,237.1667,0.0,8.3458,0.5371,2.66,12.9482,74.8074,Moderate
Sasihithlu_Beach,2030-04-01,0.6983,9.1521,237.2083,0.0,8.4333,0.5371,2.66,13.0189,74.7932,Low
Ullal_Beach,2030-04-01,0.7217,8.6875,238.125,0.0,8.7083,0.5371,1.85,12.8153,74.8451,High
Panambur_Beach,2030-04-02,0.5875,8.4417,224.5,47.6,6.1167,0.4558,2.66,12.9482,74.8074,Moderate
Sasihithlu_Beach,2030-04-02,0.56,8.4542,223.6667,33.9,5.2625,0.4558,2.66,13.0189,74.7932,Low
Ullal_Beach,2030-04-02,0.5867,8.3042,228.0,56.5,6.3,0.4558,1.85,12.8153,74.8451,High
Panambur_Beach,2030-04-03,0.4708,6.8792,256.9583,0.0,9.0583,0.4075,2.66,12.9482,74.8074,Low
Sasihithlu_Beach,2030-04-03,0.445,6.9104,256.7083,0.0,9.1292,0.4075,2.66,13.0189,74.7932,Low
Ullal_Beach,2030-04-03,0.5,6.5354,260.2917,0.0,8.8333,0.4075,1.85,12.8153,74.8451,High
Panambur_Beach,2030-04-04,0.9825,5.5396,311.875,0.0,15.0542,0.4271,2.66,12.9482,74.8074,Low
Sasihithlu_Beach,2030-04-04,0.9425,5.5229,310.875,0.0,14.7625,0.4271,2.66,13.0189,74.7932,Low
Ullal_Beach,2030-04-04,1.0133,5.4562,313.7917,0.0,14.475,0.4271,1.85,12.8153,74.8451,Moderate
Panambur_Beach,2030-04-05,0.6717,8.2104,228.6667,0.0,10.3292,0.4904,2.66,12.9482,74.8074,Moderate
Sasihithlu_Beach,2030-04-05,0.64,8.1312,230.6667,0.0,10.2792,0.4904,2.66,13.0189,74.7932,Low
Ullal_Beach,2030-04-05,0.6867,8.0604,227.9583,0.0,10.025,0.4904,1.85,12.8153,74.8451,High
Panambur_Beach,2030-04-06,0.6667,8.4062,257.3333,0.0,11.3167,0.4721,2.66,12.9482,74.8074,Moderate
Sasihithlu_Beach,2030-04-06,0.64,8.4917,256.7917,0.0,11.2083,0.4721,2.66,13.0189,74.7932,Low
Ullal_Beach,2030-04-06,0.6725,7.9375,259.4583,0.0,10.9292,0.4721,1.85,12.8153,74.8451,High
Panambur_Beach,2030-04-07,1.3125,9.3917,248.7917,27.4,6.2833,0.3692,2.66,12.9482,74.8074,Moderate
Sasihithlu_Beach,2030-04-07,1.2883,9.4125,248.7917,34.4,6.4625,0.3692,2.66,13.0189,74.7932,Low
Ullal_Beach,2030-04-07,1.295,9.2708,248.7917,24.7,6.4417,0.3692,1.85,12.8153,74.8451,High
Panambur_Beach,2030-04-08,2.3308,9.7375,270.5833,23.2,5.5208,0.3754,2.66,12.9482,74.8074,Moderate
Sasihithlu_Beach,2030-04-08,2.2908,9.7479,269.7917,29.2,6.2125,0.3754,2.66,13.0189,74.7932,Low
Ullal_Beach,2030-04-08,2.3158,9.675,271.3333,13.9,5.3417,0.3754,1.85,12.8153,74.8451,High
Panambur_Beach,2030-04-09,2.2608,9.9292,272.125,15.5,7.1708,0.3038,2.66,12.9482,74.8074,Moderate
Sasihithlu_Beach,2030-04-09,2.21,9.9167,271.9167,20.6,7.1375,0.3038,2.66,13.0189,74.7932,Low
Ullal_Beach,2030-04-09,2.2467,9.8938,272.625,15.3,6.6958,0.3038,1.85,12.8153,74.8451,High
Panambur_Beach,2030-04-10,1.6333,8.3229,260.5833,4.8,8.0708,0.3267,2.66,12.9482,74.8074,Moderate
Sasihithlu_Beach,2030-04-10,1.5975,8.3083,260.1667,7.0,7.8083,0.3267,2.66,13.0189,74.7932,Low
Ullal_Beach,2030-04-10,1.6367,8.2625,260.7917,3.4,7.7,0.3267,1.85,12.8153,74.8451,High
Panambur_Beach,2030-04-11,0.695,9.6208,202.1667,4.7,7.1833,0.4654,2.66,12.9482,74.8074,Moderate
Sasihithlu_Beach,2030-04-11,0.6558,9.6312,203.2083,5.3,7.1958,0.4654,2.66,13.0189,74.7932,Low
Ullal_Beach,2030-04-11,0.7108,9.4333,201.1667,14.2,6.7167,0.4654,1.85,12.8153,74.8451,High
Panambur_Beach,2030-04-12,0.4325,9.2604,203.0,17.0,6.8167,0.45,2.66,12.9482,74.8074,Moderate
Sasihithlu_Beach,2030-04-12,0.4192,9.35,204.5417,14.1,7.0167,0.45,2.66,13.0189,74.7932,Low
Ullal_Beach,2030-04-12,0.4442,8.9625,201.625,11.8,6.2333,0.45,1.85,12.8153,74.8451,High
Panambur_Beach,2030-04-13,0.7517,6.8375,219.2917,4.4,8.0417,0.3425,2.66,12.9482,74.8074,Moderate
Sasihithlu_Beach,2030-04-13,0.705,6.85,219.4583,6.4,8.225,0.3425,2.66,13.0189,74.7932,Low
Ullal_Beach,2030-04-13,0.775,6.7354,219.1667,2.5,8.4667,0.3425,1.85,12.8153,74.8451,High
Panambur_Beach,2030-04-14,0.4758,8.35,216.9167,1.5,8.2042,0.4667,2.66,12.9482,74.8074,Moderate
Sasihithlu_Beach,2030-04-14,0.4483,8.3542,219.0,0.7,8.2792,0.4667,2.66,13.0189,74.7932,Low
Ullal_Beach,2030-04-14,0.4858,8.1354,215.5833,2.6,8.1833,0.4667,1.85,12.8153,74.8451,High
Panambur_Beach,2030-04-15,0.4825,7.8208,238.25,0.1,8.375,0.4462,2.66,12.9482,74.8074,Moderate
Sasihithlu_Beach,2030-04-15,0.4633,7.8292,240.7083,0.8,8.4333,0.4462,2.66,13.0189,74.7932,Low
Ullal_Beach,2030-04-15,0.4975,7.5417,237.0417,0.0,8.7792,0.4462,1.85,12.8153,74.8451,High
Panambur_Beach,2030-04-16,0.5617,7.3479,256.1667,0.0,8.8417,0.44,2.66,12.9482,74.8074,Moderate
Sasihithlu_Beach,2030-04-16,0.5342,7.325,258.8333,0.0,8.5708,0.44,2.66,13.0189,74.7932,Low
Ullal_Beach,2030-04-16,0.565,7.225,255.625,0.0,8.9625,0.44,1.85,12.8153,74.8451,High
Panambur_Beach,2030-04-17,0.5933,8.0,244.0,0.1,8.2708,0.4554,2.66,12.9482,74.8074,Moderate
Sasihithlu_Beach,2030-04-17,0.5625,8.025,244.5417,0.1,8.0833,0.4554,2.66,13.0189,74.7932,Low
Ullal_Beach,2030-04-17,0.6033,7.7292,244.3333,0.2,8.7583,0.4554,1.85,12.8153,74.8451,High
Panambur_Beach,2030-04-18,0.635,9.3042,231.875,0.0,9.2208,0.4808,2.66,12.9482,74.8074,Moderate
Sasihithlu_Beach,2030-04-18,0.6075,9.3312,232.1667,0.0,8.9,0.4808,2.66,13.0189,74.7932,Low
Ullal_Beach,2030-04-18,0.645,8.8729,232.7083,0.0,9.5042,0.4808,1.85,12.8153,74.8451,High
Panambur_Beach,2030-04-19,0.6733,10.7542,223.2083,0.0,9.5708,0.5196,2.66,12.9482,74.8074,Moderate
Sasihithlu_Beach,2030-04-19,0.6467,10.8979,223.125,0.0,9.3208,0.5196,2.66,13.0189,74.7932,Low
Ullal_Beach,2030-04-19,0.6717,10.1646,224.1667,0.0,10.0833,0.5196,1.85,12.8153,74.8451,High
Panambur_Beach,2030-04-20,0.7483,10.9833,217.5,0.9,9.2208,0.5088,2.66,12.9482,74.8074,Moderate
Sasihithlu_Beach,2030-04-20,0.72,11.0542,217.6667,1.2,8.8667,0.5088,2.66,13.0189,74.7932,Low
Ullal_Beach,2030-04-20,0.7325,10.5875,217.7083,0.2,9.5625,0.5088,1.85,12.8153,74.8451,High
Panambur_Beach,2030-04-21,0.6725,10.1521,216.9583,16.6,7.5625,0.5017,2.66,12.9482,74.8074,Moderate
Sasihithlu_Beach,2030-04-21,0.6508,10.2333,217.2083,21.0,7.325,0.5017,2.66,13.0189,74.7932,Low
Ullal_Beach,2030-04-21,0.6717,9.9229,216.625,19.8,7.3667,0.5017,1.85,12.8153,74.8451,High
Panambur_Beach,2030-04-22,0.73,9.3875,226.3333,0.0,9.8042,0.4996,2.66,12.9482,74.8074,Moderate
Sasihithlu_Beach,2030-04-22,0.7025,9.4417,226.7917,0.0,9.6333,0.4996,2.66,13.0189,74.7932,Low
Ullal_Beach,2030-04-22,0.7367,9.1396,226.625,0.0,9.3375,0.4996,1.85,12.8153,74.8451,High
Panambur_Beach,2030-04-23,0.7417,8.0792,250.6667,0.2,10.4833,0.5067,2.66,12.9482,74.8074,Moderate
Sasihithlu_Beach,2030-04-23,0.7117,8.0979,250.625,0.4,10.0917,0.5067,2.66,13.0189,74.7932,Low
Ullal_Beach,2030-04-23,0.7508,7.7417,252.125,0.1,10.4,0.5067,1.85,12.8153,74.8451,High
Panambur_Beach,2030-04-24,0.8275,8.8583,242.6667,0.0,9.5792,0.4971,2.66,12.9482,74.8074,Moderate
Sasihithlu_Beach,2030-04-24,0.7975,8.9042,243.125,0.0,9.3,0.4971,2.66,13.0189,74.7932,Low
Ullal_Beach,2030-04-24,0.8275,8.5458,243.375,0.0,9.5708,0.4971,1.85,12.8153,74.8451,High
Panambur_Beach,2030-04-25,0.8742,8.2479,247.8333,0.1,7.5667,0.4746,2.66,12.9482,74.8074,Moderate
Sasihithlu_Beach,2030-04-25,0.8367,8.2229,248.2917,0.1,7.4292,0.4746,2.66,13.0189,74.7932,Low
Ullal_Beach,2030-04-25,0.8858,8.0792,248.6667,0.0,7.7708,0.4746,1.85,12.8153,74.8451,High
Panambur_Beach,2030-04-26,0.7658,8.3083,231.4167,0.0,9.2917,0.4854,2.66,12.9482,74.8074,Moderate
Sasihithlu_Beach,2030-04-26,0.7233,8.2271,232.7917,0.0,9.1417,0.4854,2.66,13.0189,74.7932,Low
Ullal_Beach,2030-04-26,0.7783,8.2604,230.875,0.0,9.4667,0.4854,1.85,12.8153,74.8451,High
Panambur_Beach,2030-04-27,0.7608,8.2042,219.625,0.0,10.25,0.4879,2.66,12.9482,74.8074,Moderate
Sasihithlu_Beach,2030-04-27,0.7183,8.1104,221.9167,0.0,10.0542,0.4879,2.66,13.0189,74.7932,Low
Ullal_Beach,2030-04-27,0.7783,8.1792,218.1667,0.0,10.1875,0.4879,1.85,12.8153,74.8451,High
Panambur_Beach,2030-04-28,0.7317,7.5521,239.0833,0.0,9.2625,0.48,2.66,12.9482,74.8074,Moderate
Sasihithlu_Beach,2030-04-28,0.6892,7.4771,241.7917,0.0,8.9667,0.48,2.66,13.0189,74.7932,Low
Ullal_Beach,2030-04-28,0.745,7.4396,238.5417,0.0,9.4125,0.48,1.85,12.8153,74.8451,High
Panambur_Beach,2030-04-29,0.735,8.2313,239.5,0.0,8.8083,0.4758,2.66,12.9482,74.8074,Moderate
Sasihithlu_Beach,2030-04-29,0.7017,8.2354,240.0,0.0,8.6917,0.4758,2.66,13.0189,74.7932,Low
Ullal_Beach,2030-04-29,0.7542,7.9354,240.4583,0.0,9.0917,0.4758,1.85,12.8153,74.8451,High
Panambur_Beach,2030-04-30,0.7217,10.6708,217.25,0.0,8.5333,0.4829,2.66,12.9482,74.8074,Moderate
Sasihithlu_Beach,2030-04-30,0.6967,10.825,217.8333,0.0,8.7042,0.4829,2.66,13.0189,74.7932,Low
Ullal_Beach,2030-04-30,0.7158,10.0562,217.125,0.0,8.6708,0.4829,1.85,12.8153,74.8451,High
Panambur_Beach,2030-05-01,0.7992,10.95,216.375,0.2,8.7458,0.4875,2.66,12.9482,74.8074,Moderate
Sasihithlu_Beach,2030-05-01,0.7575,11.0792,216.0417,0.1,8.5708,0.4875,2.66,13.0189,74.7932,Low
Ullal_Beach,2030-05-01,0.7908,10.3729,216.75,0.2,8.8417,0.4875,1.85,12.8153,74.8451,High
Panambur_Beach,2030-05-02,0.6567,8.4062,212.7917,0.9,7.3167,0.4467,2.66,12.9482,74.8074,Moderate
Sasihithlu_Beach,2030-05-02,0.6192,8.6292,215.0,1.6,7.2667,0.4467,2.66,13.0189,74.7932,Low
Ullal_Beach,2030-05-02,0.6817,7.7958,210.4167,0.4,7.375,0.4467,1.85,12.8153,74.8451,High
Panambur_Beach,2030-05-03,0.46,6.8208,259.5,0.0,7.8958,0.4175,2.66,12.9482,74.8074,Low
Sasihithlu_Beach,2030-05-03,0.4325,6.8729,257.0833,0.0,7.8833,0.4175,2.66,13.0189,74.7932,Low
Ullal_Beach,2030-05-03,0.4758,6.5875,262.8333,0.0,8.3708,0.4175,1.85,12.8153,74.8451,High
Panambur_Beach,2030-05-04,1.0167,6.3125,306.75,0.0,12.2042,0.3925,2.66,12.9482,74.8074,Low
Sasihithlu_Beach,2030-05-04,0.9792,6.3083,305.75,0.0,12.0542,0.3925,2.66,13.0189,74.7932,Low
Ullal_Beach,2030-05-04,1.0417,6.2688,308.2083,0.0,11.9958,0.3925,1.85,12.8153,74.8451,Moderate
Panambur_Beach,2030-05-05,0.6808,6.8875,270.5417,0.0,10.1792,0.4954,2.66,12.9482,74.8074,Low
Sasihithlu_Beach,2030-05-05,0.6583,6.8729,271.3333,0.0,10.2208,0.4954,2.66,13.0189,74.7932,Low
Ullal_Beach,2030-05-05,0.6933,6.7333,271.0417,0.0,10.1417,0.4954,1.85,12.8153,74.8451,High
Panambur_Beach,2030-05-06,0.7058,11.4208,226.75,0.1,10.075,0.4871,2.66,12.9482,74.8074,Moderate
Sasihithlu_Beach,2030-05-06,0.6742,11.6042,225.625,0.1,10.0458,0.4871,2.66,13.0189,74.7932,Low
Ullal_Beach,2030-05-06,0.6933,10.5312,229.2917,0.0,10.3792,0.4871,1.85,12.8153,74.8451,High
Panambur_Beach,2030-05-07,1.2683,9.2042,249.75,19.4,7.45,0.4067,2.66,12.9482,74.8074,Moderate
Sasihithlu_Beach,2030-05-07,1.2375,9.2042,249.875,19.2,7.8583,0.4067,2.66,13.0189,74.7932,Low
Ullal_Beach,2030-05-07,1.26,9.1042,249.625,14.7,6.5458,0.4067,1.85,12.8153,74.8451,High
Panambur_Beach,2030-05-08,2.245,9.7604,266.125,30.3,8.9708,0.4371,2.66,12.9482,74.8074,Moderate
Sasihithlu_Beach,2030-05-08,2.2175,9.7687,265.7917,24.5,9.3708,0.4371,2.66,13.0189,74.7932,Low
Ullal_Beach,2030-05-08,2.1958,9.6958,266.875,17.7,8.8167,0.4371,1.85,12.8153,74.8451,High
Panambur_Beach,2030-05-09,2.2292,10.1021,272.0417,13.2,7.1458,0.3371,2.66,12.9482,74.8074,Moderate
Sasihithlu_Beach,2030-05-09,2.1892,10.0958,271.5,12.8,6.8708,0.3371,2.66,13.0189,74.7932,Low
Ullal_Beach,2030-05-09,2.2125,10.0458,273.0,17.9,6.2667,0.3371,1.85,12.8153,74.8451,High
Panambur_Beach,2030-05-10,1.7025,8.3188,264.9583,5.4,8.9042,0.2925,2.66,12.9482,74.8074,Moderate
Sasihithlu_Beach,2030-05-10,1.6633,8.3292,264.4583,5.3,8.6458,0.2925,2.66,13.0189,74.7932,Low
Ullal_Beach,2030-05-10,1.6858,8.2375,265.5833,4.7,9.025,0.2925,1.85,12.8153,74.8451,High
Panambur_Beach,2030-05-11,0.61,9.7146,201.4583,6.6,5.3167,0.4246,2.66,12.9482,74.8074,Moderate
Sasihithlu_Beach,2030-05-11,0.5783,9.75,202.7083,11.1,5.2167,0.4246,2.66,13.0189,74.7932,Low
Ullal_Beach,2030-05-11,0.6225,9.5708,200.0,7.0,5.5083,0.4246,1.85,12.8153,74.8451,High
Panambur_Beach,2030-05-12,0.4008,9.4375,205.1667,1.3,6.7708,0.4671,2.66,12.9482,74.8074,Moderate
Sasihithlu_Beach,2030-05-12,0.3842,9.5083,205.8333,1.5,6.3417,0.4671,2.66,13.0189,74.7932,Low
Ullal_Beach,2030-05-12,0.4067,9.2375,204.375,0.6,7.3958,0.4671,1.85,12.8153,74.8451,High
Panambur_Beach,2030-05-13,0.575,7.6688,232.5833,8.3,5.4917,0.3825,2.66,12.9482,74.8074,Moderate
Sasihithlu_Beach,2030-05-13,0.5408,7.5958,233.0,26.7,5.5208,0.3825,2.66,13.0189,74.7932,Low
Ullal_Beach,2030-05-13,0.5875,7.6479,232.5417,8.1,6.5125,0.3825,1.85,12.8153,74.8451,High
Panambur_Beach,2030-05-14,0.675,7.5583,240.2917,24.7,6.5042,0.4646,2.66,12.9482,74.8074,Moderate
Sasihithlu_Beach,2030-05-14,0.6475,7.5292,241.7917,22.8,6.1583,0.4646,2.66,13.0189,74.7932,Low
Ullal_Beach,2030-05-14,0.6875,7.4833,240.0,15.3,6.5333,0.4646,1.85,12.8153,74.8451,High
Panambur_Beach,2030-05-15,0.6133,8.7167,224.0833,31.3,7.8125,0.4725,2.66,12.9482,74.8074,Moderate
Sasihithlu_Beach,2030-05-15,0.5875,8.7604,225.4583,14.9,7.1875,0.4725,2.66,13.0189,74.7932,Low
Ullal_Beach,2030-05-15,0.6158,8.4688,223.3333,30.8,8.1667,0.4725,1.85,12.8153,74.8451,High
Panambur_Beach,2030-05-16,0.5567,8.2938,227.75,11.7,7.4125,0.4875,2.66,12.9482,74.8074,Moderate
Sasihithlu_Beach,2030-05-16,0.5392,8.325,228.8333,25.2,7.475,0.4875,2.66,13.0189,74.7932,Low
Ullal_Beach,2030-05-16,0.5733,8.0479,227.0,10.1,7.6208,0.4875,1.85,12.8153,74.8451,High
Panambur_Beach,2030-05-17,0.5875,8.3188,220.625,25.8,6.6583,0.4938,2.66,12.9482,74.8074,Moderate
Sasihithlu_Beach,2030-05-17,0.565,8.3625,221.6667,19.6,6.5042,0.4938,2.66,13.0189,74.7932,Low
Ullal_Beach,2030-05-17,0.605,8.0854,220.125,14.6,6.6917,0.4938,1.85,12.8153,74.8451,High
Panambur_Beach,2030-05-18,0.55,9.1229,215.7083,14.0,7.8208,0.52,2.66,12.9482,74.8074,Moderate
Sasihithlu_Beach,2030-05-18,0.5383,9.1521,216.4583,11.0,7.9625,0.52,2.66,13.0189,74.7932,Low
Ullal_Beach,2030-05-18,0.555,8.9083,214.8333,13.0,7.3458,0.52,1.85,12.8153,74.8451,High
Panambur_Beach,2030-05-19,0.5958,9.6708,214.4583,19.2,5.9958,0.5475,2.66,12.9482,74.8074,Moderate
Sasihithlu_Beach,2030-05-19,0.565,9.7229,215.2083,17.0,5.4667,0.5475,2.66,13.0189,74.7932,Low
Ullal_Beach,2030-05-19,0.6008,9.35,213.7083,22.9,6.4583,0.5475,1.85,12.8153,74.8451,High
Panambur_Beach,2030-05-20,0.7617,9.7792,212.2917,29.2,5.5417,0.5588,2.66,12.9482,74.8074,Moderate
Sasihithlu_Beach,2030-05-20,0.725,9.8521,212.8333,27.7,5.5417,0.5588,2.66,13.0189,74.7932,Moderate
Ullal_Beach,2030-05-20,0.77,9.3646,212.0,26.4,5.65,0.5588,1.85,12.8153,74.8451,High
Panambur_Beach,2030-05-21,0.9208,7.9062,238.0,59.3,5.0542,0.5092,2.66,12.9482,74.8074,Moderate
Sasihithlu_Beach,2030-05-21,0.8925,7.9938,237.9167,65.2,5.475,0.5092,2.66,13.0189,74.7932,Low
Ullal_Beach,2030-05-21,0.9358,7.6125,238.7083,43.9,4.5792,0.5092,1.85,12.8153,74.8451,High
Panambur_Beach,2030-05-22,1.155,7.6417,250.6667,53.6,6.975,0.4821,2.66,12.9482,74.8074,Moderate
Sasihithlu_Beach,2030-05-22,1.1142,7.6417,250.75,37.0,7.5583,0.4821,2.66,13.0189,74.7932,Low
Ullal_Beach,2030-05-22,1.17,7.525,251.2917,50.3,5.6833,0.4821,1.85,12.8153,74.8451,High
Panambur_Beach,2030-05-23,1.3392,7.3854,262.0,43.5,9.0667,0.4842,2.66,12.9482,74.8074,Moderate
Sasihithlu_Beach,2030-05-23,1.2908,7.4333,260.7917,54.0,9.3875,0.4842,2.66,13.0189,74.7932,Low
Ullal_Beach,2030-05-23,1.3775,7.2312,263.875,46.3,9.1583,0.4842,1.85,12.8153,74.8451,High
Panambur_Beach,2030-05-24,1.4417,7.7042,261.2083,19.4,5.5792,0.4683,2.66,12.9482,74.8074,Moderate
Sasihithlu_Beach,2030-05-24,1.39,7.7167,260.8333,18.1,5.9458,0.4683,2.66,13.0189,74.7932,Low
Ullal_Beach,2030-05-24,1.4792,7.6125,262.3333,2.8,5.2667,0.4683,1.85,12.8153,74.8451,High
Panambur_Beach,2030-05-25,1.5708,7.6375,256.0417,61.7,9.9583,0.4442,2.66,12.9482,74.8074,Moderate
Sasihithlu_Beach,2030-05-25,1.51,7.6479,255.625,69.5,9.7667,0.4442,2.66,13.0189,74.7932,Low
Ullal_Beach,2030-05-25,1.6225,7.5417,256.9167,30.0,9.9333,0.4442,1.85,12.8153,74.8451,High
Panambur_Beach,2030-05-26,1.4825,7.6625,258.625,21.5,9.5667,0.3792,2.66,12.9482,74.8074,Moderate
Sasihithlu_Beach,2030-05-26,1.44,7.6646,258.375,16.1,9.1,0.3792,2.66,13.0189,74.7932,Low
Ullal_Beach,2030-05-26,1.5217,7.6312,259.5,9.0,9.7792,0.3792,1.85,12.8153,74.8451,High
Panambur_Beach,2030-05-27,1.3108,7.8292,254.0833,2.3,9.0958,0.3304,2.66,12.9482,74.8074,Moderate
Sasihithlu_Beach,2030-05-27,1.2633,7.8458,253.7083,1.2,8.7042,0.3304,2.66,13.0189,74.7932,Low
Ullal_Beach,2030-05-27,1.35,7.7354,254.9583,0.8,9.4042,0.3304,1.85,12.8153,74.8451,High
Panambur_Beach,2030-05-28,1.3567,8.0333,251.875,0.7,11.5125,0.3158,2.66,12.9482,74.8074,Moderate
Sasihithlu_Beach,2030-05-28,1.3117,8.0333,252.125,1.2,10.9083,0.3158,2.66,13.0189,74.7932,Low
Ullal_Beach,2030-05-28,1.37,7.8729,252.625,0.6,10.95,0.3158,1.85,12.8153,74.8451,High
Panambur_Beach,2030-05-29,1.445,8.6833,241.4583,13.6,8.9458,0.3208,2.66,12.9482,74.8074,Moderate
Sasihithlu_Beach,2030-05-29,1.3808,8.6396,241.375,12.5,8.9,0.3208,2.66,13.0189,74.7932,Low
Ullal_Beach,2030-05-29,1.4725,8.5333,241.875,13.6,8.675,0.3208,1.85,12.8153,74.8451,High
Panambur_Beach,2030-05-30,1.76,9.4083,243.5417,3.6,7.2917,0.3262,2.66,12.9482,74.8074,Moderate
Sasihithlu_Beach,2030-05-30,1.6958,9.4271,243.1667,3.6,7.1875,0.3262,2.66,13.0189,74.7932,Low
Ullal_Beach,2030-05-30,1.7675,9.3021,244.1667,3.0,7.05,0.3262,1.85,12.8153,74.8451,High
Panambur_Beach,2030-05-31,2.2617,9.8688,250.125,19.0,9.0375,0.2733,2.66,12.9482,74.8074,Moderate
Sasihithlu_Beach,2030-05-31,2.195,9.9125,249.75,15.7,9.0042,0.2733,2.66,13.0189,74.7932,Low
Ullal_Beach,2030-05-31,2.2683,9.7396,250.75,14.4,9.5125,0.2733,1.85,12.8153,74.8451,High
Panambur_Beach,2030-06-01,2.0042,9.3375,260.4583,6.0,12.1042,0.2242,2.66,12.9482,74.8074,Moderate
Sasihithlu_Beach,2030-06-01,1.9642,9.4042,259.7083,4.6,11.6083,0.2242,2.66,13.0189,74.7932,Low
Ullal_Beach,2030-06-01,1.9942,9.125,261.0417,4.5,11.8083,0.2242,1.85,12.8153,74.8451,High
Panambur_Beach,2030-06-02,0.7292,9.4042,207.3333,4.8,6.2,0.4108,2.66,12.9482,74.8074,Moderate
Sasihithlu_Beach,2030-06-02,0.7008,9.6188,208.0833,5.1,6.1458,0.4108,2.66,13.0189,74.7932,Low
Ullal_Beach,2030-06-02,0.7267,8.8604,206.6667,3.2,6.2917,0.4108,1.85,12.8153,74.8451,High
Panambur_Beach,2030-06-03,0.4625,8.0688,237.5417,0.0,8.5375,0.4458,2.66,12.9482,74.8074,Moderate
Sasihithlu_Beach,2030-06-03,0.4392,7.9583,240.0,0.0,8.6875,0.4458,2.66,13.0189,74.7932,Low
Ullal_Beach,2030-06-03,0.465,8.0208,236.4167,0.0,9.0208,0.4458,1.85,12.8153,74.8451,High
Panambur_Beach,2030-06-04,0.875,6.1708,300.6667,0.0,12.2583,0.3904,2.66,12.9482,74.8074,Low
Sasihithlu_Beach,2030-06-04,0.8425,6.1646,299.7917,0.0,12.2875,0.3904,2.66,13.0189,74.7932,Low
Ullal_Beach,2030-06-04,0.9025,6.0688,302.5417,0.0,11.7583,0.3904,1.85,12.8153,74.8451,Moderate
Panambur_Beach,2030-06-05,0.7125,7.4729,269.5,0.0,7.8167,0.5179,2.66,12.9482,74.8074,Low
Sasihithlu_Beach,2030-06-05,0.6825,7.5312,269.0,0.0,8.0458,0.5179,2.66,13.0189,74.7932,Low
Ullal_Beach,2030-06-05,0.7258,7.1604,271.5417,0.0,8.0125,0.5179,1.85,12.8153,74.8451,High
Panambur_Beach,2030-06-06,0.8083,11.6354,224.375,0.0,10.3292,0.5129,2.66,12.9482,74.8074,Moderate
Sasihithlu_Beach,2030-06-06,0.775,11.7083,223.3333,0.0,10.0,0.5129,2.66,13.0189,74.7932,Low
Ullal_Beach,2030-06-06,0.7883,11.1063,224.4167,0.0,10.0708,0.5129,1.85,12.8153,74.8451,High
Panambur_Beach,2030-06-07,1.1842,9.0271,246.7917,19.3,6.8667,0.4275,2.66,12.9482,74.8074,Moderate
Sasihithlu_Beach,2030-06-07,1.1567,9.0,247.125,15.6,6.4583,0.4275,2.66,13.0189,74.7932,Low
Ullal_Beach,2030-06-07,1.1867,8.9646,246.2917,26.3,6.7375,0.4275,1.85,12.8153,74.8451,High
Panambur_Beach,2030-06-08,2.5233,9.6917,266.2917,14.9,9.825,0.4817,2.66,12.9482,74.8074,Moderate
Sasihithlu_Beach,2030-06-08,2.4858,9.6896,265.7917,16.2,9.725,0.4817,2.66,13.0189,74.7932,Low
Ullal_Beach,2030-06-08,2.4758,9.6562,266.7083,16.0,9.6417,0.4817,1.85,12.8153,74.8451,High
Panambur_Beach,2030-06-09,2.1375,10.2188,266.9167,24.1,7.1375,0.3596,2.66,12.9482,74.8074,Moderate
Sasihithlu_Beach,2030-06-09,2.0983,10.2125,266.4167,26.0,6.9292,0.3596,2.66,13.0189,74.7932,Low
Ullal_Beach,2030-06-09,2.12,10.1229,267.5417,21.2,7.0375,0.3596,1.85,12.8153,74.8451,High
Panambur_Beach,2030-06-10,1.6792,8.35,267.5833,5.3,10.4,0.2613,2.66,12.9482,74.8074,Moderate
Sasihithlu_Beach,2030-06-10,1.6483,8.3542,267.3333,9.1,9.8292,0.2613,2.66,13.0189,74.7932,Low
Ullal_Beach,2030-06-10,1.6733,8.275,268.4583,6.2,9.5958,0.2613,1.85,12.8153,74.8451,High
Panambur_Beach,2030-06-11,0.565,10.1271,200.25,13.1,4.8125,0.4079,2.66,12.9482,74.8074,Moderate
Sasihithlu_Beach,2030-06-11,0.5375,10.2021,201.0,16.7,4.7417,0.4079,2.66,13.0189,74.7932,Low
Ullal_Beach,2030-06-11,0.575,9.8937,198.5,7.7,5.2417,0.4079,1.85,12.8153,74.8451,High
Panambur_Beach,2030-06-12,0.4092,9.7458,202.5417,0.0,6.375,0.475,2.66,12.9482,74.8074,Moderate
Sasihithlu_Beach,2030-06-12,0.3908,9.7229,203.4167,0.0,6.6417,0.475,2.66,13.0189,74.7932,Low
Ullal_Beach,2030-06-12,0.4117,9.6583,201.75,0.0,6.7833,0.475,1.85,12.8153,74.8451,High
Panambur_Beach,2030-06-13,0.525,8.0667,249.2083,0.6,5.425,0.4979,2.66,12.9482,74.8074,Low
Sasihithlu_Beach,2030-06-13,0.495,8.0312,248.7083,0.8,5.1917,0.4979,2.66,13.0189,74.7932,Low
Ullal_Beach,2030-06-13,0.545,8.0062,250.5833,0.5,5.6,0.4979,1.85,12.8153,74.8451,High
Panambur_Beach,2030-06-14,1.6292,9.0708,257.875,9.6,6.0958,0.3214,2.66,12.9482,74.8074,Moderate
Sasihithlu_Beach,2030-06-14,1.5992,9.0542,257.75,9.2,6.2708,0.3214,2.66,13.0189,74.7932,Low
Ullal_Beach,2030-06-14,1.6225,9.05,257.875,14.5,4.9,0.3214,1.85,12.8153,74.8451,High
Panambur_Beach,2030-06-15,1.555,9.0688,258.9167,3.2,8.5083,0.3157,2.66,12.9482,74.8074,Moderate
Sasihithlu_Beach,2030-06-15,1.52,9.0688,258.9167,3.7,8.0708,0.3157,2.66,13.0189,74.7932,Low
Ullal_Beach,2030-06-15,1.5683,9.0062,259.0417,2.0,7.9958,0.3157,1.85,12.8153,74.8451,High
Panambur_Beach,2030-06-16,1.5442,9.3458,253.4167,1.6,9.1625,0.31,2.66,12.9482,74.8074,Moderate
Sasihithlu_Beach,2030-06-16,1.5067,9.3333,253.2917,2.9,9.5667,0.31,2.66,13.0189,74.7932,Low
Ullal_Beach,2030-06-16,1.53,9.2438,253.2917,2.5,8.4042,0.31,1.85,12.8153,74.8451,High
Panambur_Beach,2030-06-17,1.5717,9.1188,252.7917,22.9,8.9958,0.3043,2.66,12.9482,74.8074,Moderate
Sasihithlu_Beach,2030-06-17,1.5433,9.1083,252.4583,15.2,9.5458,0.3043,2.66,13.0189,74.7932,Low
Ullal_Beach,2030-06-17,1.5508,9.0104,253.0417,14.4,8.2333,0.3043,1.85,12.8153,74.8451,High
Panambur_Beach,2030-06-18,1.6817,9.5188,255.125,21.9,8.3208,0.2986,2.66,12.9482,74.8074,Moderate
Sasihithlu_Beach,2030-06-18,1.645,9.5188,254.625,20.0,8.6958,0.2986,2.66,13.0189,74.7932,Low
Ullal_Beach,2030-06-18,1.6667,9.4438,255.5,22.1,7.2958,0.2986,1.85,12.8153,74.8451,High
Panambur_Beach,2030-06-19,1.4867,9.2771,253.8333,39.9,6.325,0.293,2.66,12.9482,74.8074,Moderate
Sasihithlu_Beach,2030-06-19,1.4533,9.2438,253.6667,43.8,6.6792,0.293,2.66,13.0189,74.7932,Low
Ullal_Beach,2030-06-19,1.4767,9.2,254.0833,22.0,5.925,0.293,1.85,12.8153,74.8451,High
Panambur_Beach,2030-06-20,1.3925,8.8979,255.2917,22.4,7.0708,0.4442,2.66,12.9482,74.8074,Moderate
Sasihithlu_Beach,2030-06-20,1.36,8.8875,255.1667,16.1,7.1833,0.4442,2.66,13.0189,74.7932,Low
Ullal_Beach,2030-06-20,1.3875,8.8542,255.4167,16.0,6.4083,0.4442,1.85,12.8153,74.8451,High
Panambur_Beach,2030-06-21,1.5583,8.2729,261.3333,12.0,9.6125,0.4638,2.66,12.9482,74.8074,Moderate
Sasihithlu_Beach,2030-06-21,1.5167,8.2542,261.4583,8.2,10.5417,0.4638,2.66,13.0189,74.7932,Low
Ullal_Beach,2030-06-21,1.5758,8.2979,261.9167,15.9,8.6333,0.4638,1.85,12.8153,74.8451,High
Panambur_Beach,2030-06-22,2.0333,8.4771,269.4167,14.2,8.575,0.4433,2.66,12.9482,74.8074,Moderate
Sasihithlu_Beach,2030-06-22,1.9817,8.4771,268.9583,24.7,8.6375,0.4433,2.66,13.0189,74.7932,Low
Ullal_Beach,2030-06-22,2.0383,8.4625,270.0417,21.8,9.8792,0.4433,1.85,12.8153,74.8451,High
Panambur_Beach,2030-06-23,2.2667,9.0042,271.9167,88.8,4.4875,0.4454,2.66,12.9482,74.8074,Moderate
Sasihithlu_Beach,2030-06-23,2.2058,9.0125,271.0417,76.7,4.6333,0.4454,2.66,13.0189,74.7932,Low
Ullal_Beach,2030-06-23,2.3133,9.0375,272.6667,85.9,4.975,0.4454,1.85,12.8153,74.8451,High
Panambur_Beach,2030-06-24,2.5458,9.2833,270.1667,59.2,10.6167,0.4608,2.66,12.9482,74.8074,Moderate
Sasihithlu_Beach,2030-06-24,2.4983,9.3062,270.0,47.9,10.3917,0.4608,2.66,13.0189,74.7932,Low
Ullal_Beach,2030-06-24,2.5567,9.2521,271.0417,62.5,9.1167,0.4608,1.85,12.8153,74.8451,High
Panambur_Beach,2030-06-25,2.8333,9.6708,268.75,33.6,11.2083,0.4396,2.66,12.9482,74.8074,Moderate
Sasihithlu_Beach,2030-06-25,2.7842,9.7125,267.9167,37.7,10.0208,0.4396,2.66,13.0189,74.7932,Moderate
Ullal_Beach,2030-06-25,2.8158,9.5896,269.2917,30.0,10.7333,0.4396,1.85,12.8153,74.8451,High
Panambur_Beach,2030-06-26,2.9992,9.2875,265.875,70.5,15.6083,0.4538,2.66,12.9482,74.8074,Moderate
Sasihithlu_Beach,2030-06-26,2.9417,9.3167,265.2083,74.6,15.8,0.4538,2.66,13.0189,74.7932,Moderate
Ullal_Beach,2030-06-26,2.98,9.2396,266.4583,55.3,13.9583,0.4538,1.85,12.8153,74.8451,High
Panambur_Beach,2030-06-27,3.3142,9.4417,262.625,54.6,16.3167,0.4238,2.66,12.9482,74.8074,Moderate
Sasihithlu_Beach,2030-06-27,3.2433,9.5,262.375,58.2,15.3375,0.4238,2.66,13.0189,74.7932,Moderate
Ullal_Beach,2030-06-27,3.3067,9.3458,263.25,58.6,15.8083,0.4238,1.85,12.8153,74.8451,High
Panambur_Beach,2030-06-28,3.3083,9.8458,263.875,57.0,13.2333,0.39,2.66,12.9482,74.8074,Moderate
Sasihithlu_Beach,2030-06-28,3.2492,9.8917,263.5417,55.8,13.175,0.39,2.66,13.0189,74.7932,Moderate
Ullal_Beach,2030-06-28,3.26,9.7875,264.625,49.0,12.4708,0.39,1.85,12.8153,74.8451,High
Panambur_Beach,2030-06-29,2.9392,9.8396,263.7083,20.0,11.7667,0.3996,2.66,12.9482,74.8074,Moderate
Sasihithlu_Beach,2030-06-29,2.8858,9.8688,262.9583,27.0,12.0333,0.3996,2.66,13.0189,74.7932,Moderate
Ullal_Beach,2030-06-29,2.8717,9.7687,264.375,22.2,10.725,0.3996,1.85,12.8153,74.8451,High
Panambur_Beach,2030-06-30,2.5525,9.7958,263.9167,19.4,9.4125,0.3979,2.66,12.9482,74.8074,Moderate
Sasihithlu_Beach,2030-06-30,2.5125,9.8208,263.2917,20.8,10.1167,0.3979,2.66,13.0189,74.7932,Low
Ullal_Beach,2030-06-30,2.505,9.7083,264.5417,8.7,9.3167,0.3979,1.85,12.8153,74.8451,High
Panambur_Beach,2030-07-01,2.6408,10.4208,265.75,27.9,9.3792,0.3929,2.66,12.9482,74.8074,Moderate
Sasihithlu_Beach,2030-07-01,2.5983,10.4396,265.125,21.5,8.9958,0.3929,2.66,13.0189,74.7932,Low
Ullal_Beach,2030-07-01,2.605,10.3625,266.4583,26.6,9.1292,0.3929,1.85,12.8153,74.8451,High
Panambur_Beach,2030-07-02,0.6975,10.2,210.0833,0.2,6.6,0.4079,2.66,12.9482,74.8074,Moderate
Sasihithlu_Beach,2030-07-02,0.6708,10.3104,210.75,0.2,6.4167,0.4079,2.66,13.0189,74.7932,Low
Ullal_Beach,2030-07-02,0.7025,9.8625,209.6667,0.2,6.7875,0.4079,1.85,12.8153,74.8451,High
Panambur_Beach,2030-07-03,0.5758,7.6729,259.6667,0.0,8.0042,0.4258,2.66,12.9482,74.8074,Moderate
Sasihithlu_Beach,2030-07-03,0.5508,7.6417,261.5,0.0,7.7125,0.4258,2.66,13.0189,74.7932,Low
Ullal_Beach,2030-07-03,0.5783,7.6208,258.8333,0.0,8.225,0.4258,1.85,12.8153,74.8451,High
Panambur_Beach,2030-07-04,0.89,6.4062,293.9167,0.0,12.5458,0.3929,2.66,12.9482,74.8074,Low
Sasihithlu_Beach,2030-07-04,0.8592,6.3854,293.0833,0.0,12.7083,0.3929,2.66,13.0189,74.7932,Low
Ullal_Beach,2030-07-04,0.9058,6.2688,296.2083,0.0,12.0167,0.3929,1.85,12.8153,74.8451,Moderate
Panambur_Beach,2030-07-05,0.8242,7.7667,277.0833,0.3,9.2292,0.5438,2.66,12.9482,74.8074,Low
Sasihithlu_Beach,2030-07-05,0.7892,7.7875,276.1667,0.1,9.5542,0.5438,2.66,13.0189,74.7932,Low
Ullal_Beach,2030-07-05,0.84,7.5875,279.1667,0.0,8.4333,0.5438,1.85,12.8153,74.8451,High
Panambur_Beach,2030-07-06,0.8567,8.7833,250.3333,0.2,10.5208,0.5196,2.66,12.9482,74.8074,Moderate
Sasihithlu_Beach,2030-07-06,0.83,8.8104,249.75,0.4,10.3292,0.5196,2.66,13.0189,74.7932,Low
Ullal_Beach,2030-07-06,0.8608,8.5375,252.0417,0.2,10.1833,0.5196,1.85,12.8153,74.8451,High
Panambur_Beach,2030-07-07,1.1867,9.0229,247.375,22.8,9.8625,0.4854,2.66,12.9482,74.8074,Moderate
Sasihithlu_Beach,2030-07-07,1.1592,9.0062,247.75,34.8,10.0542,0.4854,2.66,13.0189,74.7932,Low
Ullal_Beach,2030-07-07,1.1775,8.9417,247.0,24.6,9.2875,0.4854,1.85,12.8153,74.8451,High
Panambur_Beach,2030-07-08,2.4608,9.4062,267.75,26.7,7.3208,0.4575,2.66,12.9482,74.8074,Moderate
Sasihithlu_Beach,2030-07-08,2.4275,9.4062,267.0,33.2,7.3917,0.4575,2.66,13.0189,74.7932,Low
Ullal_Beach,2030-07-08,2.4075,9.3583,268.2083,22.4,8.0208,0.4575,1.85,12.8153,74.8451,High
Panambur_Beach,2030-07-09,2.0542,10.4792,261.4167,19.8,7.0542,0.3483,2.66,12.9482,74.8074,Moderate
Sasihithlu_Beach,2030-07-09,2.0133,10.4833,260.5417,21.1,6.0375,0.3483,2.66,13.0189,74.7932,Low
Ullal_Beach,2030-07-09,2.02,10.3083,262.6667,14.6,7.3167,0.3483,1.85,12.8153,74.8451,High
Panambur_Beach,2030-07-10,1.5192,8.4396,263.4583,6.5,7.5375,0.2542,2.66,12.9482,74.8074,Moderate
Sasihithlu_Beach,2030-07-10,1.4875,8.4312,263.0833,18.3,7.3417,0.2542,2.66,13.0189,74.7932,Low
Ullal_Beach,2030-07-10,1.5192,8.3958,264.125,3.0,8.4292,0.2542,1.85,12.8153,74.8451,High
Panambur_Beach,2030-07-11,0.6567,10.2979,203.7083,5.9,6.5833,0.415,2.66,12.9482,74.8074,Moderate
Sasihithlu_Beach,2030-07-11,0.6233,10.4271,204.5,9.9,6.4083,0.415,2.66,13.0189,74.7932,Low
Ullal_Beach,2030-07-11,0.6675,9.9375,202.6667,9.9,6.3083,0.415,1.85,12.8153,74.8451,High
Panambur_Beach,2030-07-12,0.4233,9.0625,203.7083,0.1,5.6,0.4962,2.66,12.9482,74.8074,Moderate
Sasihithlu_Beach,2030-07-12,0.405,9.0438,204.7917,0.0,5.7792,0.4962,2.66,13.0189,74.7932,Low
Ullal_Beach,2030-07-12,0.4283,8.9729,202.1667,0.2,6.3333,0.4962,1.85,12.8153,74.8451,High
Panambur_Beach,2030-07-13,0.4242,8.5833,226.1667,3.2,4.4375,0.5679,2.66,12.9482,74.8074,Moderate
Sasihithlu_Beach,2030-07-13,0.4058,8.5792,225.5833,4.1,3.9958,0.5679,2.66,13.0189,74.7932,Low
Ullal_Beach,2030-07-13,0.445,8.4417,227.125,2.2,4.6667,0.5679,1.85,12.8153,74.8451,High
Panambur_Beach,2030-07-14,2.0733,8.6688,266.2917,51.2,7.8917,0.355,2.66,12.9482,74.8074,Moderate
Sasihithlu_Beach,2030-07-14,2.0375,8.7,266.1667,49.9,7.6167,0.355,2.66,13.0189,74.7932,Low
Ullal_Beach,2030-07-14,2.0508,8.5771,266.875,34.4,6.7167,0.355,1.85,12.8153,74.8451,High
Panambur_Beach,2030-07-15,2.4892,9.1292,273.5417,33.8,9.8042,0.3454,2.66,12.9482,74.8074,Moderate
Sasihithlu_Beach,2030-07-15,2.4408,9.1437,273.2083,37.9,9.7625,0.3454,2.66,13.0189,74.7932,Low
Ullal_Beach,2030-07-15,2.4567,9.0688,274.4583,34.9,9.7167,0.3454,1.85,12.8153,74.8451,High
Panambur_Beach,2030-07-16,3.2367,9.2687,271.7083,84.0,21.5167,0.3542,2.66,12.9482,74.8074,Moderate
Sasihithlu_Beach,2030-07-16,3.1392,9.2729,271.6667,91.3,20.9292,0.3542,2.66,13.0189,74.7932,Moderate
Ullal_Beach,2030-07-16,3.2625,9.2313,272.4167,64.0,20.4792,0.3542,1.85,12.8153,74.8451,High
Panambur_Beach,2030-07-17,3.7433,9.9104,267.0833,66.5,20.2792,0.3408,2.66,12.9482,74.8074,High
Sasihithlu_Beach,2030-07-17,3.6492,9.8875,266.5,72.3,19.2625,0.3408,2.66,13.0189,74.7932,Moderate
Ullal_Beach,2030-07-17,3.7425,9.8792,268.0833,51.1,19.6,0.3408,1.85,12.8153,74.8451,High
Panambur_Beach,2030-07-18,3.3258,9.8625,265.7917,79.4,16.45,0.3292,2.66,12.9482,74.8074,Moderate
Sasihithlu_Beach,2030-07-18,3.235,9.85,264.9167,77.0,15.325,0.3292,2.66,13.0189,74.7932,Moderate
Ullal_Beach,2030-07-18,3.345,9.8417,266.7917,66.0,16.3458,0.3292,1.85,12.8153,74.8451,High
Panambur_Beach,2030-07-19,3.3183,9.7875,265.3333,56.5,16.8042,0.3304,2.66,12.9482,74.8074,Moderate
Sasihithlu_Beach,2030-07-19,3.2433,9.825,264.7083,57.1,16.5208,0.3304,2.66,13.0189,74.7932,Moderate
Ullal_Beach,2030-07-19,3.3117,9.6812,265.875,50.7,16.0208,0.3304,1.85,12.8153,74.8451,High
Panambur_Beach,2030-07-20,3.3967,10.1125,269.625,72.9,15.7333,0.3162,2.66,12.9482,74.8074,Moderate
Sasihithlu_Beach,2030-07-20,3.325,10.1354,269.0,74.1,15.125,0.3162,2.66,13.0189,74.7932,Moderate
Ullal_Beach,2030-07-20,3.365,10.0583,270.4583,47.5,14.0833,0.3162,1.85,12.8153,74.8451,High
Panambur_Beach,2030-07-21,3.2358,10.1021,270.75,18.0,11.8458,0.3096,2.66,12.9482,74.8074,Moderate
Sasihithlu_Beach,2030-07-21,3.1725,10.1021,270.25,19.5,10.875,0.3096,2.66,13.0189,74.7932,Moderate
Ullal_Beach,2030-07-21,3.2075,10.0812,271.625,13.6,11.9583,0.3096,1.85,12.8153,74.8451,High
Panambur_Beach,2030-07-22,2.94,9.6646,269.2083,28.5,15.825,0.3046,2.66,12.9482,74.8074,Moderate
Sasihithlu_Beach,2030-07-22,2.885,9.6771,268.7917,29.0,15.375,0.3046,2.66,13.0189,74.7932,Moderate
Ullal_Beach,2030-07-22,2.9175,9.6583,269.8333,20.0,14.3583,0.3046,1.85,12.8153,74.8451,High
Panambur_Beach,2030-07-23,2.7492,10.0958,267.4583,21.0,10.8625,0.2817,2.66,12.9482,74.8074,Moderate
Sasihithlu_Beach,2030-07-23,2.6983,10.0958,267.0833,22.5,10.6583,0.2817,2.66,13.0189,74.7932,Low
Ullal_Beach,2030-07-23,2.7133,10.0604,268.0833,10.4,11.175,0.2817,1.85,12.8153,74.8451,High
Panambur_Beach,2030-07-24,2.5783,9.8604,267.7083,34.8,12.5458,0.3017,2.66,12.9482,74.8074,Moderate
Sasihithlu_Beach,2030-07-24,2.53,9.8667,267.5833,38.2,12.575,0.3017,2.66,13.0189,74.7932,Low
Ullal_Beach,2030-07-24,2.5317,9.8271,268.0833,29.8,12.1,0.3017,1.85,12.8153,74.8451,High
Panambur_Beach,2030-07-25,2.5717,9.7792,273.1667,46.9,11.6042,0.3671,2.66,12.9482,74.8074,Moderate
Sasihithlu_Beach,2030-07-25,2.5208,9.7687,272.5833,58.3,11.625,0.3671,2.66,13.0189,74.7932,Low
Ullal_Beach,2030-07-25,2.54,9.7729,273.7083,21.9,11.1375,0.3671,1.85,12.8153,74.8451,High
Panambur_Beach,2030-07-26,2.7525,9.3583,274.0833,58.8,17.175,0.3758,2.66,12.9482,74.8074,Moderate
Sasihithlu_Beach,2030-07-26,2.6883,9.3542,273.3333,74.6,16.2833,0.3758,2.66,13.0189,74.7932,Low
Ullal_Beach,2030-07-26,2.7408,9.3479,274.7083,53.1,16.9667,0.3758,1.85,12.8153,74.8451,High
Panambur_Beach,2030-07-27,2.96,9.4896,274.4583,57.8,17.6167,0.3462,2.66,12.9482,74.8074,Moderate
Sasihithlu_Beach,2030-07-27,2.89,9.5,273.9583,56.1,16.7833,0.3462,2.66,13.0189,74.7932,Low
Ullal_Beach,2030-07-27,2.95,9.4542,275.2083,58.4,16.6167,0.3462,1.85,12.8153,74.8451,High
Panambur_Beach,2030-07-28,2.7692,9.675,273.7083,24.1,14.7583,0.3212,2.66,12.9482,74.8074,Moderate
Sasihithlu_Beach,2030-07-28,2.7017,9.6667,273.4167,25.3,14.0625,0.3212,2.66,13.0189,74.7932,Low
Ullal_Beach,2030-07-28,2.76,9.6646,274.6667,16.3,14.7708,0.3212,1.85,12.8153,74.8451,High
Panambur_Beach,2030-07-29,2.5492,9.3979,272.2083,18.1,14.8208,0.345,2.66,12.9482,74.8074,Moderate
Sasihithlu_Beach,2030-07-29,2.4883,9.3833,271.7083,18.3,13.95,0.345,2.66,13.0189,74.7932,Low
Ullal_Beach,2030-07-29,2.5333,9.4125,272.8333,12.2,14.0792,0.345,1.85,12.8153,74.8451,High
Panambur_Beach,2030-07-30,2.65,8.8833,269.125,70.4,12.0292,0.3492,2.66,12.9482,74.8074,Moderate
Sasihithlu_Beach,2030-07-30,2.5875,8.8896,268.75,96.5,10.9333,0.3492,2.66,13.0189,74.7932,Low
Ullal_Beach,2030-07-30,2.6542,8.8396,269.875,77.7,12.3583,0.3492,1.85,12.8153,74.8451,High
Panambur_Beach,2030-07-31,2.7217,9.0875,266.1667,73.6,8.45,0.295,2.66,12.9482,74.8074,Moderate
Sasihithlu_Beach,2030-07-31,2.65,9.1125,265.4167,83.7,7.975,0.295,2.66,13.0189,74.7932,Low
Ullal_Beach,2030-07-31,2.74,9.0479,266.6667,70.1,7.3458,0.295,1.85,12.8153,74.8451,High
Panambur_Beach,2030-08-01,2.3958,9.2979,266.0,67.8,8.0958,0.2867,2.66,12.9482,74.8074,Moderate
Sasihithlu_Beach,2030-08-01,2.34,9.3062,265.2917,65.4,8.175,0.2867,2.66,13.0189,74.7932,Low
Ullal_Beach,2030-08-01,2.3883,9.2583,266.5417,61.3,7.65,0.2867,1.85,12.8153,74.8451,High
Panambur_Beach,2030-08-02,0.5842,9.6896,210.2917,29.7,6.6708,0.405,2.66,12.9482,74.8074,Moderate
Sasihithlu_Beach,2030-08-02,0.5542,9.7687,210.7917,19.4,6.7625,0.405,2.66,13.0189,74.7932,Low
Ullal_Beach,2030-08-02,0.5958,9.425,209.8333,17.9,6.5167,0.405,1.85,12.8153,74.8451,High
Panambur_Beach,2030-08-03,0.7892,6.8104,298.2917,0.0,6.8375,0.4525,2.66,12.9482,74.8074,Low
Sasihithlu_Beach,2030-08-03,0.7575,6.8104,298.1667,0.0,7.0167,0.4525,2.66,13.0189,74.7932,Low
Ullal_Beach,2030-08-03,0.8058,6.7188,299.5833,0.0,7.3833,0.4525,1.85,12.8153,74.8451,Moderate
Panambur_Beach,2030-08-04,0.8033,6.4312,286.75,0.0,11.0667,0.4121,2.66,12.9482,74.8074,Low
Sasihithlu_Beach,2030-08-04,0.7733,6.3771,286.625,0.0,11.0958,0.4121,2.66,13.0189,74.7932,Low
Ullal_Beach,2030-08-04,0.815,6.3687,288.7083,0.0,10.225,0.4121,1.85,12.8153,74.8451,Moderate
Panambur_Beach,2030-08-05,0.6817,7.6312,262.25,0.0,8.0375,0.555,2.66,12.9482,74.8074,Low
Sasihithlu_Beach,2030-08-05,0.6483,7.6417,262.5417,0.0,7.8,0.555,2.66,13.0189,74.7932,Low
Ullal_Beach,2030-08-05,0.6958,7.4896,263.6667,0.0,8.2458,0.555,1.85,12.8153,74.8451,High
Panambur_Beach,2030-08-06,0.7775,7.8646,250.7083,0.0,12.2458,0.525,2.66,12.9482,74.8074,Moderate
Sasihithlu_Beach,2030-08-06,0.7425,7.8625,250.8333,0.2,12.1167,0.525,2.66,13.0189,74.7932,Low
Ullal_Beach,2030-08-06,0.7942,7.6458,252.5833,0.0,12.15,0.525,1.85,12.8153,74.8451,High
Panambur_Beach,2030-08-07,1.2775,8.4521,251.75,28.5,9.7792,0.5092,2.66,12.9482,74.8074,Moderate
Sasihithlu_Beach,2030-08-07,1.2583,8.4229,251.7917,29.4,10.475,0.5092,2.66,13.0189,74.7932,Low
Ullal_Beach,2030-08-07,1.2542,8.3292,252.0,30.0,9.1542,0.5092,1.85,12.8153,74.8451,High
Panambur_Beach,2030-08-08,2.2942,9.1396,268.0,15.0,10.1125,0.4542,2.66,12.9482,74.8074,Moderate
Sasihithlu_Beach,2030-08-08,2.26,9.1562,267.375,17.0,10.4625,0.4542,2.66,13.0189,74.7932,Low
Ullal_Beach,2030-08-08,2.2542,9.0792,268.6667,10.9,9.8292,0.4542,1.85,12.8153,74.8451,High
Panambur_Beach,2030-08-09,1.7525,9.7562,260.5417,10.7,6.5042,0.3371,2.66,12.9482,74.8074,Moderate
Sasihithlu_Beach,2030-08-09,1.7175,9.7542,259.7083,13.4,5.9458,0.3371,2.66,13.0189,74.7932,Low
Ullal_Beach,2030-08-09,1.7333,9.6479,261.3333,12.9,6.525,0.3371,1.85,12.8153,74.8451,High
Panambur_Beach,2030-08-10,1.5375,8.45,258.5,15.4,6.9958,0.2417,2.66,12.9482,74.8074,Moderate
Sasihithlu_Beach,2030-08-10,1.495,8.4125,258.5,18.4,6.6167,0.2417,2.66,13.0189,74.7932,Low
Ullal_Beach,2030-08-10,1.5392,8.4146,258.625,23.1,7.7292,0.2417,1.85,12.8153,74.8451,High
Panambur_Beach,2030-08-11,1.0392,7.9292,205.1667,10.4,6.325,0.4362,2.66,12.9482,74.8074,Moderate
Sasihithlu_Beach,2030-08-11,0.98,8.0729,206.375,11.8,5.9417,0.4362,2.66,13.0189,74.7932,Low
Ullal_Beach,2030-08-11,1.075,7.6312,203.625,11.0,6.875,0.4362,1.85,12.8153,74.8451,High
Panambur_Beach,2030-08-12,0.4475,8.0062,210.7083,5.4,8.2708,0.4912,2.66,12.9482,74.8074,Moderate
Sasihithlu_Beach,2030-08-12,0.4275,7.9917,212.0833,1.0,7.7667,0.4912,2.66,13.0189,74.7932,Low
Ullal_Beach,2030-08-12,0.4475,7.9625,209.375,5.5,8.8792,0.4912,1.85,12.8153,74.8451,High
Panambur_Beach,2030-08-13,0.4817,8.2812,242.6667,4.2,5.4375,0.5317,2.66,12.9482,74.8074,Moderate
Sasihithlu_Beach,2030-08-13,0.4575,8.2646,242.9583,4.9,5.4333,0.5317,2.66,13.0189,74.7932,Low
Ullal_Beach,2030-08-13,0.5008,8.1771,243.4167,2.8,5.7167,0.5317,1.85,12.8153,74.8451,High
Panambur_Beach,2030-08-14,1.4433,7.7958,277.4167,17.1,15.2042,0.2579,2.66,12.9482,74.8074,Low
Sasihithlu_Beach,2030-08-14,1.3867,7.8375,275.8333,10.3,14.9792,0.2579,2.66,13.0189,74.7932,Low
Ullal_Beach,2030-08-14,1.475,7.5958,279.4167,7.7,14.7375,0.2579,1.85,12.8153,74.8451,High
Panambur_Beach,2030-08-15,1.5817,7.9979,274.375,53.1,12.7542,0.2721,2.66,12.9482,74.8074,Moderate
Sasihithlu_Beach,2030-08-15,1.5292,8.0479,273.7083,66.0,12.4792,0.2721,2.66,13.0189,74.7932,Low
Ullal_Beach,2030-08-15,1.6158,7.8292,276.125,36.2,11.875,0.2721,1.85,12.8153,74.8451,High
Panambur_Beach,2030-08-16,1.6025,8.0458,269.875,5.2,10.5917,0.29,2.66,12.9482,74.8074,Moderate
Sasihithlu_Beach,2030-08-16,1.5517,8.0521,269.125,9.6,10.1958,0.29,2.66,13.0189,74.7932,Low
Ullal_Beach,2030-08-16,1.6225,7.9417,270.9167,1.9,9.7333,0.29,1.85,12.8153,74.8451,High
Panambur_Beach,2030-08-17,1.5617,8.3542,264.7917,4.5,11.7833,0.3246,2.66,12.9482,74.8074,Moderate
Sasihithlu_Beach,2030-08-17,1.52,8.3708,264.5417,7.1,11.6083,0.3246,2.66,13.0189,74.7932,Low
Ullal_Beach,2030-08-17,1.5733,8.2438,265.9167,7.0,11.4417,0.3246,1.85,12.8153,74.8451,High
Panambur_Beach,2030-08-18,1.6242,8.8521,259.9167,3.2,8.9708,0.3112,2.66,12.9482,74.8074,Moderate
Sasihithlu_Beach,2030-08-18,1.5708,8.8646,259.1667,7.7,9.2708,0.3112,2.66,13.0189,74.7932,Low
Ullal_Beach,2030-08-18,1.635,8.7604,260.4583,2.2,8.5167,0.3112,1.85,12.8153,74.8451,High
Panambur_Beach,2030-08-19,1.8575,9.1,262.75,3.1,8.5042,0.3742,2.66,12.9482,74.8074,Moderate
Sasihithlu_Beach,2030-08-19,1.8075,9.0958,262.375,2.7,8.4208,0.3742,2.66,13.0189,74.7932,Low
Ullal_Beach,2030-08-19,1.8675,9.0417,262.75,2.4,8.4917,0.3742,1.85,12.8153,74.8451,High
Panambur_Beach,2030-08-20,1.9108,9.7625,259.0833,1.5,6.6333,0.4362,2.66,12.9482,74.8074,Moderate
Sasihithlu_Beach,2030-08-20,1.8733,9.7625,258.1667,2.3,6.7792,0.4362,2.66,13.0189,74.7932,Low
Ullal_Beach,2030-08-20,1.8792,9.6417,259.0417,2.0,6.5667,0.4362,1.85,12.8153,74.8451,High
Panambur_Beach,2030-08-21,1.7558,9.6479,259.375,10.3,9.5125,0.4596,2.66,12.9482,74.8074,Moderate
Sasihithlu_Beach,2030-08-21,1.7167,9.6667,259.25,8.8,9.5958,0.4596,2.66,13.0189,74.7932,Low
Ullal_Beach,2030-08-21,1.7433,9.5354,259.7917,8.1,8.8625,0.4596,1.85,12.8153,74.8451,High
Panambur_Beach,2030-08-22,1.8675,9.2542,248.0,8.9,19.3417,0.4825,2.66,12.9482,74.8074,Moderate
Sasihithlu_Beach,2030-08-22,1.815,9.3062,247.2917,8.5,19.0917,0.4825,2.66,13.0189,74.7932,Low
Ullal_Beach,2030-08-22,1.8733,9.0667,247.7083,6.6,19.3125,0.4825,1.85,12.8153,74.8451,High
Panambur_Beach,2030-08-23,2.7117,9.0625,250.75,13.5,14.975,0.4217,2.66,12.9482,74.8074,Moderate
Sasihithlu_Beach,2030-08-23,2.6442,9.0562,249.5833,16.9,15.5667,0.4217,2.66,13.0189,74.7932,Moderate
Ullal_Beach,2030-08-23,2.6942,9.0229,251.75,7.0,14.8042,0.4217,1.85,12.8153,74.8451,High
Panambur_Beach,2030-08-24,2.1592,9.1958,261.9167,4.1,13.75,0.3829,2.66,12.9482,74.8074,Moderate
Sasihithlu_Beach,2030-08-24,2.1158,9.1917,261.2083,2.7,13.95,0.3829,2.66,13.0189,74.7932,Low
Ullal_Beach,2030-08-24,2.1383,9.1688,262.7917,4.7,12.9917,0.3829,1.85,12.8153,74.8451,High
Panambur_Beach,2030-08-25,1.75,8.2396,255.125,16.6,13.0208,0.3646,2.66,12.9482,74.8074,Moderate
Sasihithlu_Beach,2030-08-25,1.7125,8.2583,255.0,16.7,13.3583,0.3646,2.66,13.0189,74.7932,Low
Ullal_Beach,2030-08-25,1.73,8.2,255.4167,11.3,12.4542,0.3646,1.85,12.8153,74.8451,High
Panambur_Beach,2030-08-26,1.5425,7.6375,255.375,9.6,9.9292,0.3533,2.66,12.9482,74.8074,Moderate
Sasihithlu_Beach,2030-08-26,1.5075,7.6354,255.3333,10.0,9.85,0.3533,2.66,13.0189,74.7932,Low
Ullal_Beach,2030-08-26,1.5583,7.6146,256.0,5.3,9.55,0.3533,1.85,12.8153,74.8451,High
Panambur_Beach,2030-08-27,1.7933,7.3812,265.375,22.5,12.4333,0.3496,2.66,12.9482,74.8074,Moderate
Sasihithlu_Beach,2030-08-27,1.7633,7.3938,265.0,29.0,12.2333,0.3496,2.66,13.0189,74.7932,Low
Ullal_Beach,2030-08-27,1.775,7.3042,265.875,32.5,11.25,0.3496,1.85,12.8153,74.8451,High
Panambur_Beach,2030-08-28,1.8583,7.8479,266.875,29.7,8.3625,0.295,2.66,12.9482,74.8074,Moderate
Sasihithlu_Beach,2030-08-28,1.8233,7.8417,266.875,30.7,8.4208,0.295,2.66,13.0189,74.7932,Low
Ullal_Beach,2030-08-28,1.8483,7.7979,267.5833,26.6,7.5583,0.295,1.85,12.8153,74.8451,High
Panambur_Beach,2030-08-29,1.955,8.5271,269.5833,26.0,9.8833,0.2733,2.66,12.9482,74.8074,Moderate
Sasihithlu_Beach,2030-08-29,1.92,8.525,269.125,19.2,9.8042,0.2733,2.66,13.0189,74.7932,Low
Ullal_Beach,2030-08-29,1.9325,8.4312,270.2083,24.4,8.875,0.2733,1.85,12.8153,74.8451,High
Panambur_Beach,2030-08-30,2.0308,8.7396,271.375,33.1,6.9792,0.31,2.66,12.9482,74.8074,Moderate
Sasihithlu_Beach,2030-08-30,1.9933,8.7313,270.7083,29.3,7.275,0.31,2.66,13.0189,74.7932,Low
Ullal_Beach,2030-08-30,2.0258,8.6604,272.0,35.0,6.0333,0.31,1.85,12.8153,74.8451,High
Panambur_Beach,2030-08-31,1.9758,8.6542,270.3333,18.8,5.7958,0.3438,2.66,12.9482,74.8074,Moderate
Sasihithlu_Beach,2030-08-31,1.9283,8.6542,269.5833,14.6,6.6958,0.3438,2.66,13.0189,74.7932,Low
Ullal_Beach,2030-08-31,1.97,8.5938,271.3333,16.4,7.5333,0.3438,1.85,12.8153,74.8451,High
Panambur_Beach,2030-09-01,1.9125,8.85,265.9583,21.6,7.7917,0.3475,2.66,12.9482,74.8074,Moderate
Sasihithlu_Beach,2030-09-01,1.865,8.8479,265.375,22.7,7.5708,0.3475,2.66,13.0189,74.7932,Low
Ullal_Beach,2030-09-01,1.9108,8.8104,266.5,17.6,8.5292,0.3475,1.85,12.8153,74.8451,High
Panambur_Beach,2030-09-02,0.5792,10.1583,215.0417,10.5,6.1917,0.4104,2.66,12.9482,74.8074,Moderate
Sasihithlu_Beach,2030-09-02,0.5583,10.2292,215.5417,11.6,5.3375,0.4104,2.66,13.0189,74.7932,Low
Ullal_Beach,2030-09-02,0.58,9.8708,214.625,15.5,5.8083,0.4104,1.85,12.8153,74.8451,High
Panambur_Beach,2030-09-03,0.875,6.9708,303.2083,0.0,9.3,0.4688,2.66,12.9482,74.8074,Low
Sasihithlu_Beach,2030-09-03,0.8375,6.95,302.75,0.0,9.1708,0.4688,2.66,13.0189,74.7932,Low
Ullal_Beach,2030-09-03,0.9033,6.9146,304.1667,0.0,8.7875,0.4688,1.85,12.8153,74.8451,Moderate
Panambur_Beach,2030-09-04,0.7425,6.9458,277.5,0.0,8.2042,0.4654,2.66,12.9482,74.8074,Low
Sasihithlu_Beach,2030-09-04,0.7083,6.8979,276.9167,0.0,8.0792,0.4654,2.66,13.0189,74.7932,Low
Ullal_Beach,2030-09-04,0.7708,6.8292,279.25,0.0,8.3125,0.4654,1.85,12.8153,74.8451,High
Panambur_Beach,2030-09-05,0.6775,7.6542,255.7083,0.0,9.4917,0.5242,2.66,12.9482,74.8074,Moderate
Sasihithlu_Beach,2030-09-05,0.6492,7.6417,256.5833,0.2,9.3458,0.5242,2.66,13.0189,74.7932,Low
Ullal_Beach,2030-09-05,0.6792,7.5562,256.0,0.0,9.5458,0.5242,1.85,12.8153,74.8451,High
Panambur_Beach,2030-09-06,0.7417,9.3354,238.9167,0.1,11.6667,0.4962,2.66,12.9482,74.8074,Moderate
Sasihithlu_Beach,2030-09-06,0.7158,9.4125,239.0,0.1,11.55,0.4962,2.66,13.0189,74.7932,Low
Ullal_Beach,2030-09-06,0.74,8.8458,240.3333,0.5,11.4458,0.4962,1.85,12.8153,74.8451,High
Panambur_Beach,2030-09-07,1.5008,7.4875,256.2083,31.9,9.6208,0.5083,2.66,12.9482,74.8074,Moderate
Sasihithlu_Beach,2030-09-07,1.4725,7.4854,255.8333,36.5,9.5375,0.5083,2.66,13.0189,74.7932,Low
Ullal_Beach,2030-09-07,1.4983,7.4208,256.7083,25.7,9.4417,0.5083,1.85,12.8153,74.8451,High
Panambur_Beach,2030-09-08,2.2658,9.0938,265.7917,26.2,8.8625,0.4404,2.66,12.9482,74.8074,Moderate
Sasihithlu_Beach,2030-09-08,2.2258,9.1021,265.0,26.8,8.6708,0.4404,2.66,13.0189,74.7932,Low
Ullal_Beach,2030-09-08,2.2308,9.0354,266.375,22.2,8.0708,0.4404,1.85,12.8153,74.8451,High
Panambur_Beach,2030-09-09,1.5858,9.2667,258.8333,8.8,8.65,0.3308,2.66,12.9482,74.8074,Moderate
Sasihithlu_Beach,2030-09-09,1.5442,9.2708,258.5833,10.9,8.7667,0.3308,2.66,13.0189,74.7932,Low
Ullal_Beach,2030-09-09,1.5758,9.1562,259.4167,7.3,7.9583,0.3308,1.85,12.8153,74.8451,High
Panambur_Beach,2030-09-10,1.6933,8.0375,260.8333,21.2,7.225,0.2346,2.66,12.9482,74.8074,Moderate
Sasihithlu_Beach,2030-09-10,1.65,8.0208,260.375,19.8,6.6958,0.2346,2.66,13.0189,74.7932,Low
Ullal_Beach,2030-09-10,1.7208,8.0333,261.3333,13.5,5.6167,0.2346,1.85,12.8153,74.8451,High
Panambur_Beach,2030-09-11,1.1075,6.5979,197.2917,19.9,11.1583,0.4812,2.66,12.9482,74.8074,Moderate
Sasihithlu_Beach,2030-09-11,1.0358,6.7562,199.1667,16.4,11.2208,0.4812,2.66,13.0189,74.7932,Low
Ullal_Beach,2030-09-11,1.1492,6.3208,194.5,15.6,11.675,0.4812,1.85,12.8153,74.8451,High
Panambur_Beach,2030-09-12,0.4567,8.9125,204.7083,0.3,5.9042,0.4979,2.66,12.9482,74.8074,Moderate
Sasihithlu_Beach,2030-09-12,0.44,8.9208,205.625,1.1,5.6375,0.4979,2.66,13.0189,74.7932,Low
Ullal_Beach,2030-09-12,0.4708,8.7542,203.5417,0.0,6.5042,0.4979,1.85,12.8153,74.8451,High
Panambur_Beach,2030-09-13,0.6117,7.2521,286.875,4.8,5.4208,0.5392,2.66,12.9482,74.8074,Low
Sasihithlu_Beach,2030-09-13,0.5858,7.2,286.875,7.0,5.0375,0.5392,2.66,13.0189,74.7932,Low
Ullal_Beach,2030-09-13,0.6333,7.2062,288.2083,8.0,6.1167,0.5392,1.85,12.8153,74.8451,Moderate
Panambur_Beach,2030-09-14,1.3425,7.9083,264.75,4.2,8.0792,0.2879,2.66,12.9482,74.8074,Moderate
Sasihithlu_Beach,2030-09-14,1.3167,7.9042,264.625,3.3,7.8083,0.2879,2.66,13.0189,74.7932,Low
Ullal_Beach,2030-09-14,1.35,7.8812,265.0417,3.4,8.3167,0.2879,1.85,12.8153,74.8451,High
Panambur_Beach,2030-09-15,1.2433,7.9562,262.9167,4.9,7.3292,0.3096,2.66,12.9482,74.8074,Moderate
Sasihithlu_Beach,2030-09-15,1.2133,7.9333,263.0,5.5,7.05,0.3096,2.66,13.0189,74.7932,Low
Ullal_Beach,2030-09-15,1.2483,7.9125,263.125,2.6,7.225,0.3096,1.85,12.8153,74.8451,High
Panambur_Beach,2030-09-16,1.17,7.8312,266.9583,1.6,7.8208,0.2862,2.66,12.9482,74.8074,Moderate
Sasihithlu_Beach,2030-09-16,1.15,7.8083,266.7917,3.1,7.4042,0.2862,2.66,13.0189,74.7932,Low
Ullal_Beach,2030-09-16,1.1717,7.775,267.375,1.2,7.4083,0.2862,1.85,12.8153,74.8451,High
Panambur_Beach,2030-09-17,1.2767,7.8083,271.0833,2.2,10.0042,0.2738,2.66,12.9482,74.8074,Low
Sasihithlu_Beach,2030-09-17,1.2492,7.8229,270.7083,2.0,9.7042,0.2738,2.66,13.0189,74.7932,Low
Ullal_Beach,2030-09-17,1.2825,7.7125,271.9583,1.7,9.6917,0.2738,1.85,12.8153,74.8451,High
Panambur_Beach,2030-09-18,1.2967,7.8417,270.4583,3.6,10.2542,0.3004,2.66,12.9482,74.8074,Low
Sasihithlu_Beach,2030-09-18,1.2625,7.8583,269.7083,4.0,10.0208,0.3004,2.66,13.0189,74.7932,Low
Ullal_Beach,2030-09-18,1.3033,7.6854,271.2917,3.4,9.4958,0.3004,1.85,12.8153,74.8451,High
Panambur_Beach,2030-09-19,1.2367,8.2521,264.9167,0.9,7.7292,0.3212,2.66,12.9482,74.8074,Moderate
Sasihithlu_Beach,2030-09-19,1.2083,8.2667,264.4167,0.8,7.3375,0.3212,2.66,13.0189,74.7932,Low
Ullal_Beach,2030-09-19,1.2425,8.1042,265.7083,0.3,7.8458,0.3212,1.85,12.8153,74.8451,High
Panambur_Beach,2030-09-20,1.165,8.5438,256.9583,1.4,6.1417,0.3525,2.66,12.9482,74.8074,Moderate
Sasihithlu_Beach,2030-09-20,1.1425,8.5292,256.6667,2.0,5.4208,0.3525,2.66,13.0189,74.7932,Low
Ullal_Beach,2030-09-20,1.1625,8.4354,257.5833,1.2,6.6708,0.3525,1.85,12.8153,74.8451,High
Panambur_Beach,2030-09-21,1.0375,8.5542,248.3333,1.7,6.5083,0.3596,2.66,12.9482,74.8074,Moderate
Sasihithlu_Beach,2030-09-21,1.015,8.5375,248.0833,1.9,6.2125,0.3596,2.66,13.0189,74.7932,Low
Ullal_Beach,2030-09-21,1.0425,8.4792,248.6667,1.4,6.7125,0.3596,1.85,12.8153,74.8451,High
Panambur_Beach,2030-09-22,0.9058,8.3146,244.25,0.8,6.1833,0.3608,2.66,12.9482,74.8074,Moderate
Sasihithlu_Beach,2030-09-22,0.8808,8.3104,244.125,1.4,5.9333,0.3608,2.66,13.0189,74.7932,Low
Ullal_Beach,2030-09-22,0.9033,8.1938,244.4167,2.0,6.3667,0.3608,1.85,12.8153,74.8451,High
Panambur_Beach,2030-09-23,0.8483,7.725,243.0417,2.4,6.9292,0.3721,2.66,12.9482,74.8074,Moderate
Sasihithlu_Beach,2030-09-23,0.8258,7.7,243.0417,2.1,6.75,0.3721,2.66,13.0189,74.7932,Low
Ullal_Beach,2030-09-23,0.8608,7.6188,243.0417,1.3,7.025,0.3721,1.85,12.8153,74.8451,High
Panambur_Beach,2030-09-24,1.0483,6.6604,262.125,22.4,8.5208,0.3062,2.66,12.9482,74.8074,Moderate
Sasihithlu_Beach,2030-09-24,1.0283,6.6646,262.375,37.1,8.3167,0.3062,2.66,13.0189,74.7932,Low
Ullal_Beach,2030-09-24,1.06,6.5604,262.5,14.3,8.3917,0.3062,1.85,12.8153,74.8451,High
Panambur_Beach,2030-09-25,1.2175,6.6271,269.7917,41.5,9.9083,0.2883,2.66,12.9482,74.8074,Low
Sasihithlu_Beach,2030-09-25,1.1925,6.6458,269.7917,55.3,9.5417,0.2883,2.66,13.0189,74.7932,Low
Ullal_Beach,2030-09-25,1.2333,6.4688,270.7083,29.9,9.8,0.2883,1.85,12.8153,74.8451,High
Panambur_Beach,2030-09-26,1.3767,7.3958,269.6667,7.0,7.6917,0.3058,2.66,12.9482,74.8074,Low
Sasihithlu_Beach,2030-09-26,1.3492,7.4104,269.2917,6.4,7.2417,0.3058,2.66,13.0189,74.7932,Low
Ullal_Beach,2030-09-26,1.3817,7.2125,271.1667,5.0,7.3417,0.3058,1.85,12.8153,74.8451,High
Panambur_Beach,2030-09-27,1.4383,7.6062,265.75,7.1,6.5458,0.3333,2.66,12.9482,74.8074,Moderate
Sasihithlu_Beach,2030-09-27,1.4117,7.6146,265.4167,6.9,6.5292,0.3333,2.66,13.0189,74.7932,Low
Ullal_Beach,2030-09-27,1.4392,7.5021,267.0417,4.4,7.1667,0.3333,1.85,12.8153,74.8451,High
Panambur_Beach,2030-09-28,1.4575,7.5854,266.3333,5.0,6.1542,0.2946,2.66,12.9482,74.8074,Moderate
Sasihithlu_Beach,2030-09-28,1.4275,7.5917,265.7083,10.4,6.2958,0.2946,2.66,13.0189,74.7932,Low
Ullal_Beach,2030-09-28,1.4608,7.5188,267.2083,3.8,5.6167,0.2946,1.85,12.8153,74.8451,High
Panambur_Beach,2030-09-29,1.3033,7.8854,267.2083,0.4,8.1708,0.25,2.66,12.9482,74.8074,Moderate
Sasihithlu_Beach,2030-09-29,1.2808,7.9208,266.4583,0.4,7.8583,0.25,2.66,13.0189,74.7932,Low
Ullal_Beach,2030-09-29,1.2892,7.7333,268.2917,0.3,8.2167,0.25,1.85,12.8153,74.8451,High
Panambur_Beach,2030-09-30,1.3025,8.975,262.25,4.3,11.4625,0.2525,2.66,12.9482,74.8074,Moderate
Sasihithlu_Beach,2030-09-30,1.2725,9.075,260.875,5.6,11.2042,0.2525,2.66,13.0189,74.7932,Low
Ullal_Beach,2030-09-30,1.2992,8.6437,264.375,2.9,10.7958,0.2525,1.85,12.8153,74.8451,High
Panambur_Beach,2030-10-01,1.22,9.4021,256.0833,18.6,5.7083,0.3229,2.66,12.9482,74.8074,Moderate
Sasihithlu_Beach,2030-10-01,1.1992,9.4542,255.1667,12.6,5.7792,0.3229,2.66,13.0189,74.7932,Low
Ullal_Beach,2030-10-01,1.2142,9.1667,256.9167,22.5,6.4417,0.3229,1.85,12.8153,74.8451,High
Panambur_Beach,2030-10-02,0.6125,9.7687,224.0,0.0,8.475,0.3854,2.66,12.9482,74.8074,Moderate
Sasihithlu_Beach,2030-10-02,0.5808,9.8479,224.1667,0.0,7.4375,0.3854,2.66,13.0189,74.7932,Low
Ullal_Beach,2030-10-02,0.6225,9.4729,223.5833,0.0,10.1375,0.3854,1.85,12.8153,74.8451,High
Panambur_Beach,2030-10-03,0.755,6.3562,301.0417,0.4,9.7917,0.4683,2.66,12.9482,74.8074,Low
Sasihithlu_Beach,2030-10-03,0.7225,6.3583,300.4167,0.0,10.1542,0.4683,2.66,13.0189,74.7932,Low
Ullal_Beach,2030-10-03,0.7792,6.3167,302.3333,0.0,9.6833,0.4683,1.85,12.8153,74.8451,Moderate
Panambur_Beach,2030-10-04,0.7075,7.2458,273.9167,0.0,9.5917,0.455,2.66,12.9482,74.8074,Low
Sasihithlu_Beach,2030-10-04,0.675,7.1792,274.375,0.0,9.6792,0.455,2.66,13.0189,74.7932,Low
Ullal_Beach,2030-10-04,0.7225,7.2021,274.5,0.0,9.4708,0.455,1.85,12.8153,74.8451,High
Panambur_Beach,2030-10-05,0.6133,7.475,244.9583,0.0,8.7792,0.5412,2.66,12.9482,74.8074,Moderate
Sasihithlu_Beach,2030-10-05,0.585,7.4708,246.125,0.0,8.8083,0.5412,2.66,13.0189,74.7932,Low
Ullal_Beach,2030-10-05,0.6317,7.325,244.8333,0.0,8.9292,0.5412,1.85,12.8153,74.8451,High
Panambur_Beach,2030-10-06,0.8875,10.1167,228.5417,0.5,11.575,0.4733,2.66,12.9482,74.8074,Moderate
Sasihithlu_Beach,2030-10-06,0.8583,10.2229,228.2083,0.8,11.3458,0.4733,2.66,13.0189,74.7932,Low
Ullal_Beach,2030-10-06,0.875,9.6938,229.4167,1.2,11.2125,0.4733,1.85,12.8153,74.8451,High
Panambur_Beach,2030-10-07,1.6175,8.0042,257.6667,39.3,6.3333,0.4896,2.66,12.9482,74.8074,Moderate
Sasihithlu_Beach,2030-10-07,1.5833,8.0042,257.6667,39.8,6.0708,0.4896,2.66,13.0189,74.7932,Low
Ullal_Beach,2030-10-07,1.62,7.8958,258.5,25.7,5.8417,0.4896,1.85,12.8153,74.8451,High
Panambur_Beach,2030-10-08,2.0483,9.2625,264.0,13.8,10.1333,0.4121,2.66,12.9482,74.8074,Moderate
Sasihithlu_Beach,2030-10-08,2.0083,9.2562,263.6667,15.8,9.8167,0.4121,2.66,13.0189,74.7932,Low
Ullal_Beach,2030-10-08,2.0325,9.2354,264.5417,13.2,9.1,0.4121,1.85,12.8153,74.8451,High
Panambur_Beach,2030-10-09,1.5283,8.9062,261.0833,30.6,9.4958,0.2992,2.66,12.9482,74.8074,Moderate
Sasihithlu_Beach,2030-10-09,1.49,8.9354,260.3333,25.3,9.3542,0.2992,2.66,13.0189,74.7932,Low
Ullal_Beach,2030-10-09,1.5408,8.7104,262.5833,22.0,9.2208,0.2992,1.85,12.8153,74.8451,High
Panambur_Beach,2030-10-10,1.8125,7.8729,261.0833,27.1,10.0125,0.2654,2.66,12.9482,74.8074,Moderate
Sasihithlu_Beach,2030-10-10,1.7733,7.8667,260.7917,27.9,9.6042,0.2654,2.66,13.0189,74.7932,Low
Ullal_Beach,2030-10-10,1.8158,7.8354,261.3333,19.3,9.4667,0.2654,1.85,12.8153,74.8451,High
Panambur_Beach,2030-10-11,1.1475,6.9938,207.5,8.5,14.5042,0.4633,2.66,12.9482,74.8074,Moderate
Sasihithlu_Beach,2030-10-11,1.0958,7.0792,206.8333,5.9,14.6958,0.4633,2.66,13.0189,74.7932,Low
Ullal_Beach,2030-10-11,1.1683,6.7812,206.9167,11.4,14.1292,0.4633,1.85,12.8153,74.8451,High
Panambur_Beach,2030-10-12,0.4258,9.3979,198.625,0.0,7.0917,0.5008,2.66,12.9482,74.8074,Moderate
Sasihithlu_Beach,2030-10-12,0.405,9.4,199.7917,0.0,7.5417,0.5008,2.66,13.0189,74.7932,Low
Ullal_Beach,2030-10-12,0.4367,9.3146,197.2083,0.0,7.5667,0.5008,1.85,12.8153,74.8451,High
Panambur_Beach,2030-10-13,0.7033,7.3583,299.7083,3.0,5.3917,0.5317,2.66,12.9482,74.8074,Low
Sasihithlu_Beach,2030-10-13,0.6692,7.3229,299.8333,2.1,4.8875,0.5317,2.66,13.0189,74.7932,Low
Ullal_Beach,2030-10-13,0.7283,7.2833,300.9583,2.2,6.425,0.5317,1.85,12.8153,74.8451,Moderate
Panambur_Beach,2030-10-14,1.3408,8.5333,235.6667,20.7,6.975,0.4271,2.66,12.9482,74.8074,Moderate
Sasihithlu_Beach,2030-10-14,1.3058,8.5062,235.6667,16.5,7.1833,0.4271,2.66,13.0189,74.7932,Low
Ullal_Beach,2030-10-14,1.335,8.4833,235.25,15.3,6.3667,0.4271,1.85,12.8153,74.8451,High
Panambur_Beach,2030-10-15,1.1908,8.5458,239.8333,8.1,4.4375,0.3967,2.66,12.9482,74.8074,Moderate
Sasihithlu_Beach,2030-10-15,1.16,8.5229,239.9583,7.8,4.3833,0.3967,2.66,13.0189,74.7932,Low
Ullal_Beach,2030-10-15,1.175,8.4812,239.7083,6.5,4.7375,0.3967,1.85,12.8153,74.8451,High
Panambur_Beach,2030-10-16,1.1633,8.9625,241.5417,12.2,3.5417,0.405,2.66,12.9482,74.8074,Moderate
Sasihithlu_Beach,2030-10-16,1.1433,8.9625,241.5417,10.5,3.5042,0.405,2.66,13.0189,74.7932,Low
Ullal_Beach,2030-10-16,1.1492,8.8542,241.4167,11.8,4.2375,0.405,1.85,12.8153,74.8451,High
Panambur_Beach,2030-10-17,1.1733,10.2604,232.75,5.1,6.0542,0.4379,2.66,12.9482,74.8074,Moderate
Sasihithlu_Beach,2030-10-17,1.1583,10.2604,232.625,5.0,6.0083,0.4379,2.66,13.0189,74.7932,Low
Ullal_Beach,2030-10-17,1.1567,10.0375,232.875,4.9,5.9667,0.4379,1.85,12.8153,74.8451,High
Panambur_Beach,2030-10-18,1.1383,10.1667,226.3333,1.7,9.4375,0.4233,2.66,12.9482,74.8074,Moderate
Sasihithlu_Beach,2030-10-18,1.1092,10.1729,226.2083,1.2,9.8458,0.4233,2.66,13.0189,74.7932,Low
Ullal_Beach,2030-10-18,1.1225,9.9229,225.9583,1.4,8.6333,0.4233,1.85,12.8153,74.8451,High
Panambur_Beach,2030-10-19,1.0675,9.1854,221.875,5.9,10.6167,0.3679,2.66,12.9482,74.8074,Moderate
Sasihithlu_Beach,2030-10-19,1.035,9.2021,221.875,5.2,10.9375,0.3679,2.66,13.0189,74.7932,Low
Ullal_Beach,2030-10-19,1.0625,9.0354,220.9167,5.5,9.5708,0.3679,1.85,12.8153,74.8451,High
Panambur_Beach,2030-10-20,0.8917,8.9792,222.3333,1.4,6.7917,0.3042,2.66,12.9482,74.8074,Moderate
Sasihithlu_Beach,2030-10-20,0.8567,8.9688,222.4583,1.5,6.6167,0.3042,2.66,13.0189,74.7932,Low
Ullal_Beach,2030-10-20,0.8858,8.9104,221.2083,2.8,6.1917,0.3042,1.85,12.8153,74.8451,High
Panambur_Beach,2030-10-21,0.7992,9.2417,223.4167,6.6,5.2708,0.3221,2.66,12.9482,74.8074,Moderate
Sasihithlu_Beach,2030-10-21,0.7783,9.2542,223.1667,6.7,5.2583,0.3221,2.66,13.0189,74.7932,Low
Ullal_Beach,2030-10-21,0.7992,9.0042,222.5,4.5,5.7458,0.3221,1.85,12.8153,74.8451,High
Panambur_Beach,2030-10-22,0.76,9.9479,220.9167,6.3,4.4708,0.3229,2.66,12.9482,74.8074,Moderate
Sasihithlu_Beach,2030-10-22,0.735,9.9875,221.0417,7.4,4.6625,0.3229,2.66,13.0189,74.7932,Low
Ullal_Beach,2030-10-22,0.7575,9.5708,220.6667,3.5,4.9625,0.3229,1.85,12.8153,74.8451,High
Panambur_Beach,2030-10-23,0.785,9.9479,223.8333,1.7,5.25,0.3417,2.66,12.9482,74.8074,Moderate
Sasihithlu_Beach,2030-10-23,0.765,9.9562,223.4583,1.6,5.2042,0.3417,2.66,13.0189,74.7932,Low
Ullal_Beach,2030-10-23,0.7733,9.6708,223.5,0.9,5.9083,0.3417,1.85,12.8153,74.8451,High
Panambur_Beach,2030-10-24,0.6858,9.2562,223.5833,10.2,5.6417,0.3667,2.66,12.9482,74.8074,Moderate
Sasihithlu_Beach,2030-10-24,0.6667,9.2188,223.7083,8.4,5.8,0.3667,2.66,13.0189,74.7932,Low
Ullal_Beach,2030-10-24,0.695,9.1896,223.3333,9.8,5.7708,0.3667,1.85,12.8153,74.8451,High
Panambur_Beach,2030-10-25,0.5892,9.1458,213.0,9.6,7.5292,0.3846,2.66,12.9482,74.8074,Moderate
Sasihithlu_Beach,2030-10-25,0.5708,9.1146,214.0833,9.2,7.7042,0.3846,2.66,13.0189,74.7932,Low
Ullal_Beach,2030-10-25,0.5992,9.0208,211.3333,9.8,6.7583,0.3846,1.85,12.8153,74.8451,High
Panambur_Beach,2030-10-26,0.5417,8.9229,202.5417,1.1,7.55,0.4529,2.66,12.9482,74.8074,Moderate
Sasihithlu_Beach,2030-10-26,0.5167,8.9146,203.7917,1.2,7.5375,0.4529,2.66,13.0189,74.7932,Low
Ullal_Beach,2030-10-26,0.5575,8.8479,200.9583,3.5,7.1708,0.4529,1.85,12.8153,74.8451,High
Panambur_Beach,2030-10-27,0.5733,8.7021,198.7083,1.2,6.1167,0.4904,2.66,12.9482,74.8074,Moderate
Sasihithlu_Beach,2030-10-27,0.535,8.6958,199.5,1.6,5.9792,0.4904,2.66,13.0189,74.7932,Low
Ullal_Beach,2030-10-27,0.5892,8.6458,197.375,1.6,6.4083,0.4904,1.85,12.8153,74.8451,High
Panambur_Beach,2030-10-28,0.5725,8.8167,197.7083,1.5,5.9167,0.4921,2.66,12.9482,74.8074,Moderate
Sasihithlu_Beach,2030-10-28,0.5342,8.8458,198.0417,1.5,5.8875,0.4921,2.66,13.0189,74.7932,Low
Ullal_Beach,2030-10-28,0.5983,8.7062,196.625,1.7,6.1958,0.4921,1.85,12.8153,74.8451,High
Panambur_Beach,2030-10-29,0.5325,8.6354,204.2917,3.5,6.3458,0.4796,2.66,12.9482,74.8074,Moderate
Sasihithlu_Beach,2030-10-29,0.5133,8.7313,204.8333,5.0,7.0125,0.4796,2.66,13.0189,74.7932,Low
Ullal_Beach,2030-10-29,0.5325,8.4521,203.9583,3.7,6.2083,0.4796,1.85,12.8153,74.8451,High
Panambur_Beach,2030-10-30,0.5917,9.5979,210.7917,1.1,6.5542,0.4662,2.66,12.9482,74.8074,Moderate
Sasihithlu_Beach,2030-10-30,0.5675,9.6792,211.25,0.8,6.8375,0.4662,2.66,13.0189,74.7932,Low
Ullal_Beach,2030-10-30,0.5792,9.3,210.5417,0.9,6.4458,0.4662,1.85,12.8153,74.8451,High
Panambur_Beach,2030-10-31,0.6217,9.7,209.75,0.1,6.0625,0.4558,2.66,12.9482,74.8074,Moderate
Sasihithlu_Beach,2030-10-31,0.59,9.7708,209.9167,0.3,6.1375,0.4558,2.66,13.0189,74.7932,Low
Ullal_Beach,2030-10-31,0.6258,9.4375,209.25,0.0,6.5208,0.4558,1.85,12.8153,74.8451,High
Panambur_Beach,2030-11-01,0.5783,9.3104,208.4583,15.4,5.1708,0.4658,2.66,12.9482,74.8074,Moderate
Sasihithlu_Beach,2030-11-01,0.5525,9.3208,208.9167,8.3,4.8292,0.4658,2.66,13.0189,74.7932,Low
Ullal_Beach,2030-11-01,0.5833,9.1646,207.4583,0.1,6.0,0.4658,1.85,12.8153,74.8451,High
Panambur_Beach,2030-11-02,0.625,9.3062,244.8333,0.0,7.075,0.4025,2.66,12.9482,74.8074,Moderate
Sasihithlu_Beach,2030-11-02,0.5917,9.4,244.7083,0.0,6.0375,0.4025,2.66,13.0189,74.7932,Low
Ullal_Beach,2030-11-02,0.6442,8.9438,245.9167,0.0,9.725,0.4025,1.85,12.8153,74.8451,High
Panambur_Beach,2030-11-03,0.7092,6.6062,302.0833,0.1,8.025,0.5092,2.66,12.9482,74.8074,Low
Sasihithlu_Beach,2030-11-03,0.6825,6.5917,300.8333,0.3,7.6833,0.5092,2.66,13.0189,74.7932,Low
Ullal_Beach,2030-11-03,0.73,6.5312,303.6667,0.5,7.8917,0.5092,1.85,12.8153,74.8451,Moderate
Panambur_Beach,2030-11-04,0.7075,7.3333,281.2083,0.0,8.1458,0.4875,2.66,12.9482,74.8074,Low
Sasihithlu_Beach,2030-11-04,0.6767,7.275,281.625,0.0,8.2875,0.4875,2.66,13.0189,74.7932,Low
Ullal_Beach,2030-11-04,0.7217,7.2812,282.0,0.0,8.1625,0.4875,1.85,12.8153,74.8451,High
Panambur_Beach,2030-11-05,0.5933,7.6083,236.2917,0.0,9.4708,0.5017,2.66,12.9482,74.8074,Moderate
Sasihithlu_Beach,2030-11-05,0.5533,7.5729,237.3333,0.0,9.5042,0.5017,2.66,13.0189,74.7932,Low
Ullal_Beach,2030-11-05,0.605,7.4396,236.9583,0.0,9.3542,0.5017,1.85,12.8153,74.8451,High
Panambur_Beach,2030-11-06,0.8183,8.4167,232.875,1.3,10.65,0.4725,2.66,12.9482,74.8074,Moderate
Sasihithlu_Beach,2030-11-06,0.7883,8.4229,234.0417,2.3,10.4208,0.4725,2.66,13.0189,74.7932,Low
Ullal_Beach,2030-11-06,0.8258,8.2417,232.9167,0.7,9.7667,0.4725,1.85,12.8153,74.8451,High
Panambur_Beach,2030-11-07,1.73,8.6021,258.0833,34.5,6.6625,0.475,2.66,12.9482,74.8074,Moderate
Sasihithlu_Beach,2030-11-07,1.69,8.6312,257.5833,34.3,6.9,0.475,2.66,13.0189,74.7932,Low
Ullal_Beach,2030-11-07,1.7367,8.5,258.7083,25.1,6.2333,0.475,1.85,12.8153,74.8451,High
Panambur_Beach,2030-11-08,1.9125,9.1562,260.0,13.2,7.9833,0.3833,2.66,12.9482,74.8074,Moderate
Sasihithlu_Beach,2030-11-08,1.8825,9.1646,259.125,15.3,7.5875,0.3833,2.66,13.0189,74.7932,Low
Ullal_Beach,2030-11-08,1.89,9.1063,260.5833,10.9,7.7292,0.3833,1.85,12.8153,74.8451,High
Panambur_Beach,2030-11-09,1.4717,8.0625,270.5417,0.8,14.6167,0.3104,2.66,12.9482,74.8074,Moderate
Sasihithlu_Beach,2030-11-09,1.4333,8.0979,269.9167,0.7,14.0333,0.3104,2.66,13.0189,74.7932,Low
Ullal_Beach,2030-11-09,1.4833,7.9542,271.5417,1.0,14.325,0.3104,1.85,12.8153,74.8451,High
Panambur_Beach,2030-11-10,1.5892,7.7562,258.5,12.0,7.8625,0.2596,2.66,12.9482,74.8074,Moderate
Sasihithlu_Beach,2030-11-10,1.5558,7.7562,258.375,12.5,7.575,0.2596,2.66,13.0189,74.7932,Low
Ullal_Beach,2030-11-10,1.5942,7.7333,258.75,9.3,8.575,0.2596,1.85,12.8153,74.8451,High
Panambur_Beach,2030-11-11,1.4075,7.7854,223.4583,20.8,14.5083,0.45,2.66,12.9482,74.8074,Moderate
Sasihithlu_Beach,2030-11-11,1.3517,7.8292,222.9583,28.2,14.7083,0.45,2.66,13.0189,74.7932,Low
Ullal_Beach,2030-11-11,1.4217,7.6312,223.2083,12.6,14.1083,0.45,1.85,12.8153,74.8451,High
Panambur_Beach,2030-11-12,0.4775,9.7667,195.4167,0.0,7.8125,0.5254,2.66,12.9482,74.8074,Moderate
Sasihithlu_Beach,2030-11-12,0.4425,9.7333,196.75,0.0,7.8208,0.5254,2.66,13.0189,74.7932,Low
Ullal_Beach,2030-11-12,0.4875,9.7354,193.4167,0.0,7.5208,0.5254,1.85,12.8153,74.8451,High
Panambur_Beach,2030-11-13,0.7333,8.2188,288.5,0.0,8.0333,0.5296,2.66,12.9482,74.8074,Low
Sasihithlu_Beach,2030-11-13,0.6975,8.275,286.7083,0.0,7.6125,0.5296,2.66,13.0189,74.7932,Low
Ullal_Beach,2030-11-13,0.77,7.9854,291.75,0.0,9.0625,0.5296,1.85,12.8153,74.8451,Moderate
Panambur_Beach,2030-11-14,0.5292,9.3521,207.0,2.9,7.1542,0.5421,2.66,12.9482,74.8074,Moderate
Sasihithlu_Beach,2030-11-14,0.4967,9.4562,208.5417,3.9,6.6792,0.5421,2.66,13.0189,74.7932,Low
Ullal_Beach,2030-11-14,0.5425,8.9479,205.3333,6.1,7.8542,0.5421,1.85,12.8153,74.8451,High
Panambur_Beach,2030-11-15,0.5175,10.7229,206.625,19.4,6.4875,0.5071,2.66,12.9482,74.8074,Moderate
Sasihithlu_Beach,2030-11-15,0.49,10.9417,207.0833,8.9,6.1458,0.5071,2.66,13.0189,74.7932,Low
Ullal_Beach,2030-11-15,0.525,10.1583,205.375,4.6,6.525,0.5071,1.85,12.8153,74.8451,High
Panambur_Beach,2030-11-16,0.5,11.0042,202.8333,4.6,5.85,0.5121,2.66,12.9482,74.8074,Moderate
Sasihithlu_Beach,2030-11-16,0.4825,11.1667,203.4583,3.8,5.6917,0.5121,2.66,13.0189,74.7932,Low
Ullal_Beach,2030-11-16,0.505,10.5708,201.6667,1.7,6.4875,0.5121,1.85,12.8153,74.8451,High
Panambur_Beach,2030-11-17,0.4883,10.5812,199.2083,13.0,6.1708,0.5183,2.66,12.9482,74.8074,Moderate
Sasihithlu_Beach,2030-11-17,0.46,10.6271,199.875,10.4,6.5083,0.5183,2.66,13.0189,74.7932,Low
Ullal_Beach,2030-11-17,0.5033,10.3688,197.7917,2.4,7.4917,0.5183,1.85,12.8153,74.8451,High
Panambur_Beach,2030-11-18,0.4725,9.7208,204.25,4.5,6.6375,0.5371,2.66,12.9482,74.8074,Moderate
Sasihithlu_Beach,2030-11-18,0.4442,9.8146,205.0833,1.7,5.6875,0.5371,2.66,13.0189,74.7932,Low
Ullal_Beach,2030-11-18,0.48,9.5479,202.5833,1.3,7.9917,0.5371,1.85,12.8153,74.8451,High
Panambur_Beach,2030-11-19,0.5083,9.6625,207.375,0.2,7.425,0.5788,2.66,12.9482,74.8074,Moderate
Sasihithlu_Beach,2030-11-19,0.4808,9.7521,208.4167,0.2,6.4625,0.5788,2.66,13.0189,74.7932,Low
Ullal_Beach,2030-11-19,0.5275,9.0771,203.9583,0.2,9.0333,0.5788,1.85,12.8153,74.8451,High
Panambur_Beach,2030-11-20,0.5342,10.4042,210.125,0.5,7.4583,0.5833,2.66,12.9482,74.8074,Moderate
Sasihithlu_Beach,2030-11-20,0.5133,10.5625,210.25,0.8,6.8083,0.5833,2.66,13.0189,74.7932,Low
Ullal_Beach,2030-11-20,0.5308,9.8667,209.0833,0.0,8.2833,0.5833,1.85,12.8153,74.8451,High
Panambur_Beach,2030-11-21,0.5992,9.7521,218.6667,0.0,10.0583,0.5838,2.66,12.9482,74.8074,Moderate
Sasihithlu_Beach,2030-11-21,0.5642,10.0479,220.4167,0.0,9.2417,0.5838,2.66,13.0189,74.7932,Low
Ullal_Beach,2030-11-21,0.61,8.9958,217.0,0.0,11.55,0.5838,1.85,12.8153,74.8451,High
Panambur_Beach,2030-11-22,0.6142,10.7438,208.3333,0.0,9.3875,0.5938,2.66,12.9482,74.8074,Moderate
Sasihithlu_Beach,2030-11-22,0.5867,10.8708,208.5417,0.0,9.2458,0.5938,2.66,13.0189,74.7932,Low
Ullal_Beach,2030-11-22,0.6025,10.3042,208.25,0.1,9.5625,0.5938,1.85,12.8153,74.8451,High
Panambur_Beach,2030-11-23,0.6067,11.2229,204.2083,0.0,5.9583,0.5975,2.66,12.9482,74.8074,Moderate
Sasihithlu_Beach,2030-11-23,0.5783,11.3312,204.5833,0.0,6.1792,0.5975,2.66,13.0189,74.7932,Low
Ullal_Beach,2030-11-23,0.6042,10.9,203.625,0.0,6.9875,0.5975,1.85,12.8153,74.8451,High
Panambur_Beach,2030-11-24,0.6125,10.4625,210.7083,0.0,8.2125,0.5746,2.66,12.9482,74.8074,Moderate
Sasihithlu_Beach,2030-11-24,0.5842,10.5062,211.625,0.0,7.7917,0.5746,2.66,13.0189,74.7932,Low
Ullal_Beach,2030-11-24,0.6042,10.3167,209.375,0.0,8.7417,0.5746,1.85,12.8153,74.8451,High
Panambur_Beach,2030-11-25,0.6483,8.4896,230.1667,0.0,7.5208,0.5567,2.66,12.9482,74.8074,Moderate
Sasihithlu_Beach,2030-11-25,0.6083,8.4875,230.125,0.0,6.9708,0.5567,2.66,13.0189,74.7932,Low
Ullal_Beach,2030-11-25,0.6617,8.2771,230.9583,0.0,7.8125,0.5567,1.85,12.8153,74.8451,High
Panambur_Beach,2030-11-26,0.53,8.8604,208.2083,0.0,7.9167,0.5617,2.66,12.9482,74.8074,Moderate
Sasihithlu_Beach,2030-11-26,0.5042,8.8583,210.6667,0.0,6.9792,0.5617,2.66,13.0189,74.7932,Low
Ullal_Beach,2030-11-26,0.5383,8.6646,204.7083,0.0,8.1833,0.5617,1.85,12.8153,74.8451,High
Panambur_Beach,2030-11-27,0.5017,7.6688,223.5,0.0,9.5708,0.5604,2.66,12.9482,74.8074,Moderate
Sasihithlu_Beach,2030-11-27,0.4833,7.5833,226.9167,0.0,8.7167,0.5604,2.66,13.0189,74.7932,Low
Ullal_Beach,2030-11-27,0.5158,7.6458,221.0417,0.0,9.4417,0.5604,1.85,12.8153,74.8451,High
Panambur_Beach,2030-11-28,0.4492,7.2083,233.7917,0.0,9.2708,0.5442,2.66,12.9482,74.8074,Moderate
Sasihithlu_Beach,2030-11-28,0.4275,7.1562,239.625,0.0,8.5417,0.5442,2.66,13.0189,74.7932,Low
Ullal_Beach,2030-11-28,0.4692,6.8896,227.4167,0.0,10.15,0.5442,1.85,12.8153,74.8451,High
Panambur_Beach,2030-11-29,0.5533,7.3896,271.25,0.0,7.8833,0.5083,2.66,12.9482,74.8074,Low
Sasihithlu_Beach,2030-11-29,0.5267,7.3583,273.2083,0.0,7.3375,0.5083,2.66,13.0189,74.7932,Low
Ullal_Beach,2030-11-29,0.5567,7.2938,270.4583,0.0,7.6292,0.5083,1.85,12.8153,74.8451,High
Panambur_Beach,2030-11-30,0.5075,7.6479,260.25,0.0,9.3458,0.4754,2.66,12.9482,74.8074,Low
Sasihithlu_Beach,2030-11-30,0.4742,7.7771,257.75,0.0,8.2833,0.4754,2.66,13.0189,74.7932,Low
Ullal_Beach,2030-11-30,0.5467,7.1812,265.0417,0.0,8.7792,0.4754,1.85,12.8153,74.8451,High
Panambur_Beach,2030-12-01,0.6092,6.4625,278.5833,0.0,8.4958,0.4271,2.66,12.9482,74.8074,Low
Sasihithlu_Beach,2030-12-01,0.575,6.4542,278.4583,0.0,7.2708,0.4271,2.66,13.0189,74.7932,Low
Ullal_Beach,2030-12-01,0.6292,6.3896,279.9167,0.0,8.0542,0.4271,1.85,12.8153,74.8451,High
Panambur_Beach,2030-12-02,0.5692,8.0417,234.7917,0.0,8.825,0.4258,2.66,12.9482,74.8074,Moderate
Sasihithlu_Beach,2030-12-02,0.5342,8.25,238.4583,0.0,7.1292,0.4258,2.66,13.0189,74.7932,Low
Ullal_Beach,2030-12-02,0.5892,7.8083,238.25,0.0,11.775,0.4258,1.85,12.8153,74.8451,High
Panambur_Beach,2030-12-03,0.6858,6.3875,305.4583,0.0,7.8667,0.5533,2.66,12.9482,74.8074,Low
Sasihithlu_Beach,2030-12-03,0.6675,6.3625,304.7083,0.0,7.7708,0.5533,2.66,13.0189,74.7932,Low
Ullal_Beach,2030-12-03,0.7017,6.3167,306.875,0.0,8.9083,0.5533,1.85,12.8153,74.8451,Moderate
Panambur_Beach,2030-12-04,0.6442,7.0229,273.9583,0.0,9.6625,0.5108,2.66,12.9482,74.8074,Low
Sasihithlu_Beach,2030-12-04,0.6117,6.9667,274.2917,0.0,9.9417,0.5108,2.66,13.0189,74.7932,Low
Ullal_Beach,2030-12-04,0.6567,6.9375,275.0,0.0,9.3958,0.5108,1.85,12.8153,74.8451,High
Panambur_Beach,2030-12-05,0.5267,7.9542,232.0417,0.0,9.45,0.4737,2.66,12.9482,74.8074,Moderate
Sasihithlu_Beach,2030-12-05,0.5008,7.975,232.9583,0.1,9.5625,0.4737,2.66,13.0189,74.7932,Low
Ullal_Beach,2030-12-05,0.5492,7.6958,232.25,0.0,9.0458,0.4737,1.85,12.8153,74.8451,High
Panambur_Beach,2030-12-06,0.775,7.9854,236.1667,2.0,8.6292,0.4558,2.66,12.9482,74.8074,Moderate
Sasihithlu_Beach,2030-12-06,0.7375,7.9812,237.0417,2.4,8.1875,0.4558,2.66,13.0189,74.7932,Low
Ullal_Beach,2030-12-06,0.785,7.8708,236.25,5.9,8.0167,0.4558,1.85,12.8153,74.8451,High
Panambur_Beach,2030-12-07,1.615,8.9271,257.4583,27.7,4.7625,0.327,2.66,12.9482,74.8074,Moderate
Sasihithlu_Beach,2030-12-07,1.58,8.9188,257.4583,25.8,5.6083,0.327,2.66,13.0189,74.7932,Low
Ullal_Beach,2030-12-07,1.6067,8.8354,258.125,31.1,4.2292,0.327,1.85,12.8153,74.8451,High
Panambur_Beach,2030-12-08,1.7492,9.0396,264.5,29.5,8.3708,0.3825,2.66,12.9482,74.8074,Moderate
Sasihithlu_Beach,2030-12-08,1.7242,9.0438,264.2083,36.1,7.1542,0.3825,2.66,13.0189,74.7932,Low
Ullal_Beach,2030-12-08,1.7292,8.9542,264.9167,26.8,8.025,0.3825,1.85,12.8153,74.8451,High
Panambur_Beach,2030-12-09,1.395,7.6917,276.25,0.6,15.6083,0.2896,2.66,12.9482,74.8074,Low
Sasihithlu_Beach,2030-12-09,1.3658,7.7562,275.25,0.4,15.0542,0.2896,2.66,13.0189,74.7932,Low
Ullal_Beach,2030-12-09,1.4225,7.4896,278.0833,0.9,15.4458,0.2896,1.85,12.8153,74.8451,High
Panambur_Beach,2030-12-10,1.5633,7.8188,262.0417,11.1,6.9,0.225,2.66,12.9482,74.8074,Moderate
Sasihithlu_Beach,2030-12-10,1.5317,7.825,261.7917,9.3,6.7125,0.225,2.66,13.0189,74.7932,Low
Ullal_Beach,2030-12-10,1.5608,7.7729,262.75,4.0,6.625,0.225,1.85,12.8153,74.8451,High
Panambur_Beach,2030-12-11,1.3067,8.3917,230.5,22.5,9.5583,0.4283,2.66,12.9482,74.8074,Moderate
Sasihithlu_Beach,2030-12-11,1.2692,8.3792,230.0833,21.8,9.7167,0.4283,2.66,13.0189,74.7932,Low
Ullal_Beach,2030-12-11,1.2875,8.2938,230.4167,30.5,8.8583,0.4283,1.85,12.8153,74.8451,High
Panambur_Beach,2030-12-12,0.5875,9.1792,204.9167,0.0,5.9542,0.5404,2.66,12.9482,74.8074,Moderate
Sasihithlu_Beach,2030-12-12,0.5517,9.1792,206.375,0.1,5.9833,0.5404,2.66,13.0189,74.7932,Low
Ullal_Beach,2030-12-12,0.6042,9.0438,203.6667,0.0,5.8417,0.5404,1.85,12.8153,74.8451,High
Panambur_Beach,2030-12-13,0.6767,8.1771,263.9583,0.0,6.175,0.5242,2.66,12.9482,74.8074,Low
Sasihithlu_Beach,2030-12-13,0.6425,8.1312,263.5417,0.0,6.1292,0.5242,2.66,13.0189,74.7932,Low
Ullal_Beach,2030-12-13,0.7117,7.9667,265.9583,0.3,7.725,0.5242,1.85,12.8153,74.8451,High
Panambur_Beach,2030-12-14,0.6192,7.6292,263.2083,2.6,4.4583,0.5458,2.66,12.9482,74.8074,Low
Sasihithlu_Beach,2030-12-14,0.59,7.5896,266.4167,1.6,3.925,0.5458,2.66,13.0189,74.7932,Low
Ullal_Beach,2030-12-14,0.6433,7.5208,263.7917,0.7,7.975,0.5458,1.85,12.8153,74.8451,High
Panambur_Beach,2030-12-15,0.6842,8.5542,271.3333,0.2,8.55,0.5462,2.66,12.9482,74.8074,Low
Sasihithlu_Beach,2030-12-15,0.65,8.7292,269.8333,0.2,7.9208,0.5462,2.66,13.0189,74.7932,Low
Ullal_Beach,2030-12-15,0.7208,8.1354,275.9583,0.3,10.2542,0.5462,1.85,12.8153,74.8451,High
Panambur_Beach,2030-12-16,0.6575,8.3146,235.375,0.0,7.0208,0.5275,2.66,12.9482,74.8074,Moderate
Sasihithlu_Beach,2030-12-16,0.6133,8.5458,234.9583,0.0,6.7208,0.5275,2.66,13.0189,74.7932,Low
Ullal_Beach,2030-12-16,0.7083,7.6812,235.5833,0.0,10.0333,0.5275,1.85,12.8153,74.8451,High
Panambur_Beach,2030-12-17,0.6183,10.0375,213.4583,0.0,8.5542,0.5171,2.66,12.9482,74.8074,Moderate
Sasihithlu_Beach,2030-12-17,0.5758,10.4271,214.5,0.0,8.3792,0.5171,2.66,13.0189,74.7932,Low
Ullal_Beach,2030-12-17,0.6367,9.3167,212.2083,0.0,10.7542,0.5171,1.85,12.8153,74.8451,High
Panambur_Beach,2030-12-18,0.5675,11.1854,208.7083,0.0,8.05,0.5662,2.66,12.9482,74.8074,Moderate
Sasihithlu_Beach,2030-12-18,0.5392,11.3188,208.9167,0.0,7.4542,0.5662,2.66,13.0189,74.7932,Low
Ullal_Beach,2030-12-18,0.56,10.7062,208.4583,0.0,8.55,0.5662,1.85,12.8153,74.8451,High
Panambur_Beach,2030-12-19,0.5567,10.7042,211.9167,0.0,8.15,0.6175,2.66,12.9482,74.8074,Moderate
Sasihithlu_Beach,2030-12-19,0.5392,10.8146,212.0,0.0,7.5208,0.6175,2.66,13.0189,74.7932,Low
Ullal_Beach,2030-12-19,0.5592,10.2542,211.9167,0.0,8.3542,0.6175,1.85,12.8153,74.8451,High
Panambur_Beach,2030-12-20,0.6917,9.2125,231.2917,0.0,7.7,0.5721,2.66,12.9482,74.8074,Moderate
Sasihithlu_Beach,2030-12-20,0.6608,9.2979,230.9167,0.0,6.9875,0.5721,2.66,13.0189,74.7932,Low
Ullal_Beach,2030-12-20,0.7025,8.9354,232.3333,0.0,7.8583,0.5721,1.85,12.8153,74.8451,High
Panambur_Beach,2030-12-21,0.9858,6.6083,276.9583,0.0,12.2583,0.5175,2.66,12.9482,74.8074,Low
Sasihithlu_Beach,2030-12-21,0.94,6.6271,276.0417,0.0,11.6208,0.5175,2.66,13.0189,74.7932,Low
Ullal_Beach,2030-12-21,1.0142,6.4875,278.5,0.1,11.6167,0.5175,1.85,12.8153,74.8451,High
Panambur_Beach,2030-12-22,0.9325,5.9375,286.7917,0.1,11.8833,0.4942,2.66,12.9482,74.8074,Low
Sasihithlu_Beach,2030-12-22,0.8942,5.9438,285.75,0.0,11.3,0.4942,2.66,13.0189,74.7932,Low
Ullal_Beach,2030-12-22,0.9717,5.8208,289.2083,0.2,11.2375,0.4942,1.85,12.8153,74.8451,Moderate
Panambur_Beach,2030-12-23,0.6942,7.7771,256.1667,0.1,8.6375,0.4996,2.66,12.9482,74.8074,Low
Sasihithlu_Beach,2030-12-23,0.66,7.8083,255.5833,0.1,7.95,0.4996,2.66,13.0189,74.7932,Low
Ullal_Beach,2030-12-23,0.7,7.5125,257.5833,0.0,8.1167,0.4996,1.85,12.8153,74.8451,High
Panambur_Beach,2030-12-24,0.5867,9.2208,222.7083,0.2,7.3,0.5171,2.66,12.9482,74.8074,Moderate
Sasihithlu_Beach,2030-12-24,0.5658,9.2771,222.75,0.7,6.7417,0.5171,2.66,13.0189,74.7932,Low
Ullal_Beach,2030-12-24,0.6075,8.9229,222.9167,0.9,6.975,0.5171,1.85,12.8153,74.8451,High
Panambur_Beach,2030-12-25,0.5425,8.6542,222.0833,1.7,7.4458,0.5204,2.66,12.9482,74.8074,Moderate
Sasihithlu_Beach,2030-12-25,0.5175,8.6167,223.2083,2.0,6.7458,0.5204,2.66,13.0189,74.7932,Low
Ullal_Beach,2030-12-25,0.545,8.4521,221.5,2.6,7.3375,0.5204,1.85,12.8153,74.8451,High
Panambur_Beach,2030-12-26,0.6042,9.3917,233.2917,0.1,7.2708,0.5279,2.66,12.9482,74.8074,Moderate
Sasihithlu_Beach,2030-12-26,0.5817,9.4062,234.75,0.1,6.8458,0.5279,2.66,13.0189,74.7932,Low
Ullal_Beach,2030-12-26,0.6058,9.1333,232.7917,0.3,7.525,0.5279,1.85,12.8153,74.8451,High
Panambur_Beach,2030-12-27,0.7833,8.0354,274.5833,0.1,8.0833,0.5088,2.66,12.9482,74.8074,Low
Sasihithlu_Beach,2030-12-27,0.7417,8.0708,273.7917,0.1,7.5167,0.5088,2.66,13.0189,74.7932,Low
Ullal_Beach,2030-12-27,0.8108,7.85,277.4167,0.1,8.4042,0.5088,1.85,12.8153,74.8451,High
Panambur_Beach,2030-12-28,0.8325,6.7667,283.875,4.3,9.5542,0.5129,2.66,12.9482,74.8074,Low
Sasihithlu_Beach,2030-12-28,0.79,6.8167,284.0417,4.0,9.3833,0.5129,2.66,13.0189,74.7932,Low
Ullal_Beach,2030-12-28,0.865,6.6375,285.625,6.7,9.2042,0.5129,1.85,12.8153,74.8451,Moderate
Panambur_Beach,2030-12-29,0.6242,7.5833,266.1667,0.0,8.8375,0.5212,2.66,12.9482,74.8074,Low
Sasihithlu_Beach,2030-12-29,0.5917,7.5896,266.125,0.0,8.3417,0.5212,2.66,13.0189,74.7932,Low
Ullal_Beach,2030-12-29,0.6442,7.4438,267.7917,0.0,8.7333,0.5212,1.85,12.8153,74.8451,High
Panambur_Beach,2030-12-30,0.73,8.0771,286.0417,0.0,7.9917,0.5792,2.66,12.9482,74.8074,Low
Sasihithlu_Beach,2030-12-30,0.6942,8.0792,285.7917,0.0,7.2,0.5792,2.66,13.0189,74.7932,Low
Ullal_Beach,2030-12-30,0.7517,7.9208,287.5833,0.0,8.7083,0.5792,1.85,12.8153,74.8451,Moderate
Panambur_Beach,2030-12-31,0.6658,7.4146,285.3333,0.0,7.9542,0.6221,2.66,12.9482,74.8074,Low
Sasihithlu_Beach,2030-12-31,0.6433,7.3854,284.9583,0.0,7.075,0.6221,2.66,13.0189,74.7932,Low
Ullal_Beach,2030-12-31,0.6992,7.2958,287.2083,0.0,9.6542,0.6221,1.85,12.8153,74.8451,Moderate
